Page,Card No,Cruise Name,Cruise Tags,Offer,Ship,Duration,Departing From,Ending In,Sailing To,Destination Region,Holiday Theme,Price From (INR),Price From (USD),Guests,Number of Dates,Product ID,Sailing IDs,_ports_of_call_api,_raw_card_text
1,1,3-Night Cruise from Singapore,,Guaranteed with Restrictions,Disney Adventure,3 Nights,Singapore,,,Singapore,,"₹1,09,956","$1,141.50",2 Guests,64,3_singapore,DA0100 | DA0094 | DA0164 | DA0160 | DA0154 | DA0150 | DA0152 | DA0148 | DA0096 | DA0146 | DA0212 | DA0214 | DA0210 | DA0206 | DA0208 | DA0204 | DA0198 | DA0196 | DA0092 | DA0162 | DA0190 | DA0192 | DA0124 | DA0174 | DA0216 | DA0200 | DA0194 | DA0144 | DA0104 | DA0180 | DA0186 | DA0188 | DA0182 | DA0184 | DA0170 | DA0176 | DA0178 | DA0168 | DA0166 | DA0130 | DA0172 | DA0158 | DA0156 | DA0202 | DA0218 | DA0140 | DA0220 | DA0132 | DA0126 | DA0142 | DA0098 | DA0138 | DA0222 | DA0128 | DA0136 | DA0224 | DA0226 | DA0090 | DA0134 | DA0102 | DA0088 | DA0086 | DA0108 | DA0106,,"Guaranteed with Restrictions 
Disney Cruise Line will select your stateroom for you as part of this special offer. Learn More
3-Night Cruise from Singapore
What's Included on a Disney Cruise?
Price from*
₹1,09,956 INR
2 Guests
Rate Details & Gratuities
Show 64 Dates"
1,2,4-Night Cruise from Singapore,,Guaranteed with Restrictions,Disney Adventure,4 Nights,Singapore,,,Singapore,,"₹1,32,920","$1,379.90",2 Guests,38,4_singapore,DA0095 | DA0097 | DA0089 | DA0127 | DA0153 | DA0155 | DA0149 | DA0091 | DA0101 | DA0093 | DA0197 | DA0199 | DA0193 | DA0195 | DA0099 | DA0087 | DA0085 | DA0103 | DA0191 | DA0175 | DA0181 | DA0187 | DA0189 | DA0167 | DA0183 | DA0185 | DA0179 | DA0177 | DA0171 | DA0173 | DA0169 | DA0201 | DA0139 | DA0125 | DA0105 | DA0227 | DA0133 | DA0107,,"Guaranteed with Restrictions 
Disney Cruise Line will select your stateroom for you as part of this special offer. Learn More
4-Night Cruise from Singapore
What's Included on a Disney Cruise?
Price from*
₹1,32,920 INR
2 Guests
Rate Details & Gratuities
Show 38 Dates"
1,3,4-Night Langkawi Cruise from Singapore,,,Disney Adventure,4 Nights,Singapore,,"Langkawi, Malaysia",Singapore,,"₹1,47,692","$1,533.26",2 Guests,27,4_langkawi_singapore,DA0137 | DA0165 | DA0143 | DA0163 | DA0159 | DA0151 | DA0213 | DA0215 | DA0211 | DA0205 | DA0207 | DA0203 | DA0209 | DA0161 | DA0217 | DA0145 | DA0135 | DA0131 | DA0147 | DA0219 | DA0221 | DA0141 | DA0223 | DA0129 | DA0157 | DA0225 | DA0109,"Langkawi, Malaysia","4-Night Langkawi Cruise from Singapore
What's Included on a Disney Cruise?

Sailing to

Langkawi, Malaysia
Price from*
₹1,47,692 INR
2 Guests
Rate Details & Gratuities
Show 27 Dates"
1,4,3-Night Baja Cruise from San Diego,,Guaranteed with Restrictions,Disney Wonder,3 Nights,San Diego,,"Ensenada, Mexico",Mexican Riviera,,"₹1,18,303","$1,228.16",2 Guests,21,3_baja_san_diego,DW2239 | DW2237 | DW2230 | DW2211 | DW2308 | DW2318 | DW2226 | DW2302 | DW2314 | DW2241 | DW2329 | DW2316 | DW2304 | DW2309 | DW2311 | DW2244 | DW2235 | DW2326 | DW2323 | DW2321 | DW2325,"Ensenada, Mexico","Guaranteed with Restrictions 
Disney Cruise Line will select your stateroom for you as part of this special offer. Learn More
3-Night Baja Cruise from San Diego
What's Included on a Disney Cruise?

Sailing to

Ensenada, Mexico
Price from*
₹1,18,303 INR
2 Guests
Rate Details & Gratuities
Show 21 Dates"
1,5,4-Night Baja Cruise from San Diego,,Guaranteed with Restrictions,Disney Wonder,4 Nights,San Diego,,"Ensenada, Mexico",Mexican Riviera,,"₹1,24,776","$1,295.36",2 Guests,9,4_baja_san_diego,DW2231 | DW2238 | DW2225 | DW2242 | DW2289 | DW2252 | DW2310 | DW2245 | DW2247,"Ensenada, Mexico","Guaranteed with Restrictions 
Disney Cruise Line will select your stateroom for you as part of this special offer. Learn More
4-Night Baja Cruise from San Diego
What's Included on a Disney Cruise?

Sailing to

Ensenada, Mexico
Price from*
₹1,24,776 INR
2 Guests
Rate Details & Gratuities
Show 9 Dates"
2,6,3-Night Baja Cruise from San Diego,Very Merrytime,Guaranteed with Restrictions,Disney Wonder,3 Nights,San Diego,,"Ensenada, Mexico",Mexican Riviera,Very Merrytime,"₹1,29,140","$1,340.66",2 Guests,4,3_baja_san_diego_merrytime,DW2221 | DW2214 | DW2291 | DW2218,"Ensenada, Mexico","Very Merrytime
Guaranteed with Restrictions 
Disney Cruise Line will select your stateroom for you as part of this special offer. Learn More
3-Night Baja Cruise from San Diego
What's Included on a Disney Cruise?

Sailing to

Ensenada, Mexico
Price from*
₹1,29,140 INR
2 Guests
Rate Details & Gratuities
Show 4 Dates"
2,7,3-Night Baja Cruise from San Diego,,Guaranteed with Restrictions,Disney Wonder,3 Nights,San Diego,,"Catalina Island, California | Ensenada, Mexico",Mexican Riviera,,"₹1,31,479","$1,364.94",2 Guests,3,3_baja_san_diego,DW2232 | DW2228 | DW2246,"Catalina Island, California  | Ensenada, Mexico","Guaranteed with Restrictions 
Disney Cruise Line will select your stateroom for you as part of this special offer. Learn More
3-Night Baja Cruise from San Diego
What's Included on a Disney Cruise?

Sailing to

Catalina Island, CaliforniaEnsenada, Mexico
Price from*
₹1,31,479 INR
2 Guests
Rate Details & Gratuities
Show 3 Dates"
2,8,4-Night Baja Cruise from San Diego,,Guaranteed with Restrictions,Disney Wonder,4 Nights,San Diego,,"Catalina Island, California | Ensenada, Mexico",Mexican Riviera,,"₹1,39,377","$1,446.94",2 Guests,18,4_baja_san_diego,DW2229 | DW2233 | DW2212 | DW2306 | DW2303 | DW2240 | DW2330 | DW2315 | DW2290 | DW2324 | DW2307 | DW2313 | DW2236 | DW2319 | DW2327 | DW2328 | DW2320 | DW2322,"Catalina Island, California  | Ensenada, Mexico","Guaranteed with Restrictions 
Disney Cruise Line will select your stateroom for you as part of this special offer. Learn More
4-Night Baja Cruise from San Diego
What's Included on a Disney Cruise?

Sailing to

Catalina Island, CaliforniaEnsenada, Mexico
Price from*
₹1,39,377 INR
2 Guests
Rate Details & Gratuities
Show 18 Dates"
2,9,3-Night Bahamian Cruise from Fort Lauderdale,,Guaranteed with Restrictions,Disney Dream,3 Nights,Fort Lauderdale,,Disney Lookout Cay at Lighthouse Point,Bahamas,,"₹1,40,402","$1,457.58",2 Guests,3,3_bahamian_fort_lauderdale,DD1526 | DD1654 | DD1668,Disney Lookout Cay at Lighthouse Point,"Guaranteed with Restrictions 
Disney Cruise Line will select your stateroom for you as part of this special offer. Learn More
3-Night Bahamian Cruise from Fort Lauderdale
What's Included on a Disney Cruise?

Sailing to

Disney Lookout Cay at Lighthouse Point
Price from*
₹1,40,402 INR
2 Guests
Rate Details & Gratuities
Show 3 Dates"
2,10,4-Night Baja Cruise from San Diego,Very Merrytime,Guaranteed with Restrictions,Disney Wonder,4 Nights,San Diego,,"Ensenada, Mexico",Mexican Riviera,Very Merrytime,"₹1,46,093","$1,516.66",2 Guests,1,4_baja_san_diego_merrytime,DW2213,"Ensenada, Mexico","Very Merrytime
Guaranteed with Restrictions 
Disney Cruise Line will select your stateroom for you as part of this special offer. Learn More
4-Night Baja Cruise from San Diego
What's Included on a Disney Cruise?

Sailing to

Ensenada, Mexico
Price from*
₹1,46,093 INR
2 Guests
Rate Details & Gratuities
Show 1 Date"
3,11,3-Night Bahamian Cruise from Fort Lauderdale,Very Merrytime,Guaranteed with Restrictions,Disney Dream,3 Nights,Fort Lauderdale,,"Disney Lookout Cay at Lighthouse Point | Nassau, Bahamas",Bahamas,Very Merrytime,"₹1,47,763","$1,534.00",2 Guests,9,3_bahamian_fort_lauderdale_merrytime,DD1535 | DD1533 | DD1529 | DD1531 | DD1537 | DD1634 | DD1632 | DD1629 | DD1636,"Disney Lookout Cay at Lighthouse Point | Nassau, Bahamas","Very Merrytime
Guaranteed with Restrictions 
Disney Cruise Line will select your stateroom for you as part of this special offer. Learn More
3-Night Bahamian Cruise from Fort Lauderdale
What's Included on a Disney Cruise?

Sailing to

Disney Lookout Cay at Lighthouse PointNassau, Bahamas
Price from*
₹1,47,763 INR
2 Guests
Rate Details & Gratuities
Show 9 Dates"
3,12,4-Night Baja Cruise from San Diego,Very Merrytime,Guaranteed with Restrictions,Disney Wonder,4 Nights,San Diego,,"Catalina Island, California | Ensenada, Mexico",Mexican Riviera,Very Merrytime,"₹1,48,863","$1,545.42",2 Guests,6,4_baja_san_diego_merrytime,DW2219 | DW2292 | DW2298 | DW2220 | DW2293 | DW2222,"Catalina Island, California  | Ensenada, Mexico","Very Merrytime
Guaranteed with Restrictions 
Disney Cruise Line will select your stateroom for you as part of this special offer. Learn More
4-Night Baja Cruise from San Diego
What's Included on a Disney Cruise?

Sailing to

Catalina Island, CaliforniaEnsenada, Mexico
Price from*
₹1,48,863 INR
2 Guests
Rate Details & Gratuities
Show 6 Dates"
3,13,4-Night Baja Cruise from San Diego,Halloween on the High Seas,Guaranteed with Restrictions,Disney Wonder,4 Nights,San Diego,,"Ensenada, Mexico",Mexican Riviera,Halloween on the High Seas,"₹1,49,175","$1,548.66",2 Guests,1,4_baja_san_diego_halloween,DW2208,"Ensenada, Mexico","Halloween on the High Seas
Guaranteed with Restrictions 
Disney Cruise Line will select your stateroom for you as part of this special offer. Learn More
4-Night Baja Cruise from San Diego
What's Included on a Disney Cruise?

Sailing to

Ensenada, Mexico
Price from*
₹1,49,175 INR
2 Guests
Rate Details & Gratuities
Show 1 Date"
3,14,3-Night Baja Cruise from San Diego,Halloween on the High Seas,Guaranteed with Restrictions,Disney Magic | Disney Wonder,3 Nights,San Diego,,"Ensenada, Mexico",Mexican Riviera,Halloween on the High Seas,"₹1,53,992","$1,598.66",2 Guests,8,3_baja_san_diego_halloween,DM1755 | DM1816 | DW2280 | DW2284 | DW2282 | DM1820 | DW2206 | DM1753,"Ensenada, Mexico","Halloween on the High Seas
Guaranteed with Restrictions 
Disney Cruise Line will select your stateroom for you as part of this special offer. Learn More
3-Night Baja Cruise from San Diego
What's Included on a Disney Cruise?

Sailing to

Ensenada, Mexico
Price from*
₹1,53,992 INR
2 Guests
Rate Details & Gratuities
Show 8 Dates"
3,15,4-Night Pacific Coast Cruise from San Diego ending in Vancouver,One-Way Cruise,,Disney Wonder | Disney Magic,4 Nights,San Diego,Vancouver,"Vancouver (British Columbia), Canada",California Coast,,"₹1,59,577","$1,656.64",2 Guests,3,4_pacific_coast_san_diego_vancouver,DW2332 | DW2255 | DM1793,"Vancouver (British Columbia), Canada","One-Way Cruise
4-Night Pacific Coast Cruise from San Diego ending in Vancouver
What's Included on a Disney Cruise?

Sailing to

Vancouver (British Columbia), Canada
Price from*
₹1,59,577 INR
2 Guests
Rate Details & Gratuities
Show 3 Dates"
4,16,3-Night Bahamian Cruise from Fort Lauderdale,,,Disney Dream | Disney Destiny,3 Nights,Fort Lauderdale,,"Disney Lookout Cay at Lighthouse Point | Nassau, Bahamas",Bahamas,,"₹1,59,983","$1,660.86",2 Guests,26,3_bahamian_fort_lauderdale,DD1541 | DD1546 | DD1642 | DD1652 | DD1650 | DD1648 | DD1646 | DD1656 | DD1553 | DD1548 | DD1644 | DD1658 | DD1543 | DD1666 | DD1664 | DD1565 | DD1555 | DD1563 | DD1660 | DD1557 | WD0136 | DD1662 | DD1550 | DD1559 | DD1670 | DD1561,"Disney Lookout Cay at Lighthouse Point | Nassau, Bahamas","3-Night Bahamian Cruise from Fort Lauderdale
What's Included on a Disney Cruise?

Sailing to

Disney Lookout Cay at Lighthouse PointNassau, Bahamas
Price from*
₹1,59,983 INR
2 Guests
Rate Details & Gratuities
Show 26 Dates"
4,17,4-Night Pacific Coast Cruise from Vancouver ending in San Diego,One-Way Cruise,,Disney Wonder | Disney Magic,4 Nights,Vancouver,San Diego,"San Diego, California",California Coast,,"₹1,65,279","$1,715.84",2 Guests,2,4_pacific_coast_vancouver_san_diego,DW2278 | DM1813,"San Diego, California","One-Way Cruise
4-Night Pacific Coast Cruise from Vancouver ending in San Diego
What's Included on a Disney Cruise?

Sailing to

San Diego, California
Price from*
₹1,65,279 INR
2 Guests
Rate Details & Gratuities
Show 2 Dates"
4,18,4-Night Western Caribbean Cruise from Galveston,Very Merrytime,Guaranteed with Restrictions,Disney Magic,4 Nights,Galveston,,"Progreso, Mexico",Caribbean,Very Merrytime,"₹1,65,871","$1,721.98",2 Guests,5,4_western_caribbean_galveston_merrytime,DM1765 | DM1764 | DM1826 | DM1829 | DM1761,"Progreso, Mexico","Very Merrytime
Guaranteed with Restrictions 
Disney Cruise Line will select your stateroom for you as part of this special offer. Learn More
4-Night Western Caribbean Cruise from Galveston
What's Included on a Disney Cruise?

Sailing to

Progreso, Mexico
Price from*
₹1,65,871 INR
2 Guests
Rate Details & Gratuities
Show 5 Dates"
4,19,5-Night Mexican Riviera Cruise from San Diego,Halloween on the High Seas,Guaranteed with Restrictions,Disney Wonder | Disney Magic,5 Nights,San Diego,,"Cabo San Lucas, Mexico | Ensenada, Mexico",Mexican Riviera,Halloween on the High Seas,"₹1,67,121","$1,734.96",2 Guests,4,5_mexican_riviera_san_diego_halloween,DW2209 | DM1756 | DW2287 | DM1819,"Cabo San Lucas, Mexico | Ensenada, Mexico","Halloween on the High Seas
Guaranteed with Restrictions 
Disney Cruise Line will select your stateroom for you as part of this special offer. Learn More
5-Night Mexican Riviera Cruise from San Diego
What's Included on a Disney Cruise?

Sailing to

Cabo San Lucas, MexicoEnsenada, Mexico
Price from*
₹1,67,121 INR
2 Guests
Rate Details & Gratuities
Show 4 Dates"
4,20,3-Night Bahamian Cruise from Port Canaveral,,Guaranteed with Restrictions,Disney Wish | Disney Fantasy | Disney Dream,3 Nights,Port Canaveral,,"Nassau, Bahamas | Disney Castaway Cay",Bahamas,,"₹1,68,575","$1,750.06",2 Guests,56,3_bahamian_port_canaveral,WW0526 | DF0851 | WW0550 | WW0544 | WW0548 | WW0556 | WW0558 | DD1604 | DD1569 | DD1570 | DD1602 | WW0552 | WW0625 | DD1572 | WW0629 | DD1600 | DD1574 | WW0573 | WW0572 | WW0635 | WW0621 | DD1624 | DD1606 | WW0606 | WW0570 | WW0631 | WW0560 | WW0653 | WW0574 | WW0633 | WW0655 | WW0651 | WW0623 | WW0568 | WW0562 | WW0546 | WW0564 | WW0637 | WW0554 | DD1576 | WW0645 | DD1580 | DD1582 | WW0639 | WW0641 | DD1596 | DD1584 | DD1592 | DD1594 | DD1590 | DD1578 | WW0647 | DD1588 | WW0566 | WW0649 | WW0541,"Nassau, Bahamas | Disney Castaway Cay","Guaranteed with Restrictions 
Disney Cruise Line will select your stateroom for you as part of this special offer. Learn More
3-Night Bahamian Cruise from Port Canaveral
What's Included on a Disney Cruise?

Sailing to

Nassau, BahamasDisney Castaway Cay
Price from*
₹1,68,575 INR
2 Guests
Rate Details & Gratuities
Show 56 Dates"
5,21,4-Night Bahamian Cruise from Fort Lauderdale,Halloween on the High Seas,Guaranteed with Restrictions,Disney Dream | Disney Destiny,4 Nights,Fort Lauderdale,,"Nassau, Bahamas | Disney Lookout Cay at Lighthouse Point",Bahamas,Halloween on the High Seas,"₹1,69,726","$1,762.00",2 Guests,4,4_bahamian_fort_lauderdale_halloween,DD1523 | WD0145 | WD0151 | WD0148,"Nassau, Bahamas | Disney Lookout Cay at Lighthouse Point","Halloween on the High Seas
Guaranteed with Restrictions 
Disney Cruise Line will select your stateroom for you as part of this special offer. Learn More
4-Night Bahamian Cruise from Fort Lauderdale
What's Included on a Disney Cruise?

Sailing to

Nassau, BahamasDisney Lookout Cay at Lighthouse Point
Price from*
₹1,69,726 INR
2 Guests
Rate Details & Gratuities
Show 4 Dates"
5,22,4-Night Western Caribbean Cruise from Galveston,,,Disney Magic,4 Nights,Galveston,,"Progreso, Mexico",Caribbean,,"₹1,74,663","$1,813.26",2 Guests,13,4_western_caribbean_galveston,DM1833 | DM1771 | DM1835 | DM1839 | DM1843 | DM1770 | DM1769 | DM1790 | DM1787 | DM1784 | DM1848 | DM1846 | DM1824,"Progreso, Mexico","4-Night Western Caribbean Cruise from Galveston
What's Included on a Disney Cruise?

Sailing to

Progreso, Mexico
Price from*
₹1,74,663 INR
2 Guests
Rate Details & Gratuities
Show 13 Dates"
5,23,4-Night Bahamian Cruise from Fort Lauderdale,Halloween on the High Seas,Guaranteed with Restrictions,Disney Dream | Disney Destiny,4 Nights,Fort Lauderdale,,Disney Lookout Cay at Lighthouse Point | Disney Castaway Cay,Bahamas,Halloween on the High Seas,"₹1,75,328","$1,820.16",2 Guests,2,4_bahamian_fort_lauderdale_halloween,DD1521 | WD0141,Disney Lookout Cay at Lighthouse Point | Disney Castaway Cay,"Halloween on the High Seas
Guaranteed with Restrictions 
Disney Cruise Line will select your stateroom for you as part of this special offer. Learn More
4-Night Bahamian Cruise from Fort Lauderdale
What's Included on a Disney Cruise?

Sailing to

Disney Lookout Cay at Lighthouse PointDisney Castaway Cay
Price from*
₹1,75,328 INR
2 Guests
Rate Details & Gratuities
Show 2 Dates"
5,24,3-Night Bahamian Cruise from Fort Lauderdale,Halloween on the High Seas,,Disney Dream | Disney Destiny,3 Nights,Fort Lauderdale,,"Disney Lookout Cay at Lighthouse Point | Nassau, Bahamas",Bahamas,Halloween on the High Seas,"₹1,77,817","$1,846.00",2 Guests,4,3_bahamian_fort_lauderdale_halloween,DD1520 | DD1522 | WD0140 | WD0142,"Disney Lookout Cay at Lighthouse Point | Nassau, Bahamas","Halloween on the High Seas
3-Night Bahamian Cruise from Fort Lauderdale
What's Included on a Disney Cruise?

Sailing to

Disney Lookout Cay at Lighthouse PointNassau, Bahamas
Price from*
₹1,77,817 INR
2 Guests
Rate Details & Gratuities
Show 4 Dates"
5,25,4-Night Bahamian Cruise from Fort Lauderdale,Very Merrytime,Guaranteed with Restrictions,Disney Dream | Disney Destiny,4 Nights,Fort Lauderdale,,Disney Lookout Cay at Lighthouse Point | Disney Castaway Cay,Bahamas,Very Merrytime,"₹1,78,410","$1,852.16",2 Guests,8,4_bahamian_fort_lauderdale_merrytime,DD1532 | DD1534 | DD1536 | DD1633 | WD0080 | WD0156 | DD1637 | WD0085,Disney Lookout Cay at Lighthouse Point | Disney Castaway Cay,"Very Merrytime
Guaranteed with Restrictions 
Disney Cruise Line will select your stateroom for you as part of this special offer. Learn More
4-Night Bahamian Cruise from Fort Lauderdale
What's Included on a Disney Cruise?

Sailing to

Disney Lookout Cay at Lighthouse PointDisney Castaway Cay
Price from*
₹1,78,410 INR
2 Guests
Rate Details & Gratuities
Show 8 Dates"
6,26,4-Night Bahamian Cruise from Fort Lauderdale,,Guaranteed with Restrictions,Disney Dream | Disney Fantasy | Disney Destiny,4 Nights,Fort Lauderdale,,"Disney Lookout Cay at Lighthouse Point | Nassau, Bahamas",Bahamas,,"₹1,80,514","$1,874.00",2 Guests,22,4_bahamian_fort_lauderdale,DD1527 | DD1649 | DD1647 | DD1544 | DF0931 | DD1645 | DD1643 | DF0934 | DD1641 | DD1554 | WD0112 | DD1655 | WD0109 | DF0939 | WD0115 | DD1665 | DD1663 | DD1551 | DD1558 | DD1669 | DD1562 | DD1640,"Disney Lookout Cay at Lighthouse Point | Nassau, Bahamas","Guaranteed with Restrictions 
Disney Cruise Line will select your stateroom for you as part of this special offer. Learn More
4-Night Bahamian Cruise from Fort Lauderdale
What's Included on a Disney Cruise?

Sailing to

Disney Lookout Cay at Lighthouse PointNassau, Bahamas
Price from*
₹1,80,514 INR
2 Guests
Rate Details & Gratuities
Show 22 Dates"
6,27,5-Night Mexican Riviera Cruise from San Diego,Very Merrytime,Guaranteed with Restrictions,Disney Wonder,5 Nights,San Diego,,"Cabo San Lucas, Mexico | Ensenada, Mexico",Mexican Riviera,Very Merrytime,"₹1,81,570","$1,884.96",2 Guests,2,5_mexican_riviera_san_diego_merrytime,DW2217 | DW2294,"Cabo San Lucas, Mexico | Ensenada, Mexico","Very Merrytime
Guaranteed with Restrictions 
Disney Cruise Line will select your stateroom for you as part of this special offer. Learn More
5-Night Mexican Riviera Cruise from San Diego
What's Included on a Disney Cruise?

Sailing to

Cabo San Lucas, MexicoEnsenada, Mexico
Price from*
₹1,81,570 INR
2 Guests
Rate Details & Gratuities
Show 2 Dates"
6,28,3-Night Bahamian Cruise from Port Canaveral,Very Merrytime,Guaranteed with Restrictions,Disney Wish | Disney Dream,3 Nights,Port Canaveral,,"Nassau, Bahamas | Disney Castaway Cay",Bahamas,Very Merrytime,"₹1,81,868","$1,888.06",2 Guests,13,3_bahamian_port_canaveral_merrytime,WW0536 | WW0534 | WW0528 | WW0530 | DD1627 | WW0532 | DD1626 | WW0613 | WW0538 | WW0611 | WW0607 | WW0609 | WW0615,"Nassau, Bahamas | Disney Castaway Cay","Very Merrytime
Guaranteed with Restrictions 
Disney Cruise Line will select your stateroom for you as part of this special offer. Learn More
3-Night Bahamian Cruise from Port Canaveral
What's Included on a Disney Cruise?

Sailing to

Nassau, BahamasDisney Castaway Cay
Price from*
₹1,81,868 INR
2 Guests
Rate Details & Gratuities
Show 13 Dates"
6,29,4-Night Bahamian Cruise from Fort Lauderdale,,Guaranteed with Restrictions,Disney Dream | Disney Fantasy | Disney Destiny,4 Nights,Fort Lauderdale,,Disney Castaway Cay | Disney Lookout Cay at Lighthouse Point,Bahamas,,"₹1,82,263","$1,892.16",2 Guests,15,4_bahamian_fort_lauderdale,DD1525 | DF0932 | DF0935 | DD1547 | DD1657 | DD1542 | WD0137 | DD1549 | WD0135 | DF0940 | WD0139 | DD1556 | DD1564 | DD1661 | DD1560,Disney Castaway Cay | Disney Lookout Cay at Lighthouse Point,"Guaranteed with Restrictions 
Disney Cruise Line will select your stateroom for you as part of this special offer. Learn More
4-Night Bahamian Cruise from Fort Lauderdale
What's Included on a Disney Cruise?

Sailing to

Disney Castaway CayDisney Lookout Cay at Lighthouse Point
Price from*
₹1,82,263 INR
2 Guests
Rate Details & Gratuities
Show 15 Dates"
6,30,4-Night Baja Cruise from San Diego,Halloween on the High Seas,,Disney Wonder,4 Nights,San Diego,,"Catalina Island, California | Ensenada, Mexico",Mexican Riviera,Halloween on the High Seas,"₹1,83,856","$1,908.70",2 Guests,5,4_baja_san_diego_halloween,DW2281 | DW2285 | DW2288 | DW2283 | DW2286,"Catalina Island, California  | Ensenada, Mexico","Halloween on the High Seas
4-Night Baja Cruise from San Diego
What's Included on a Disney Cruise?

Sailing to

Catalina Island, CaliforniaEnsenada, Mexico
Price from*
₹1,83,856 INR
2 Guests
Rate Details & Gratuities
Show 5 Dates"
7,31,3-Night Bahamian Cruise from Port Canaveral,Halloween on the High Seas,Guaranteed with Restrictions,Disney Dream | Disney Wish,3 Nights,Port Canaveral,,"Nassau, Bahamas | Disney Castaway Cay",Bahamas,Halloween on the High Seas,"₹1,88,151","$1,953.28",2 Guests,12,3_bahamian_port_canaveral_halloween,DD1608 | DD1610 | DD1612 | DD1614 | DD1618 | DD1620 | DD1622 | WW0524 | DD1616 | WW0522 | WW0520 | WW0518,"Nassau, Bahamas | Disney Castaway Cay","Halloween on the High Seas
Guaranteed with Restrictions 
Disney Cruise Line will select your stateroom for you as part of this special offer. Learn More
3-Night Bahamian Cruise from Port Canaveral
What's Included on a Disney Cruise?

Sailing to

Nassau, BahamasDisney Castaway Cay
Price from*
₹1,88,151 INR
2 Guests
Rate Details & Gratuities
Show 12 Dates"
7,32,6-Night Mexican Riviera Cruise from San Diego,Very Merrytime,Guaranteed with Restrictions,Disney Wonder,6 Nights,San Diego,,"Ensenada, Mexico | Cabo San Lucas, Mexico",Mexican Riviera,Very Merrytime,"₹1,91,973","$1,992.96",2 Guests,1,6_mexican_riviera_san_diego_merrytime,DW2215,"Ensenada, Mexico | Cabo San Lucas, Mexico","Very Merrytime
Guaranteed with Restrictions 
Disney Cruise Line will select your stateroom for you as part of this special offer. Learn More
6-Night Mexican Riviera Cruise from San Diego
What's Included on a Disney Cruise?

Sailing to

Ensenada, MexicoCabo San Lucas, Mexico
Price from*
₹1,91,973 INR
2 Guests
Rate Details & Gratuities
Show 1 Date"
7,33,4-Night Bahamian Cruise from Port Canaveral,Halloween on the High Seas,Guaranteed with Restrictions,Disney Fantasy | Disney Wish | Disney Dream,4 Nights,Port Canaveral,,Disney Castaway Cay | Disney Lookout Cay at Lighthouse Point,Bahamas,Halloween on the High Seas,"₹1,92,331","$1,996.68",2 Guests,15,4_bahamian_port_canaveral_halloween,DF0836 | WW0523 | DF0908 | DF0917 | DF0911 | DD1609 | DD1611 | DD1613 | DF0914 | DD1615 | DD1619 | DD1621 | DD1617 | DF0833 | WW0519,Disney Castaway Cay | Disney Lookout Cay at Lighthouse Point,"Halloween on the High Seas
Guaranteed with Restrictions 
Disney Cruise Line will select your stateroom for you as part of this special offer. Learn More
4-Night Bahamian Cruise from Port Canaveral
What's Included on a Disney Cruise?

Sailing to

Disney Castaway CayDisney Lookout Cay at Lighthouse Point
Price from*
₹1,92,331 INR
2 Guests
Rate Details & Gratuities
Show 15 Dates"
7,34,5-Night Western Caribbean Cruise from Galveston,Very Merrytime,Guaranteed with Restrictions,Disney Magic,5 Nights,Galveston,,"Cozumel, Mexico | Progreso, Mexico",Caribbean,Very Merrytime,"₹1,94,603","$2,020.26",2 Guests,9,5_western_caribbean_galveston_merrytime,DM1763 | DM1762 | DM1827 | DM1828 | DM1766 | DM1830 | DM1760 | DM1831 | DM1767,"Cozumel, Mexico | Progreso, Mexico","Very Merrytime
Guaranteed with Restrictions 
Disney Cruise Line will select your stateroom for you as part of this special offer. Learn More
5-Night Western Caribbean Cruise from Galveston
What's Included on a Disney Cruise?

Sailing to

Cozumel, MexicoProgreso, Mexico
Price from*
₹1,94,603 INR
2 Guests
Rate Details & Gratuities
Show 9 Dates"
7,35,6-Night Mexican Riviera Cruise from San Diego,Halloween on the High Seas,Guaranteed with Restrictions,Disney Wonder | Disney Magic,6 Nights,San Diego,,"Cabo San Lucas, Mexico | Ensenada, Mexico",Mexican Riviera,Halloween on the High Seas,"₹1,95,441","$2,028.96",2 Guests,4,6_mexican_riviera_san_diego_halloween,DW2210 | DM1757 | DM1822 | DM1818,"Cabo San Lucas, Mexico | Ensenada, Mexico","Halloween on the High Seas
Guaranteed with Restrictions 
Disney Cruise Line will select your stateroom for you as part of this special offer. Learn More
6-Night Mexican Riviera Cruise from San Diego
What's Included on a Disney Cruise?

Sailing to

Cabo San Lucas, MexicoEnsenada, Mexico
Price from*
₹1,95,441 INR
2 Guests
Rate Details & Gratuities
Show 4 Dates"
8,36,3-Night Bahamian Cruise from Fort Lauderdale,Halloween on the High Seas,,Disney Dream,3 Nights,Fort Lauderdale,,Disney Lookout Cay at Lighthouse Point,Bahamas,Halloween on the High Seas,"₹1,99,931","$2,075.58",2 Guests,1,3_bahamian_fort_lauderdale_halloween,DD1524,Disney Lookout Cay at Lighthouse Point,"Halloween on the High Seas
3-Night Bahamian Cruise from Fort Lauderdale
What's Included on a Disney Cruise?

Sailing to

Disney Lookout Cay at Lighthouse Point
Price from*
₹1,99,931 INR
2 Guests
Rate Details & Gratuities
Show 1 Date"
8,37,3-Night Bahamian Cruise from Port Canaveral,,,Disney Wish | Disney Dream | Disney Fantasy,3 Nights,Port Canaveral,,Disney Castaway Cay,Bahamas,,"₹2,00,528","$2,081.78",2 Guests,6,3_bahamian_port_canaveral,WW0627 | DD1598 | WW0643 | DD1586 | DF0849 | WW0619,Disney Castaway Cay,"3-Night Bahamian Cruise from Port Canaveral
What's Included on a Disney Cruise?

Sailing to

Disney Castaway Cay
Price from*
₹2,00,528 INR
2 Guests
Rate Details & Gratuities
Show 6 Dates"
8,38,4-Night Bahamian Cruise from Port Canaveral,,Guaranteed with Restrictions,Disney Wish | Disney Dream | Disney Destiny,4 Nights,Port Canaveral,,"Nassau, Bahamas | Disney Castaway Cay",Bahamas,,"₹2,01,124","$2,087.96",2 Guests,36,4_bahamian_port_canaveral,WW0525 | DD1603 | WW0545 | WW0549 | WD0172 | WD0169 | WW0626 | DD1571 | WD0175 | WW0622 | WW0624 | WW0553 | WD0190 | WW0654 | DD1575 | WD0178 | WW0620 | WW0557 | DD1599 | WW0636 | WW0561 | WD0184 | WW0571 | WW0569 | DD1583 | WW0634 | DD1579 | DD1595 | WW0642 | DD1587 | DD1591 | WD0181 | WD0187 | WW0640 | WW0648 | WW0565,"Nassau, Bahamas | Disney Castaway Cay","Guaranteed with Restrictions 
Disney Cruise Line will select your stateroom for you as part of this special offer. Learn More
4-Night Bahamian Cruise from Port Canaveral
What's Included on a Disney Cruise?

Sailing to

Nassau, BahamasDisney Castaway Cay
Price from*
₹2,01,124 INR
2 Guests
Rate Details & Gratuities
Show 36 Dates"
8,39,4-Night Western Caribbean Cruise from Galveston,Marvel Days at Sea,,Disney Magic,4 Nights,Galveston,,"Progreso, Mexico",Caribbean,,"₹2,03,062","$2,108.08",2 Guests,3,4_western_caribbean_galveston_marvel,DM1773 | DM1781 | DM1778,"Progreso, Mexico","Marvel Days at Sea
4-Night Western Caribbean Cruise from Galveston
What's Included on a Disney Cruise?

Sailing to

Progreso, Mexico
Price from*
₹2,03,062 INR
2 Guests
Rate Details & Gratuities
Show 3 Dates"
8,40,4-Night Bahamian Cruise from Fort Lauderdale,,,Disney Dream | Disney Destiny,4 Nights,Fort Lauderdale,,"Disney Castaway Cay | Nassau, Bahamas",Bahamas,,"₹2,10,340","$2,183.64",2 Guests,16,4_bahamian_fort_lauderdale,DD1653 | DD1651 | WD0092 | WD0089 | WD0097 | WD0134 | WD0100 | DD1667 | DD1659 | WD0106 | DD1671 | WD0118 | WD0129 | WD0103 | WD0126 | WD0121,"Disney Castaway Cay | Nassau, Bahamas","4-Night Bahamian Cruise from Fort Lauderdale
What's Included on a Disney Cruise?

Sailing to

Disney Castaway CayNassau, Bahamas
Price from*
₹2,10,340 INR
2 Guests
Rate Details & Gratuities
Show 16 Dates"
9,41,4-Night Bahamian Cruise from Port Canaveral,Very Merrytime,Guaranteed with Restrictions,Disney Fantasy | Disney Wish | Disney Dream | Disney Destiny,4 Nights,Port Canaveral,,Disney Castaway Cay | Disney Lookout Cay at Lighthouse Point,Bahamas,Very Merrytime,"₹2,11,596","$2,196.68",2 Guests,14,4_bahamian_port_canaveral_merrytime,DF0845 | WW0535 | WW0527 | DF0839 | DF0920 | DD1625 | WW0612 | WD0161 | DF0842 | DF0848 | WW0616 | WW0531 | DF0923 | WW0608,Disney Castaway Cay | Disney Lookout Cay at Lighthouse Point,"Very Merrytime
Guaranteed with Restrictions 
Disney Cruise Line will select your stateroom for you as part of this special offer. Learn More
4-Night Bahamian Cruise from Port Canaveral
What's Included on a Disney Cruise?

Sailing to

Disney Castaway CayDisney Lookout Cay at Lighthouse Point
Price from*
₹2,11,596 INR
2 Guests
Rate Details & Gratuities
Show 14 Dates"
9,42,4-Night Bahamian Cruise from Port Canaveral,Very Merrytime,Guaranteed with Restrictions,Disney Wish,4 Nights,Port Canaveral,,"Nassau, Bahamas | Disney Castaway Cay",Bahamas,Very Merrytime,"₹2,13,453","$2,215.96",2 Guests,4,4_bahamian_port_canaveral_merrytime,WW0529 | WW0533 | WW0537 | WW0614,"Nassau, Bahamas | Disney Castaway Cay","Very Merrytime
Guaranteed with Restrictions 
Disney Cruise Line will select your stateroom for you as part of this special offer. Learn More
4-Night Bahamian Cruise from Port Canaveral
What's Included on a Disney Cruise?

Sailing to

Nassau, BahamasDisney Castaway Cay
Price from*
₹2,13,453 INR
2 Guests
Rate Details & Gratuities
Show 4 Dates"
9,43,5-Night Baja Cruise from San Diego,,,Disney Magic | Disney Wonder,5 Nights,San Diego,,"Catalina Island, California | Ensenada, Mexico",Mexican Riviera,,"₹2,13,993","$2,221.56",2 Guests,4,5_baja_san_diego,DM1814 | DW2301 | DW2257 | DW2224,"Catalina Island, California  | Ensenada, Mexico","5-Night Baja Cruise from San Diego
What's Included on a Disney Cruise?

Sailing to

Catalina Island, CaliforniaEnsenada, Mexico
Price from*
₹2,13,993 INR
2 Guests
Rate Details & Gratuities
Show 4 Dates"
9,44,4-Night Bahamian Cruise from Fort Lauderdale,Halloween on the High Seas,Guaranteed with Restrictions,Disney Destiny,4 Nights,Fort Lauderdale,,"Nassau, Bahamas | Disney Castaway Cay",Bahamas,Halloween on the High Seas,"₹2,14,397","$2,225.76",2 Guests,1,4_bahamian_fort_lauderdale_halloween,WD0075,"Nassau, Bahamas | Disney Castaway Cay","Halloween on the High Seas
Guaranteed with Restrictions 
Disney Cruise Line will select your stateroom for you as part of this special offer. Learn More
4-Night Bahamian Cruise from Fort Lauderdale
What's Included on a Disney Cruise?

Sailing to

Nassau, BahamasDisney Castaway Cay
Price from*
₹2,14,397 INR
2 Guests
Rate Details & Gratuities
Show 1 Date"
9,45,5-Night Baja Cruise from San Diego,Very Merrytime,,Disney Wonder,5 Nights,San Diego,,"Catalina Island, California | Ensenada, Mexico",Mexican Riviera,Very Merrytime,"₹2,17,570","$2,258.70",2 Guests,2,5_baja_san_diego_merrytime,DW2296 | DW2297,"Catalina Island, California  | Ensenada, Mexico","Very Merrytime
5-Night Baja Cruise from San Diego
What's Included on a Disney Cruise?

Sailing to

Catalina Island, CaliforniaEnsenada, Mexico
Price from*
₹2,17,570 INR
2 Guests
Rate Details & Gratuities
Show 2 Dates"
10,46,5-Night Western Caribbean Cruise from Galveston,,,Disney Magic,5 Nights,Galveston,,"Cozumel, Mexico | Progreso, Mexico",Caribbean,,"₹2,19,589","$2,279.66",2 Guests,14,5_western_caribbean_galveston,DM1834 | DM1772 | DM1838 | DM1840 | DM1844 | DM1841 | DM1789 | DM1788 | DM1842 | DM1845 | DM1786 | DM1785 | DM1783 | DM1847,"Cozumel, Mexico | Progreso, Mexico","5-Night Western Caribbean Cruise from Galveston
What's Included on a Disney Cruise?

Sailing to

Cozumel, MexicoProgreso, Mexico
Price from*
₹2,19,589 INR
2 Guests
Rate Details & Gratuities
Show 14 Dates"
10,47,4-Night Bahamian Cruise from Port Canaveral,,,Disney Fantasy | Disney Wish,4 Nights,Port Canaveral,,"Nassau, Bahamas | Disney Lookout Cay at Lighthouse Point",Bahamas,,"₹2,19,611","$2,279.88",2 Guests,15,4_bahamian_port_canaveral,DF0905 | DF0855 | DF0852 | DF0858 | WW0628 | DF0902 | DF0879 | WW0652 | DF0882 | DF0888 | DF0896 | DF0894 | DF0891 | WW0644 | WW0618,"Nassau, Bahamas | Disney Lookout Cay at Lighthouse Point","4-Night Bahamian Cruise from Port Canaveral
What's Included on a Disney Cruise?

Sailing to

Nassau, BahamasDisney Lookout Cay at Lighthouse Point
Price from*
₹2,19,611 INR
2 Guests
Rate Details & Gratuities
Show 15 Dates"
10,48,5-Night Mexican Riviera Cruise from San Diego,,,Disney Wonder,5 Nights,San Diego,,"Cabo San Lucas, Mexico | Ensenada, Mexico",Mexican Riviera,,"₹2,19,990","$2,283.82",2 Guests,2,5_mexican_riviera_san_diego,DW2227 | DW2248,"Cabo San Lucas, Mexico | Ensenada, Mexico","5-Night Mexican Riviera Cruise from San Diego
What's Included on a Disney Cruise?

Sailing to

Cabo San Lucas, MexicoEnsenada, Mexico
Price from*
₹2,19,990 INR
2 Guests
Rate Details & Gratuities
Show 2 Dates"
10,49,5-Night Western Caribbean Cruise from Galveston,Marvel Days at Sea,,Disney Magic,5 Nights,Galveston,,"Cozumel, Mexico | Progreso, Mexico",Caribbean,,"₹2,21,683","$2,301.40",2 Guests,5,5_western_caribbean_galveston_marvel,DM1780 | DM1779 | DM1777 | DM1776 | DM1782,"Cozumel, Mexico | Progreso, Mexico","Marvel Days at Sea
5-Night Western Caribbean Cruise from Galveston
What's Included on a Disney Cruise?

Sailing to

Cozumel, MexicoProgreso, Mexico
Price from*
₹2,21,683 INR
2 Guests
Rate Details & Gratuities
Show 5 Dates"
10,50,5-Night Baja Cruise from San Diego,Halloween on the High Seas,,Disney Magic,5 Nights,San Diego,,"Catalina Island, California | Ensenada, Mexico",Mexican Riviera,Halloween on the High Seas,"₹2,23,625","$2,321.56",2 Guests,1,5_baja_san_diego_halloween,DM1815,"Catalina Island, California  | Ensenada, Mexico","Halloween on the High Seas
5-Night Baja Cruise from San Diego
What's Included on a Disney Cruise?

Sailing to

Catalina Island, CaliforniaEnsenada, Mexico
Price from*
₹2,23,625 INR
2 Guests
Rate Details & Gratuities
Show 1 Date"
11,51,4-Night Bahamian Cruise from Port Canaveral,Halloween on the High Seas,Guaranteed with Restrictions,Disney Dream | Disney Wish,4 Nights,Port Canaveral,,"Nassau, Bahamas | Disney Castaway Cay",Bahamas,Halloween on the High Seas,"₹2,25,910","$2,345.28",2 Guests,2,4_bahamian_port_canaveral_halloween,DD1607 | WW0521,"Nassau, Bahamas | Disney Castaway Cay","Halloween on the High Seas
Guaranteed with Restrictions 
Disney Cruise Line will select your stateroom for you as part of this special offer. Learn More
4-Night Bahamian Cruise from Port Canaveral
What's Included on a Disney Cruise?

Sailing to

Nassau, BahamasDisney Castaway Cay
Price from*
₹2,25,910 INR
2 Guests
Rate Details & Gratuities
Show 2 Dates"
11,52,3-Night Bahamian Cruise from Port Canaveral,Very Merrytime,Guaranteed with Restrictions,Disney Destiny | Disney Wish,3 Nights,Port Canaveral,,Disney Castaway Cay,Bahamas,Very Merrytime,"₹2,25,958","$2,345.78",2 Guests,3,3_bahamian_port_canaveral_merrytime,WD0159 | WW0539 | WW0617,Disney Castaway Cay,"Very Merrytime
Guaranteed with Restrictions 
Disney Cruise Line will select your stateroom for you as part of this special offer. Learn More
3-Night Bahamian Cruise from Port Canaveral
What's Included on a Disney Cruise?

Sailing to

Disney Castaway Cay
Price from*
₹2,25,958 INR
2 Guests
Rate Details & Gratuities
Show 3 Dates"
11,53,5-Night Western Caribbean Cruise from Galveston,,,Disney Magic,5 Nights,Galveston,,"Progreso, Mexico",Caribbean,,"₹2,28,605","$2,373.26",2 Guests,1,5_western_caribbean_galveston,DM1836,"Progreso, Mexico","5-Night Western Caribbean Cruise from Galveston
What's Included on a Disney Cruise?

Sailing to

Progreso, Mexico
Price from*
₹2,28,605 INR
2 Guests
Rate Details & Gratuities
Show 1 Date"
11,54,5-Night Bahamian Cruise from Port Canaveral,Halloween on the High Seas,Guaranteed with Restrictions,Disney Fantasy,5 Nights,Port Canaveral,,"Disney Castaway Cay | Disney Lookout Cay at Lighthouse Point | Nassau, Bahamas",Bahamas,Halloween on the High Seas,"₹2,35,044","$2,440.10",2 Guests,9,5_bahamian_port_canaveral_halloween,DF0834 | DF0835 | DF0910 | DF0909 | DF0913 | DF0912 | DF0916 | DF0915 | DF0918,"Disney Castaway Cay | Disney Lookout Cay at Lighthouse Point | Nassau, Bahamas","Halloween on the High Seas
Guaranteed with Restrictions 
Disney Cruise Line will select your stateroom for you as part of this special offer. Learn More
5-Night Bahamian Cruise from Port Canaveral
What's Included on a Disney Cruise?

Sailing to

Disney Castaway CayDisney Lookout Cay at Lighthouse PointNassau, Bahamas
Price from*
₹2,35,044 INR
2 Guests
Rate Details & Gratuities
Show 9 Dates"
11,55,5-Night Bahamian Cruise from Port Canaveral,,Guaranteed with Restrictions,Disney Fantasy | Disney Destiny,5 Nights,Port Canaveral,,"Disney Castaway Cay | Nassau, Bahamas | Disney Lookout Cay at Lighthouse Point",Bahamas,,"₹2,35,044","$2,440.10",2 Guests,36,5_bahamian_port_canaveral,DF0837 | DF0838 | DF0903 | DF0853 | DF0906 | DF0878 | DF0880 | DF0863 | DF0877 | WD0189 | WD0168 | WD0171 | WD0170 | DF0881 | WD0191 | WD0177 | WD0166 | WD0173 | WD0174 | DF0865 | DF0866 | WD0185 | WD0186 | DF0900 | WD0176 | WD0183 | WD0182 | DF0883 | WD0179 | WD0180 | DF0887 | DF0889 | DF0893 | DF0868 | WD0188 | WD0165,"Disney Castaway Cay | Nassau, Bahamas | Disney Lookout Cay at Lighthouse Point","Guaranteed with Restrictions 
Disney Cruise Line will select your stateroom for you as part of this special offer. Learn More
5-Night Bahamian Cruise from Port Canaveral
What's Included on a Disney Cruise?

Sailing to

Disney Castaway CayNassau, BahamasDisney Lookout Cay at Lighthouse Point
Price from*
₹2,35,044 INR
2 Guests
Rate Details & Gratuities
Show 36 Dates"
12,56,3-Night Bahamian Cruise from Fort Lauderdale,,,Disney Destiny,3 Nights,Fort Lauderdale,,Disney Castaway Cay,Bahamas,,"₹2,37,498","$2,465.58",2 Guests,1,3_bahamian_fort_lauderdale,WD0138,Disney Castaway Cay,"3-Night Bahamian Cruise from Fort Lauderdale
What's Included on a Disney Cruise?

Sailing to

Disney Castaway Cay
Price from*
₹2,37,498 INR
2 Guests
Rate Details & Gratuities
Show 1 Date"
12,57,4-Night Bahamian Cruise from Fort Lauderdale,Very Merrytime,Guaranteed with Restrictions,Disney Destiny,4 Nights,Fort Lauderdale,,"Nassau, Bahamas | Disney Castaway Cay",Bahamas,Very Merrytime,"₹2,40,598","$2,497.76",2 Guests,1,4_bahamian_fort_lauderdale_merrytime,WD0078,"Nassau, Bahamas | Disney Castaway Cay","Very Merrytime
Guaranteed with Restrictions 
Disney Cruise Line will select your stateroom for you as part of this special offer. Learn More
4-Night Bahamian Cruise from Fort Lauderdale
What's Included on a Disney Cruise?

Sailing to

Nassau, BahamasDisney Castaway Cay
Price from*
₹2,40,598 INR
2 Guests
Rate Details & Gratuities
Show 1 Date"
12,58,4-Night Bahamian Cruise from Fort Lauderdale,Very Merrytime,Guaranteed with Restrictions,Disney Dream | Disney Fantasy | Disney Destiny,4 Nights,Fort Lauderdale,,"Disney Lookout Cay at Lighthouse Point | Nassau, Bahamas",Bahamas,Very Merrytime,"₹2,41,392","$2,506.00",2 Guests,4,4_bahamian_fort_lauderdale_merrytime,DD1530 | DD1635 | DF0927 | WD0154,"Disney Lookout Cay at Lighthouse Point | Nassau, Bahamas","Very Merrytime
Guaranteed with Restrictions 
Disney Cruise Line will select your stateroom for you as part of this special offer. Learn More
4-Night Bahamian Cruise from Fort Lauderdale
What's Included on a Disney Cruise?

Sailing to

Disney Lookout Cay at Lighthouse PointNassau, Bahamas
Price from*
₹2,41,392 INR
2 Guests
Rate Details & Gratuities
Show 4 Dates"
12,59,5-Night Western Caribbean Cruise from Fort Lauderdale,,Guaranteed with Restrictions,Disney Destiny | Disney Dream,5 Nights,Fort Lauderdale,,"Disney Castaway Cay | Cozumel, Mexico",Caribbean,,"₹2,42,031","$2,512.64",2 Guests,16,5_western_fort_lauderdale,WD0091 | WD0077 | DD1672 | WD0108 | WD0099 | WD0114 | WD0111 | WD0088 | WD0117 | WD0133 | WD0096 | WD0102 | WD0128 | WD0125 | WD0120 | WD0105,"Disney Castaway Cay | Cozumel, Mexico","Guaranteed with Restrictions 
Disney Cruise Line will select your stateroom for you as part of this special offer. Learn More
5-Night Western Caribbean Cruise from Fort Lauderdale
What's Included on a Disney Cruise?

Sailing to

Disney Castaway CayCozumel, Mexico
Price from*
₹2,42,031 INR
2 Guests
Rate Details & Gratuities
Show 16 Dates"
12,60,7-Night Mexican Riviera Cruise from San Diego,Halloween on the High Seas,Guaranteed with Restrictions,Disney Magic,7 Nights,San Diego,,"Ensenada, Mexico | Cabo San Lucas, Mexico | Puerto Vallarta, Mexico",Mexican Riviera,Halloween on the High Seas,"₹2,43,415","$2,527.00",2 Guests,2,7_mexican_riviera_halloween,DM1758 | DM1817,"Ensenada, Mexico | Cabo San Lucas, Mexico | Puerto Vallarta, Mexico","Halloween on the High Seas
Guaranteed with Restrictions 
Disney Cruise Line will select your stateroom for you as part of this special offer. Learn More
7-Night Mexican Riviera Cruise from San Diego
What's Included on a Disney Cruise?

Sailing to

Ensenada, MexicoCabo San Lucas, MexicoPuerto Vallarta, Mexico
Price from*
₹2,43,415 INR
2 Guests
Rate Details & Gratuities
Show 2 Dates"
13,61,5-Night Western Caribbean Cruise from Fort Lauderdale,Halloween on the High Seas,Guaranteed with Restrictions,Disney Destiny,5 Nights,Fort Lauderdale,,"Cozumel, Mexico | Disney Castaway Cay",Caribbean,Halloween on the High Seas,"₹2,43,950","$2,532.56",2 Guests,4,5_western_caribbean_fort_lauderdale_halloween,WD0074 | WD0150 | WD0147 | WD0144,"Cozumel, Mexico | Disney Castaway Cay","Halloween on the High Seas
Guaranteed with Restrictions 
Disney Cruise Line will select your stateroom for you as part of this special offer. Learn More
5-Night Western Caribbean Cruise from Fort Lauderdale
What's Included on a Disney Cruise?

Sailing to

Cozumel, MexicoDisney Castaway Cay
Price from*
₹2,43,950 INR
2 Guests
Rate Details & Gratuities
Show 4 Dates"
13,62,4-Night Bahamian Cruise from Port Canaveral,,Guaranteed with Restrictions,Disney Dream | Disney Wish | Disney Fantasy,4 Nights,Port Canaveral,,Disney Lookout Cay at Lighthouse Point | Disney Castaway Cay,Bahamas,,"₹2,45,289","$2,546.46",2 Guests,31,4_bahamian_port_canaveral,DD1605 | WW0630 | DF0873 | DD1623 | WW0551 | WW0632 | DF0876 | DF0864 | WW0547 | DF0861 | WW0543 | DD1601 | DD1573 | DF0899 | DF0867 | WW0559 | WW0646 | DD1577 | DF0870 | DD1597 | WW0638 | DD1581 | WW0555 | DD1593 | DD1585 | DD1589 | WW0542 | WW0650 | WW0563 | WW0567 | DF0850,Disney Lookout Cay at Lighthouse Point | Disney Castaway Cay,"Guaranteed with Restrictions 
Disney Cruise Line will select your stateroom for you as part of this special offer. Learn More
4-Night Bahamian Cruise from Port Canaveral
What's Included on a Disney Cruise?

Sailing to

Disney Lookout Cay at Lighthouse PointDisney Castaway Cay
Price from*
₹2,45,289 INR
2 Guests
Rate Details & Gratuities
Show 31 Dates"
13,63,4-Night Eastern Caribbean Cruise from Fort Lauderdale ending in San Juan,One-Way Cruise,,Disney Dream,4 Nights,Fort Lauderdale,San Juan,"Disney Castaway Cay | Disney Lookout Cay at Lighthouse Point | San Juan, Puerto Rico",Caribbean,,"₹2,48,913","$2,584.08",2 Guests,1,4_eastern_caribbean_fort_lauderdale_san_juan,DD1566,"Disney Castaway Cay | Disney Lookout Cay at Lighthouse Point | San Juan, Puerto Rico","One-Way Cruise
4-Night Eastern Caribbean Cruise from Fort Lauderdale ending in San Juan
What's Included on a Disney Cruise?

Sailing to

Disney Castaway CayDisney Lookout Cay at Lighthouse PointSan Juan, Puerto Rico
Price from*
₹2,48,913 INR
2 Guests
Rate Details & Gratuities
Show 1 Date"
13,64,6-Night Mexican Riviera Cruise from San Diego,,,Disney Wonder,6 Nights,San Diego,,"Cabo San Lucas, Mexico | Ensenada, Mexico",Mexican Riviera,,"₹2,50,978","$2,605.52",2 Guests,2,6_mexican_riviera_san_diego,DW2331 | DW2254,"Cabo San Lucas, Mexico | Ensenada, Mexico","6-Night Mexican Riviera Cruise from San Diego
What's Included on a Disney Cruise?

Sailing to

Cabo San Lucas, MexicoEnsenada, Mexico
Price from*
₹2,50,978 INR
2 Guests
Rate Details & Gratuities
Show 2 Dates"
13,65,4-Night Eastern Caribbean Cruise from San Juan ending in Port Canaveral,One-Way Cruise,,Disney Wish | Disney Dream,4 Nights,San Juan,Port Canaveral,"Disney Lookout Cay at Lighthouse Point | Disney Castaway Cay | Port Canaveral, Florida",Caribbean,,"₹2,52,554","$2,621.88",2 Guests,2,4_san_juan_port_canaveral,WW0605 | DD1568,"Disney Lookout Cay at Lighthouse Point | Disney Castaway Cay | Port Canaveral, Florida","One-Way Cruise
4-Night Eastern Caribbean Cruise from San Juan ending in Port Canaveral
What's Included on a Disney Cruise?

Sailing to

Disney Lookout Cay at Lighthouse PointDisney Castaway CayPort Canaveral, Florida
Price from*
₹2,52,554 INR
2 Guests
Rate Details & Gratuities
Show 2 Dates"
14,66,5-Night Western Caribbean Cruise from Port Canaveral,Very Merrytime,Guaranteed with Restrictions,Disney Fantasy | Disney Destiny,5 Nights,Port Canaveral,,"Disney Castaway Cay | Cozumel, Mexico",Caribbean,Very Merrytime,"₹2,58,563","$2,684.26",2 Guests,6,5_western_caribbean_port_canaveral_merrytime,DF0844 | DF0841 | WD0160 | DF0922 | DF0847 | WD0163,"Disney Castaway Cay | Cozumel, Mexico","Very Merrytime
Guaranteed with Restrictions 
Disney Cruise Line will select your stateroom for you as part of this special offer. Learn More
5-Night Western Caribbean Cruise from Port Canaveral
What's Included on a Disney Cruise?

Sailing to

Disney Castaway CayCozumel, Mexico
Price from*
₹2,58,563 INR
2 Guests
Rate Details & Gratuities
Show 6 Dates"
14,67,5-Night Bahamian Cruise from Port Canaveral,Very Merrytime,Guaranteed with Restrictions,Disney Fantasy | Disney Destiny,5 Nights,Port Canaveral,,"Disney Castaway Cay | Disney Lookout Cay at Lighthouse Point | Nassau, Bahamas",Bahamas,Very Merrytime,"₹2,59,125","$2,690.10",2 Guests,4,5_bahamian_port_canaveral_merrytime,DF0846 | DF0840 | DF0843 | WD0162,"Disney Castaway Cay | Disney Lookout Cay at Lighthouse Point | Nassau, Bahamas","Very Merrytime
Guaranteed with Restrictions 
Disney Cruise Line will select your stateroom for you as part of this special offer. Learn More
5-Night Bahamian Cruise from Port Canaveral
What's Included on a Disney Cruise?

Sailing to

Disney Castaway CayDisney Lookout Cay at Lighthouse PointNassau, Bahamas
Price from*
₹2,59,125 INR
2 Guests
Rate Details & Gratuities
Show 4 Dates"
14,68,5-Night Eastern Caribbean Cruise from Port Canaveral ending San Juan,Very Merrytime | One-Way Cruise,,Disney Fantasy,5 Nights,Port Canaveral,San Juan,"Disney Castaway Cay | Disney Lookout Cay at Lighthouse Point | St. Thomas, U.S. Virgin Islands | San Juan, Puerto Rico",Caribbean,Very Merrytime,"₹2,60,454","$2,703.90",2 Guests,1,5_eastern_caribbean_port_canaveral_san_juan_merrytime,DF0924,"Disney Castaway Cay | Disney Lookout Cay at Lighthouse Point | St. Thomas, U.S. Virgin Islands | San Juan, Puerto Rico","Very Merrytime
One-Way Cruise
5-Night Eastern Caribbean Cruise from Port Canaveral ending San Juan
What's Included on a Disney Cruise?

Sailing to

Disney Castaway CayDisney Lookout Cay at Lighthouse PointSt. Thomas, U.S. Virgin IslandsSan Juan, Puerto Rico
Price from*
₹2,60,454 INR
2 Guests
Rate Details & Gratuities
Show 1 Date"
14,69,5-Night Eastern Caribbean Cruise from San Juan ending in Fort Lauderdale,Very Merrytime | One-Way Cruise,,Disney Fantasy,5 Nights,San Juan,Fort Lauderdale,"St. Thomas, U.S. Virgin Islands | Disney Lookout Cay at Lighthouse Point | Disney Castaway Cay | Fort Lauderdale, Florida",Caribbean,Very Merrytime,"₹2,61,622","$2,716.02",2 Guests,1,5_eastern_caribbean_san_juan_fort_lauderdale_merrytime,DF0926,"St. Thomas, U.S. Virgin Islands | Disney Lookout Cay at Lighthouse Point | Disney Castaway Cay | Fort Lauderdale, Florida","Very Merrytime
One-Way Cruise
5-Night Eastern Caribbean Cruise from San Juan ending in Fort Lauderdale
What's Included on a Disney Cruise?

Sailing to

St. Thomas, U.S. Virgin IslandsDisney Lookout Cay at Lighthouse PointDisney Castaway CayFort Lauderdale, Florida
Price from*
₹2,61,622 INR
2 Guests
Rate Details & Gratuities
Show 1 Date"
14,70,5-Night Bahamian Cruise from Fort Lauderdale,,Guaranteed with Restrictions,Disney Destiny | Disney Dream,5 Nights,Fort Lauderdale,,"Nassau, Bahamas | Disney Lookout Cay at Lighthouse Point | Disney Castaway Cay",Bahamas,,"₹2,64,385","$2,744.70",2 Guests,15,5_bahamian_fort_lauderdale,WD0076 | WD0093 | WD0153 | WD0090 | WD0152 | WD0113 | WD0098 | DD1540 | WD0107 | WD0116 | WD0101 | WD0119 | WD0104 | WD0122 | WD0127,"Nassau, Bahamas | Disney Lookout Cay at Lighthouse Point | Disney Castaway Cay","Guaranteed with Restrictions 
Disney Cruise Line will select your stateroom for you as part of this special offer. Learn More
5-Night Bahamian Cruise from Fort Lauderdale
What's Included on a Disney Cruise?

Sailing to

Nassau, BahamasDisney Lookout Cay at Lighthouse PointDisney Castaway Cay
Price from*
₹2,64,385 INR
2 Guests
Rate Details & Gratuities
Show 15 Dates"
15,71,5-Night Bahamian Cruise from Fort Lauderdale,Very Merrytime,Guaranteed with Restrictions,Disney Destiny | Disney Dream,5 Nights,Fort Lauderdale,,"Disney Lookout Cay at Lighthouse Point | Disney Castaway Cay | Nassau, Bahamas",Bahamas,Very Merrytime,"₹2,71,127","$2,814.70",2 Guests,4,5_bahamian_fort_lauderdale_merrytime,WD0082 | WD0079 | DD1631 | WD0155,"Disney Lookout Cay at Lighthouse Point | Disney Castaway Cay | Nassau, Bahamas","Very Merrytime
Guaranteed with Restrictions 
Disney Cruise Line will select your stateroom for you as part of this special offer. Learn More
5-Night Bahamian Cruise from Fort Lauderdale
What's Included on a Disney Cruise?

Sailing to

Disney Lookout Cay at Lighthouse PointDisney Castaway CayNassau, Bahamas
Price from*
₹2,71,127 INR
2 Guests
Rate Details & Gratuities
Show 4 Dates"
15,72,5-Night Western Caribbean Cruise from Port Canaveral,,,Disney Fantasy,5 Nights,Port Canaveral,,"Disney Castaway Cay | Cozumel, Mexico",Caribbean,,"₹2,72,595","$2,829.94",2 Guests,5,5_western_caribbean_port_canaveral,DF0904 | DF0907 | DF0919 | DF0898 | DF0890,"Disney Castaway Cay | Cozumel, Mexico","5-Night Western Caribbean Cruise from Port Canaveral
What's Included on a Disney Cruise?

Sailing to

Disney Castaway CayCozumel, Mexico
Price from*
₹2,72,595 INR
2 Guests
Rate Details & Gratuities
Show 5 Dates"
15,73,5-Night Western Caribbean from Port Canaveral,Pixar Days at Sea,,Disney Fantasy,5 Nights,Port Canaveral,,"Disney Castaway Cay | Cozumel, Mexico",Caribbean,,"₹2,88,905","$2,999.26",2 Guests,1,5_western_caribbean_port_canaveral_pdas,DF0857,"Disney Castaway Cay | Cozumel, Mexico","Pixar Days at Sea
5-Night Western Caribbean from Port Canaveral
What's Included on a Disney Cruise?

Sailing to

Disney Castaway CayCozumel, Mexico
Price from*
₹2,88,905 INR
2 Guests
Rate Details & Gratuities
Show 1 Date"
15,74,3-Night Bahamian Cruise from Fort Lauderdale,,,Disney Dream,3 Nights,Fort Lauderdale,,"Disney Castaway Cay | Nassau, Bahamas",Bahamas,,"₹2,91,639","$3,027.64",2 Guests,1,3_bahamian_fort_lauderdale,DD1639,"Disney Castaway Cay | Nassau, Bahamas","3-Night Bahamian Cruise from Fort Lauderdale
What's Included on a Disney Cruise?

Sailing to

Disney Castaway CayNassau, Bahamas
Price from*
₹2,91,639 INR
2 Guests
Rate Details & Gratuities
Show 1 Date"
15,75,7-Night Bahamian Cruise from Galveston,,,Disney Magic,7 Nights,Galveston,,Disney Lookout Cay at Lighthouse Point | Disney Castaway Cay,Bahamas,,"₹2,97,888","$3,092.52",2 Guests,2,7_bahamian_galveston,DM1837 | DM1832,Disney Lookout Cay at Lighthouse Point | Disney Castaway Cay,"7-Night Bahamian Cruise from Galveston
What's Included on a Disney Cruise?

Sailing to

Disney Lookout Cay at Lighthouse PointDisney Castaway Cay
Price from*
₹2,97,888 INR
2 Guests
Rate Details & Gratuities
Show 2 Dates"
16,76,7-Night Mexican Riviera Cruise from San Diego,,,Disney Wonder,7 Nights,San Diego,,"Ensenada, Mexico | Cabo San Lucas, Mexico | Mazatlán, Mexico",Mexican Riviera,,"₹2,98,806","$3,102.04",2 Guests,1,7_mexican_riviera,DW2279,"Ensenada, Mexico | Cabo San Lucas, Mexico | Mazatlán, Mexico","7-Night Mexican Riviera Cruise from San Diego
What's Included on a Disney Cruise?

Sailing to

Ensenada, MexicoCabo San Lucas, MexicoMazatlán, Mexico
Price from*
₹2,98,806 INR
2 Guests
Rate Details & Gratuities
Show 1 Date"
16,77,7-Night Mexican Riviera Cruise from San Diego,,,Disney Wonder,7 Nights,San Diego,,"Ensenada, Mexico | Cabo San Lucas, Mexico | Puerto Vallarta, Mexico",Mexican Riviera,,"₹2,98,871","$3,102.72",2 Guests,6,7_mexican_riviera,DW2312 | DW2253 | DW2234 | DW2305 | DW2317 | DW2243,"Ensenada, Mexico | Cabo San Lucas, Mexico | Puerto Vallarta, Mexico","7-Night Mexican Riviera Cruise from San Diego
What's Included on a Disney Cruise?

Sailing to

Ensenada, MexicoCabo San Lucas, MexicoPuerto Vallarta, Mexico
Price from*
₹2,98,871 INR
2 Guests
Rate Details & Gratuities
Show 6 Dates"
16,78,4-Night Bahamian Cruise from Port Canaveral,Very Merrytime,,Disney Wish,4 Nights,Port Canaveral,,"Nassau, Bahamas | Disney Lookout Cay at Lighthouse Point",Bahamas,Very Merrytime,"₹3,01,088","$3,125.74",2 Guests,1,4_bahamian_port_canaveral_merrytime,WW0610,"Nassau, Bahamas | Disney Lookout Cay at Lighthouse Point","Very Merrytime
4-Night Bahamian Cruise from Port Canaveral
What's Included on a Disney Cruise?

Sailing to

Nassau, BahamasDisney Lookout Cay at Lighthouse Point
Price from*
₹3,01,088 INR
2 Guests
Rate Details & Gratuities
Show 1 Date"
16,79,5-Night Western Caribbean Cruise from Port Canaveral,Halloween on the High Seas,,Disney Fantasy,5 Nights,Port Canaveral,,"Disney Castaway Cay | Cozumel, Mexico",Caribbean,Halloween on the High Seas,"₹3,02,872","$3,144.26",2 Guests,1,5_western_caribbean_port_canaveral_halloween,DF0832,"Disney Castaway Cay | Cozumel, Mexico","Halloween on the High Seas
5-Night Western Caribbean Cruise from Port Canaveral
What's Included on a Disney Cruise?

Sailing to

Disney Castaway CayCozumel, Mexico
Price from*
₹3,02,872 INR
2 Guests
Rate Details & Gratuities
Show 1 Date"
16,80,7-Night Bahamian Cruise from Galveston,Marvel Days at Sea,,Disney Magic,7 Nights,Galveston,,"Nassau, Bahamas | Disney Castaway Cay",Bahamas,,"₹3,03,013","$3,145.72",2 Guests,2,7_bahamian_galveston_mdas,DM1774 | DM1775,"Nassau, Bahamas | Disney Castaway Cay","Marvel Days at Sea
7-Night Bahamian Cruise from Galveston
What's Included on a Disney Cruise?

Sailing to

Nassau, BahamasDisney Castaway Cay
Price from*
₹3,03,013 INR
2 Guests
Rate Details & Gratuities
Show 2 Dates"
17,81,3-Night Bahamian Cruise from Fort Lauderdale,Very Merrytime,,Disney Dream,3 Nights,Fort Lauderdale,,Disney Lookout Cay at Lighthouse Point,Bahamas,Very Merrytime,"₹3,03,836","$3,154.26",2 Guests,1,3_bahamian_fort_lauderdale_merrytime,DD1638,Disney Lookout Cay at Lighthouse Point,"Very Merrytime
3-Night Bahamian Cruise from Fort Lauderdale
What's Included on a Disney Cruise?

Sailing to

Disney Lookout Cay at Lighthouse Point
Price from*
₹3,03,836 INR
2 Guests
Rate Details & Gratuities
Show 1 Date"
17,82,7-Night Eastern Caribbean Cruise from Fort Lauderdale,,Guaranteed with Restrictions,Disney Dream,7 Nights,Fort Lauderdale,,"Disney Lookout Cay at Lighthouse Point | San Juan, Puerto Rico | Tortola, British Virgin Islands",Caribbean,,"₹3,06,554","$3,182.48",2 Guests,2,7_eastern_caribbean_fort_lauderdale,DD1545 | DD1539,"Disney Lookout Cay at Lighthouse Point | San Juan, Puerto Rico | Tortola, British Virgin Islands","Guaranteed with Restrictions 
Disney Cruise Line will select your stateroom for you as part of this special offer. Learn More
7-Night Eastern Caribbean Cruise from Fort Lauderdale
What's Included on a Disney Cruise?

Sailing to

Disney Lookout Cay at Lighthouse PointSan Juan, Puerto RicoTortola, British Virgin Islands
Price from*
₹3,06,554 INR
2 Guests
Rate Details & Gratuities
Show 2 Dates"
17,83,7-Night Mexican Riviera Cruise from San Diego,Very Merrytime,,Disney Wonder,7 Nights,San Diego,,"Ensenada, Mexico | Cabo San Lucas, Mexico | Puerto Vallarta, Mexico",Mexican Riviera,Very Merrytime,"₹3,07,276","$3,189.98",2 Guests,2,7_mexican_riviera_san_diego_merrytime,DW2295 | DW2223,"Ensenada, Mexico | Cabo San Lucas, Mexico | Puerto Vallarta, Mexico","Very Merrytime
7-Night Mexican Riviera Cruise from San Diego
What's Included on a Disney Cruise?

Sailing to

Ensenada, MexicoCabo San Lucas, MexicoPuerto Vallarta, Mexico
Price from*
₹3,07,276 INR
2 Guests
Rate Details & Gratuities
Show 2 Dates"
17,84,5-Night Bahamian Cruise from Port Canaveral,Pixar Days at Sea,,Disney Fantasy,5 Nights,Port Canaveral,,Disney Castaway Cay | Disney Lookout Cay at Lighthouse Point,Bahamas,,"₹3,09,290","$3,210.88",2 Guests,1,5_bahamian_port_canaveral_pixar,DF0856,Disney Castaway Cay | Disney Lookout Cay at Lighthouse Point,"Pixar Days at Sea
5-Night Bahamian Cruise from Port Canaveral
What's Included on a Disney Cruise?

Sailing to

Disney Castaway CayDisney Lookout Cay at Lighthouse Point
Price from*
₹3,09,290 INR
2 Guests
Rate Details & Gratuities
Show 1 Date"
17,85,6-Night Eastern Caribbean Cruise from San Juan ending in Port Canaveral,One-Way Cruise,,Disney Fantasy,6 Nights,San Juan,Port Canaveral,"Philipsburg, St. Maarten | St. Thomas, U.S. Virgin Islands | Disney Lookout Cay at Lighthouse Point | Disney Castaway Cay | Port Canaveral, Florida",Caribbean,,"₹3,10,711","$3,225.64",2 Guests,1,6_eastern_caribbean_san_juan_port_canaveral,DF0952,"Philipsburg, St. Maarten | St. Thomas, U.S. Virgin Islands | Disney Lookout Cay at Lighthouse Point | Disney Castaway Cay | Port Canaveral, Florida","One-Way Cruise
6-Night Eastern Caribbean Cruise from San Juan ending in Port Canaveral
What's Included on a Disney Cruise?

Sailing to

Philipsburg, St. MaartenSt. Thomas, U.S. Virgin IslandsDisney Lookout Cay at Lighthouse PointDisney Castaway CayPort Canaveral, Florida
Price from*
₹3,10,711 INR
2 Guests
Rate Details & Gratuities
Show 1 Date"
18,86,6-Night Bahamian Cruise from Fort Lauderdale,,,Disney Fantasy,6 Nights,Fort Lauderdale,,"Disney Lookout Cay at Lighthouse Point | Disney Castaway Cay | Disney Lookout Cay at Lighthouse Point | Nassau, Bahamas",Bahamas,,"₹3,12,896","$3,248.32",2 Guests,1,6_bahamian_fort_lauderdale,DF0930,"Disney Lookout Cay at Lighthouse Point | Disney Castaway Cay | Nassau, Bahamas","6-Night Bahamian Cruise from Fort Lauderdale
What's Included on a Disney Cruise?

Sailing to

Disney Lookout Cay at Lighthouse PointDisney Castaway CayDisney Lookout Cay at Lighthouse PointNassau, Bahamas
Price from*
₹3,12,896 INR
2 Guests
Rate Details & Gratuities
Show 1 Date"
18,87,6-Night Eastern Caribbean Cruise from Fort Lauderdale,,,Disney Fantasy,6 Nights,Fort Lauderdale,,"Disney Castaway Cay | Disney Lookout Cay at Lighthouse Point | Puerto Plata, Dominican Republic",Caribbean,,"₹3,14,921","$3,269.34",2 Guests,4,6_eastern_caribbean_fort_lauderdale,DF0933 | DF0938 | DF0943 | DF0947,"Disney Castaway Cay | Disney Lookout Cay at Lighthouse Point | Puerto Plata, Dominican Republic","6-Night Eastern Caribbean Cruise from Fort Lauderdale
What's Included on a Disney Cruise?

Sailing to

Disney Castaway CayDisney Lookout Cay at Lighthouse PointPuerto Plata, Dominican Republic
Price from*
₹3,14,921 INR
2 Guests
Rate Details & Gratuities
Show 4 Dates"
18,88,6-Night Eastern Caribbean Cruise from Fort Lauderdale ending San Juan,One-Way Cruise,,Disney Fantasy,6 Nights,Fort Lauderdale,San Juan,"Disney Castaway Cay | Disney Lookout Cay at Lighthouse Point | St. Thomas, U.S. Virgin Islands | Philipsburg, St. Maarten | San Juan, Puerto Rico",Caribbean,,"₹3,17,741","$3,298.62",2 Guests,1,6_eastern_caribbean_fort_lauderdale_san_juan,DF0949,"Disney Castaway Cay | Disney Lookout Cay at Lighthouse Point | St. Thomas, U.S. Virgin Islands | Philipsburg, St. Maarten | San Juan, Puerto Rico","One-Way Cruise
6-Night Eastern Caribbean Cruise from Fort Lauderdale ending San Juan
What's Included on a Disney Cruise?

Sailing to

Disney Castaway CayDisney Lookout Cay at Lighthouse PointSt. Thomas, U.S. Virgin IslandsPhilipsburg, St. MaartenSan Juan, Puerto Rico
Price from*
₹3,17,741 INR
2 Guests
Rate Details & Gratuities
Show 1 Date"
18,89,5-Night Bahamian Cruise from Port Canaveral,Pixar Days at Sea,,Disney Fantasy,5 Nights,Port Canaveral,,"Nassau, Bahamas | Disney Castaway Cay | Disney Lookout Cay at Lighthouse Point",Bahamas,,"₹3,20,485","$3,327.10",2 Guests,7,5_bahamian_port_canaveral_pixar,DF0862 | DF0872 | DF0875 | DF0874 | DF0859 | DF0860 | DF0871,"Nassau, Bahamas | Disney Castaway Cay | Disney Lookout Cay at Lighthouse Point","Pixar Days at Sea
5-Night Bahamian Cruise from Port Canaveral
What's Included on a Disney Cruise?

Sailing to

Nassau, BahamasDisney Castaway CayDisney Lookout Cay at Lighthouse Point
Price from*
₹3,20,485 INR
2 Guests
Rate Details & Gratuities
Show 7 Dates"
18,90,3-Night Belgium Cruise from Southampton,,,Disney Wish,3 Nights,Southampton,,"Zeebrugge (Brussels), Belgium",Europe,,"₹3,22,690","$3,350.00",2 Guests,1,3_belgium_southampton,WW0590,"Zeebrugge (Brussels), Belgium","3-Night Belgium Cruise from Southampton
What's Included on a Disney Cruise?

Sailing to

Zeebrugge (Brussels), Belgium
Price from*
₹3,22,690 INR
2 Guests
Rate Details & Gratuities
Show 1 Date"
19,91,3-Night Northern Europe Cruise from Southampton,,,Disney Wish,3 Nights,Southampton,,"Rotterdam (Amsterdam), Netherlands",Europe,,"₹3,23,927","$3,362.84",2 Guests,1,3_northern_europe_southampton,WW0592,"Rotterdam (Amsterdam), Netherlands ","3-Night Northern Europe Cruise from Southampton
What's Included on a Disney Cruise?

Sailing to

Rotterdam (Amsterdam), Netherlands
Price from*
₹3,23,927 INR
2 Guests
Rate Details & Gratuities
Show 1 Date"
19,92,7-Night Alaskan Cruise from Vancouver,,,Disney Magic,7 Nights,Vancouver,,"Glacier Viewing (Stikine Icecap), Alaska | Skagway, Alaska | Icy Strait Point, Alaska | Ketchikan, Alaska",Alaska,,"₹3,27,058","$3,395.34",2 Guests,16,7_alaskan_vancouver,DM1795 | DM1794 | DM1810 | DM1809 | DM1811 | DM1796 | DM1808 | DM1807 | DM1801 | DM1797 | DM1806 | DM1798 | DM1800 | DM1799 | DM1803 | DM1802,"Glacier Viewing (Stikine Icecap), Alaska | Skagway, Alaska | Icy Strait Point, Alaska | Ketchikan, Alaska","7-Night Alaskan Cruise from Vancouver
What's Included on a Disney Cruise?

Sailing to

Glacier Viewing (Stikine Icecap), AlaskaSkagway, AlaskaIcy Strait Point, AlaskaKetchikan, Alaska
Price from*
₹3,27,058 INR
2 Guests
Rate Details & Gratuities
Show 16 Dates"
19,93,5-Night Bahamian Cruise from Fort Lauderdale,Halloween on the High Seas,,Disney Destiny,5 Nights,Fort Lauderdale,,"Nassau, Bahamas | Disney Castaway Cay | Disney Lookout Cay at Lighthouse Point",Bahamas,Halloween on the High Seas,"₹3,29,755","$3,423.34",2 Guests,3,5_bahamian_fort_lauderdale_halloween,WD0149 | WD0143 | WD0146,"Nassau, Bahamas | Disney Castaway Cay | Disney Lookout Cay at Lighthouse Point","Halloween on the High Seas
5-Night Bahamian Cruise from Fort Lauderdale
What's Included on a Disney Cruise?

Sailing to

Nassau, BahamasDisney Castaway CayDisney Lookout Cay at Lighthouse Point
Price from*
₹3,29,755 INR
2 Guests
Rate Details & Gratuities
Show 3 Dates"
19,94,7-Night Western Caribbean Cruise from Port Canaveral,Halloween on the High Seas,Guaranteed with Restrictions,Disney Treasure,7 Nights,Port Canaveral,,"Cozumel, Mexico | George Town, Grand Cayman | Falmouth, Jamaica | Disney Castaway Cay",Caribbean,Halloween on the High Seas,"₹3,31,344","$3,439.84",2 Guests,6,7_western_caribbean_port_canaveral_halloween,WT0098 | WT0096 | WT0144 | WT0150 | WT0148 | WT0146,"Cozumel, Mexico | George Town, Grand Cayman | Falmouth, Jamaica | Disney Castaway Cay","Halloween on the High Seas
Guaranteed with Restrictions 
Disney Cruise Line will select your stateroom for you as part of this special offer. Learn More
7-Night Western Caribbean Cruise from Port Canaveral
What's Included on a Disney Cruise?

Sailing to

Cozumel, MexicoGeorge Town, Grand CaymanFalmouth, JamaicaDisney Castaway Cay
Price from*
₹3,31,344 INR
2 Guests
Rate Details & Gratuities
Show 6 Dates"
19,95,7-Night Western Caribbean Cruise from Fort Lauderdale,Halloween on the High Seas,Guaranteed with Restrictions,Disney Destiny,7 Nights,Fort Lauderdale,,"Disney Lookout Cay at Lighthouse Point | Falmouth, Jamaica | George Town, Grand Cayman | Cozumel, Mexico",Caribbean,Halloween on the High Seas,"₹3,40,798","$3,537.98",2 Guests,1,7_western_caribbean_fort_lauderdale_halloween,WD0072,"Disney Lookout Cay at Lighthouse Point | Falmouth, Jamaica | George Town, Grand Cayman | Cozumel, Mexico","Halloween on the High Seas
Guaranteed with Restrictions 
Disney Cruise Line will select your stateroom for you as part of this special offer. Learn More
7-Night Western Caribbean Cruise from Fort Lauderdale
What's Included on a Disney Cruise?

Sailing to

Disney Lookout Cay at Lighthouse PointFalmouth, JamaicaGeorge Town, Grand CaymanCozumel, Mexico
Price from*
₹3,40,798 INR
2 Guests
Rate Details & Gratuities
Show 1 Date"
20,96,7-Night Western Caribbean Cruise from Port Canaveral,,Guaranteed with Restrictions,Disney Treasure,7 Nights,Port Canaveral,,"Cozumel, Mexico | George Town, Grand Cayman | Falmouth, Jamaica | Disney Castaway Cay",Caribbean,,"₹3,41,154","$3,541.68",2 Guests,27,7_western_caribbean_port_canaveral,WT0108 | WT0116 | WT0142 | WT0140 | WT0110 | WT0164 | WT0112 | WT0162 | WT0114 | WT0124 | WT0176 | WT0138 | WT0122 | WT0126 | WT0120 | WT0172 | WT0136 | WT0134 | WT0168 | WT0170 | WT0166 | WT0174 | WT0130 | WT0132 | WT0128 | WT0118 | WT0106,"Cozumel, Mexico | George Town, Grand Cayman | Falmouth, Jamaica | Disney Castaway Cay","Guaranteed with Restrictions 
Disney Cruise Line will select your stateroom for you as part of this special offer. Learn More
7-Night Western Caribbean Cruise from Port Canaveral
What's Included on a Disney Cruise?

Sailing to

Cozumel, MexicoGeorge Town, Grand CaymanFalmouth, JamaicaDisney Castaway Cay
Price from*
₹3,41,154 INR
2 Guests
Rate Details & Gratuities
Show 27 Dates"
20,97,5-Night Bahamian Cruise from Port Canaveral,Very Merrytime,,Disney Fantasy,5 Nights,Port Canaveral,,"Nassau, Bahamas | Disney Lookout Cay at Lighthouse Point",Bahamas,Very Merrytime,"₹3,41,622","$3,546.54",2 Guests,1,5_bahamian_port_canaveral_merrytime,DF0921,"Nassau, Bahamas | Disney Lookout Cay at Lighthouse Point","Very Merrytime
5-Night Bahamian Cruise from Port Canaveral
What's Included on a Disney Cruise?

Sailing to

Nassau, BahamasDisney Lookout Cay at Lighthouse Point
Price from*
₹3,41,622 INR
2 Guests
Rate Details & Gratuities
Show 1 Date"
20,98,5-Night Bahamian Cruise from Port Canaveral with 2 Stops at Castaway Cay,2 Stops at Castaway Cay,,Disney Fantasy,5 Nights,Port Canaveral,,Disney Castaway Cay | Disney Lookout Cay at Lighthouse Point | Disney Castaway Cay,Bahamas,,"₹3,42,487","$3,555.52",2 Guests,4,5_bahamian_port_canaveral_dd,DF0854 | DF0901 | DF0869 | DF0892,Disney Castaway Cay | Disney Lookout Cay at Lighthouse Point,"2 Stops at Castaway Cay
5-Night Bahamian Cruise from Port Canaveral with 2 Stops at Castaway Cay
What's Included on a Disney Cruise?

Sailing to

Disney Castaway CayDisney Lookout Cay at Lighthouse PointDisney Castaway Cay
Price from*
₹3,42,487 INR
2 Guests
Rate Details & Gratuities
Show 4 Dates"
20,99,5-Night Bahamian Cruise from Fort Lauderdale,Very Merrytime,Guaranteed with Restrictions,Disney Destiny,5 Nights,Fort Lauderdale,,"Nassau, Bahamas | Disney Castaway Cay",Bahamas,Very Merrytime,"₹3,47,134","$3,603.76",2 Guests,1,5_bahamian_fort_lauderdale_merrytime,WD0081,"Nassau, Bahamas | Disney Castaway Cay","Very Merrytime
Guaranteed with Restrictions 
Disney Cruise Line will select your stateroom for you as part of this special offer. Learn More
5-Night Bahamian Cruise from Fort Lauderdale
What's Included on a Disney Cruise?

Sailing to

Nassau, BahamasDisney Castaway Cay
Price from*
₹3,47,134 INR
2 Guests
Rate Details & Gratuities
Show 1 Date"
20,100,7-Night Western Caribbean Cruise from Port Canaveral,Very Merrytime,Guaranteed with Restrictions,Disney Treasure,7 Nights,Port Canaveral,,"Cozumel, Mexico | George Town, Grand Cayman | Falmouth, Jamaica | Disney Castaway Cay",Caribbean,Very Merrytime,"₹3,47,527","$3,607.84",2 Guests,6,7_western_caribbean_port_canaveral_merrytime,WT0102 | WT0100 | WT0104 | WT0154 | WT0152 | WT0156,"Cozumel, Mexico | George Town, Grand Cayman | Falmouth, Jamaica | Disney Castaway Cay","Very Merrytime
Guaranteed with Restrictions 
Disney Cruise Line will select your stateroom for you as part of this special offer. Learn More
7-Night Western Caribbean Cruise from Port Canaveral
What's Included on a Disney Cruise?

Sailing to

Cozumel, MexicoGeorge Town, Grand CaymanFalmouth, JamaicaDisney Castaway Cay
Price from*
₹3,47,527 INR
2 Guests
Rate Details & Gratuities
Show 6 Dates"
21,101,7-Night Eastern Caribbean Cruise from Port Canaveral,Halloween on the High Seas,Guaranteed with Restrictions,Disney Treasure,7 Nights,Port Canaveral,,"Tortola, British Virgin Islands | St. Thomas, U.S. Virgin Islands | Disney Castaway Cay",Caribbean,Halloween on the High Seas,"₹3,47,824","$3,610.92",2 Guests,5,7_eastern_caribbean_port_canaveral_halloween,WT0097 | WT0095 | WT0145 | WT0149 | WT0147,"Tortola, British Virgin Islands | St. Thomas, U.S. Virgin Islands | Disney Castaway Cay","Halloween on the High Seas
Guaranteed with Restrictions 
Disney Cruise Line will select your stateroom for you as part of this special offer. Learn More
7-Night Eastern Caribbean Cruise from Port Canaveral
What's Included on a Disney Cruise?

Sailing to

Tortola, British Virgin IslandsSt. Thomas, U.S. Virgin IslandsDisney Castaway Cay
Price from*
₹3,47,824 INR
2 Guests
Rate Details & Gratuities
Show 5 Dates"
21,102,5-Night Bahamian Cruise from Fort Lauderdale,,,Disney Destiny,5 Nights,Fort Lauderdale,,Disney Castaway Cay | Disney Lookout Cay at Lighthouse Point,Bahamas,,"₹3,48,365","$3,616.54",2 Guests,2,5_bahamian_fort_lauderdale,WD0110 | WD0087,Disney Castaway Cay | Disney Lookout Cay at Lighthouse Point,"5-Night Bahamian Cruise from Fort Lauderdale
What's Included on a Disney Cruise?

Sailing to

Disney Castaway CayDisney Lookout Cay at Lighthouse Point
Price from*
₹3,48,365 INR
2 Guests
Rate Details & Gratuities
Show 2 Dates"
21,103,4-Night Bahamian Cruise from Port Canaveral,Very Merrytime,Guaranteed with Restrictions,Disney Wish,4 Nights,Port Canaveral,,Disney Lookout Cay at Lighthouse Point,Bahamas,Very Merrytime,"₹3,49,369","$3,626.96",2 Guests,1,4_bahamian_port_canaveral_merrytime,WW0540,Disney Lookout Cay at Lighthouse Point,"Very Merrytime
Guaranteed with Restrictions 
Disney Cruise Line will select your stateroom for you as part of this special offer. Learn More
4-Night Bahamian Cruise from Port Canaveral
What's Included on a Disney Cruise?

Sailing to

Disney Lookout Cay at Lighthouse Point
Price from*
₹3,49,369 INR
2 Guests
Rate Details & Gratuities
Show 1 Date"
21,104,5-Night Bermuda Cruise from New York ending in San Juan,Halloween on the High Seas | One-Way Cruise,,Disney Wish,5 Nights,New York,San Juan,"King's Wharf, Bermuda | King's Wharf, Bermuda | San Juan, Puerto Rico",Bermuda,Halloween on the High Seas,"₹3,51,341","$3,647.44",2 Guests,1,5_bermuda_new_york_san_juan_halloween,WW0603,"King's Wharf, Bermuda | San Juan, Puerto Rico","Halloween on the High Seas
One-Way Cruise
5-Night Bermuda Cruise from New York ending in San Juan
What's Included on a Disney Cruise?

Sailing to

King's Wharf, BermudaKing's Wharf, BermudaSan Juan, Puerto Rico
Price from*
₹3,51,341 INR
2 Guests
Rate Details & Gratuities
Show 1 Date"
21,105,7-Night Eastern Caribbean Cruise from Port Canaveral,,Guaranteed with Restrictions,Disney Treasure,7 Nights,Port Canaveral,,"Tortola, British Virgin Islands | San Juan, Puerto Rico | Disney Castaway Cay",Caribbean,,"₹3,51,365","$3,647.68",2 Guests,4,7_eastern_caribbean_port_canaveral,WT0115 | WT0109 | WT0099 | WT0169,"Tortola, British Virgin Islands | San Juan, Puerto Rico | Disney Castaway Cay","Guaranteed with Restrictions 
Disney Cruise Line will select your stateroom for you as part of this special offer. Learn More
7-Night Eastern Caribbean Cruise from Port Canaveral
What's Included on a Disney Cruise?

Sailing to

Tortola, British Virgin IslandsSan Juan, Puerto RicoDisney Castaway Cay
Price from*
₹3,51,365 INR
2 Guests
Rate Details & Gratuities
Show 4 Dates"
22,106,6-Night Alaskan Cruise from Vancouver,,,Disney Magic,6 Nights,Vancouver,,"Glacier Viewing (Stikine Icecap), Alaska | Icy Strait Point, Alaska | Ketchikan, Alaska",Alaska,,"₹3,55,736","$3,693.06",2 Guests,1,6_alaskan_vancouver,DM1805,"Glacier Viewing (Stikine Icecap), Alaska | Icy Strait Point, Alaska | Ketchikan, Alaska","6-Night Alaskan Cruise from Vancouver
What's Included on a Disney Cruise?

Sailing to

Glacier Viewing (Stikine Icecap), AlaskaIcy Strait Point, AlaskaKetchikan, Alaska
Price from*
₹3,55,736 INR
2 Guests
Rate Details & Gratuities
Show 1 Date"
22,107,7-Night Bahamian Cruise from Galveston,,Guaranteed with Restrictions,Disney Magic,7 Nights,Galveston,,"Nassau, Bahamas | Disney Castaway Cay",Bahamas,,"₹3,58,304","$3,719.72",2 Guests,3,7_bahamian_galveston,DM1791 | DM1849 | DM1768,"Nassau, Bahamas | Disney Castaway Cay","Guaranteed with Restrictions 
Disney Cruise Line will select your stateroom for you as part of this special offer. Learn More
7-Night Bahamian Cruise from Galveston
What's Included on a Disney Cruise?

Sailing to

Nassau, BahamasDisney Castaway Cay
Price from*
₹3,58,304 INR
2 Guests
Rate Details & Gratuities
Show 3 Dates"
22,108,7-Night Eastern Caribbean Cruise from Fort Lauderdale,Very Merrytime,Guaranteed with Restrictions,Disney Dream,7 Nights,Fort Lauderdale,,"Disney Lookout Cay at Lighthouse Point | San Juan, Puerto Rico | Puerto Plata, Dominican Republic | Disney Castaway Cay",Caribbean,Very Merrytime,"₹3,59,323","$3,730.30",2 Guests,1,7_eastern_caribbean_fort_lauderdale_merrytime,DD1528,"Disney Lookout Cay at Lighthouse Point | San Juan, Puerto Rico | Puerto Plata, Dominican Republic | Disney Castaway Cay","Very Merrytime
Guaranteed with Restrictions 
Disney Cruise Line will select your stateroom for you as part of this special offer. Learn More
7-Night Eastern Caribbean Cruise from Fort Lauderdale
What's Included on a Disney Cruise?

Sailing to

Disney Lookout Cay at Lighthouse PointSan Juan, Puerto RicoPuerto Plata, Dominican RepublicDisney Castaway Cay
Price from*
₹3,59,323 INR
2 Guests
Rate Details & Gratuities
Show 1 Date"
22,109,7-Night Eastern Caribbean Cruise from Fort Lauderdale,,,Disney Fantasy,7 Nights,Fort Lauderdale,,"Disney Lookout Cay at Lighthouse Point | St. Thomas, U.S. Virgin Islands | Philipsburg, St. Maarten",Caribbean,,"₹3,59,623","$3,733.42",2 Guests,2,7_eastern_caribbean_fort_lauderdale,DF0937 | DF0929,"Disney Lookout Cay at Lighthouse Point | St. Thomas, U.S. Virgin Islands | Philipsburg, St. Maarten","7-Night Eastern Caribbean Cruise from Fort Lauderdale
What's Included on a Disney Cruise?

Sailing to

Disney Lookout Cay at Lighthouse PointSt. Thomas, U.S. Virgin IslandsPhilipsburg, St. Maarten
Price from*
₹3,59,623 INR
2 Guests
Rate Details & Gratuities
Show 2 Dates"
22,110,7-Night Eastern Caribbean Cruise from Port Canaveral,,Guaranteed with Restrictions,Disney Treasure,7 Nights,Port Canaveral,,"Tortola, British Virgin Islands | St. Thomas, U.S. Virgin Islands | Disney Castaway Cay",Caribbean,,"₹3,60,001","$3,737.34",2 Guests,25,7_eastern_caribbean_port_canaveral,WT0111 | WT0107 | WT0143 | WT0141 | WT0163 | WT0161 | WT0151 | WT0165 | WT0121 | WT0125 | WT0139 | WT0175 | WT0123 | WT0167 | WT0159 | WT0127 | WT0171 | WT0113 | WT0119 | WT0129 | WT0131 | WT0133 | WT0135 | WT0117 | WT0173,"Tortola, British Virgin Islands | St. Thomas, U.S. Virgin Islands | Disney Castaway Cay","Guaranteed with Restrictions 
Disney Cruise Line will select your stateroom for you as part of this special offer. Learn More
7-Night Eastern Caribbean Cruise from Port Canaveral
What's Included on a Disney Cruise?

Sailing to

Tortola, British Virgin IslandsSt. Thomas, U.S. Virgin IslandsDisney Castaway Cay
Price from*
₹3,60,001 INR
2 Guests
Rate Details & Gratuities
Show 25 Dates"
23,111,4-Night Spain Cruise from Southampton,,,Disney Wish,4 Nights,Southampton,,"Bilbao, Spain",Europe,,"₹3,62,203","$3,760.20",2 Guests,1,4_spain_southampton,WW0589,"Bilbao, Spain","4-Night Spain Cruise from Southampton
What's Included on a Disney Cruise?

Sailing to

Bilbao, Spain
Price from*
₹3,62,203 INR
2 Guests
Rate Details & Gratuities
Show 1 Date"
23,112,4-Night Spain Cruise from Southampton,,,Disney Wish,4 Nights,Southampton,,"La Coruña, Spain",Europe,,"₹3,64,447","$3,783.50",2 Guests,2,4_spain_southampton,WW0593 | WW0591,"La Coruña, Spain","4-Night Spain Cruise from Southampton
What's Included on a Disney Cruise?

Sailing to

La Coruña, Spain
Price from*
₹3,64,447 INR
2 Guests
Rate Details & Gratuities
Show 2 Dates"
23,113,7-Night Eastern Caribbean Cruise from Fort Lauderdale,Halloween on the High Seas,Guaranteed with Restrictions,Disney Destiny,7 Nights,Fort Lauderdale,,"Disney Lookout Cay at Lighthouse Point | Disney Castaway Cay | San Juan, Puerto Rico | Puerto Plata, Dominican Republic",Caribbean,Halloween on the High Seas,"₹3,64,717","$3,786.30",2 Guests,1,7_eastern_caribbean_fort_lauderdale_halloween,WD0073,"Disney Lookout Cay at Lighthouse Point | Disney Castaway Cay | San Juan, Puerto Rico | Puerto Plata, Dominican Republic","Halloween on the High Seas
Guaranteed with Restrictions 
Disney Cruise Line will select your stateroom for you as part of this special offer. Learn More
7-Night Eastern Caribbean Cruise from Fort Lauderdale
What's Included on a Disney Cruise?

Sailing to

Disney Lookout Cay at Lighthouse PointDisney Castaway CaySan Juan, Puerto RicoPuerto Plata, Dominican Republic
Price from*
₹3,64,717 INR
2 Guests
Rate Details & Gratuities
Show 1 Date"
23,114,7-Night Alaskan Cruise from Vancouver,,,Disney Wonder,7 Nights,Vancouver,,"Glacier Viewing (Stikine Icecap), Alaska | Skagway, Alaska | Juneau, Alaska | Ketchikan, Alaska",Alaska,,"₹3,67,503","$3,815.22",2 Guests,19,7_alaskan_vancouver,DW2258 | DW2273 | DW2275 | DW2272 | DW2271 | DW2259 | DW2260 | DW2276 | DW2274 | DW2263 | DW2266 | DW2261 | DW2268 | DW2270 | DW2269 | DW2264 | DW2265 | DW2262 | DW2267,"Glacier Viewing (Stikine Icecap), Alaska | Skagway, Alaska | Juneau, Alaska | Ketchikan, Alaska","7-Night Alaskan Cruise from Vancouver
What's Included on a Disney Cruise?

Sailing to

Glacier Viewing (Stikine Icecap), AlaskaSkagway, AlaskaJuneau, AlaskaKetchikan, Alaska
Price from*
₹3,67,503 INR
2 Guests
Rate Details & Gratuities
Show 19 Dates"
23,115,7-Night Mexican Riviera Cruise from San Diego,Very Merrytime,Guaranteed with Restrictions,Disney Wonder,7 Nights,San Diego,,"Mazatlán, Mexico | Cabo San Lucas, Mexico | Ensenada, Mexico",Mexican Riviera,Very Merrytime,"₹3,68,599","$3,826.60",2 Guests,1,7_mexican_riviera_san_diego_merrytime,DW2216,"Mazatlán, Mexico | Cabo San Lucas, Mexico | Ensenada, Mexico","Very Merrytime
Guaranteed with Restrictions 
Disney Cruise Line will select your stateroom for you as part of this special offer. Learn More
7-Night Mexican Riviera Cruise from San Diego
What's Included on a Disney Cruise?

Sailing to

Mazatlán, MexicoCabo San Lucas, MexicoEnsenada, Mexico
Price from*
₹3,68,599 INR
2 Guests
Rate Details & Gratuities
Show 1 Date"
24,116,7-Night Eastern Caribbean Cruise from Port Canaveral,Very Merrytime,Guaranteed with Restrictions,Disney Treasure,7 Nights,Port Canaveral,,"St. Thomas, U.S. Virgin Islands | Tortola, British Virgin Islands | Disney Castaway Cay",Caribbean,Very Merrytime,"₹3,69,401","$3,834.92",2 Guests,4,7_eastern_caribbean_port_canaveral_merrytime,WT0103 | WT0101 | WT0155 | WT0105,"St. Thomas, U.S. Virgin Islands | Tortola, British Virgin Islands | Disney Castaway Cay","Very Merrytime
Guaranteed with Restrictions 
Disney Cruise Line will select your stateroom for you as part of this special offer. Learn More
7-Night Eastern Caribbean Cruise from Port Canaveral
What's Included on a Disney Cruise?

Sailing to

St. Thomas, U.S. Virgin IslandsTortola, British Virgin IslandsDisney Castaway Cay
Price from*
₹3,69,401 INR
2 Guests
Rate Details & Gratuities
Show 4 Dates"
24,117,7-Night Eastern Caribbean Cruise from Fort Lauderdale,,,Disney Fantasy,7 Nights,Fort Lauderdale,,"Disney Lookout Cay at Lighthouse Point | San Juan, Puerto Rico | St. Thomas, U.S. Virgin Islands | Disney Castaway Cay",Caribbean,,"₹3,71,843","$3,860.28",2 Guests,1,7_eastern_caribbean_fort_lauderdale,DF0936,"Disney Lookout Cay at Lighthouse Point | San Juan, Puerto Rico | St. Thomas, U.S. Virgin Islands | Disney Castaway Cay","7-Night Eastern Caribbean Cruise from Fort Lauderdale
What's Included on a Disney Cruise?

Sailing to

Disney Lookout Cay at Lighthouse PointSan Juan, Puerto RicoSt. Thomas, U.S. Virgin IslandsDisney Castaway Cay
Price from*
₹3,71,843 INR
2 Guests
Rate Details & Gratuities
Show 1 Date"
24,118,7-Night Eastern Caribbean Cruise from Fort Lauderdale,,,Disney Fantasy | Disney Destiny,7 Nights,Fort Lauderdale,,"Disney Lookout Cay at Lighthouse Point | San Juan, Puerto Rico | Philipsburg, St. Maarten",Caribbean,,"₹3,71,892","$3,860.78",2 Guests,3,7_eastern_caribbean_fort_lauderdale,DF0941 | WD0094 | DF0946,"Disney Lookout Cay at Lighthouse Point | San Juan, Puerto Rico | Philipsburg, St. Maarten","7-Night Eastern Caribbean Cruise from Fort Lauderdale
What's Included on a Disney Cruise?

Sailing to

Disney Lookout Cay at Lighthouse PointSan Juan, Puerto RicoPhilipsburg, St. Maarten
Price from*
₹3,71,892 INR
2 Guests
Rate Details & Gratuities
Show 3 Dates"
24,119,7-Night Eastern Caribbean Cruise from Fort Lauderdale,Very Merrytime,Guaranteed with Restrictions,Disney Destiny,7 Nights,Fort Lauderdale,,"Disney Lookout Cay at Lighthouse Point | San Juan, Puerto Rico | Philipsburg, St. Maarten",Caribbean,Very Merrytime,"₹3,82,208","$3,967.88",2 Guests,1,7_eastern_caribbean_fort_lauderdale_merrytime,WD0084,"Disney Lookout Cay at Lighthouse Point | San Juan, Puerto Rico | Philipsburg, St. Maarten","Very Merrytime
Guaranteed with Restrictions 
Disney Cruise Line will select your stateroom for you as part of this special offer. Learn More
7-Night Eastern Caribbean Cruise from Fort Lauderdale
What's Included on a Disney Cruise?

Sailing to

Disney Lookout Cay at Lighthouse PointSan Juan, Puerto RicoPhilipsburg, St. Maarten
Price from*
₹3,82,208 INR
2 Guests
Rate Details & Gratuities
Show 1 Date"
24,120,7-Night Bahamian Cruise from Fort Lauderdale with 2 stops at Castaway Cay,Very Merrytime | 2 Stops at Castaway Cay,Guaranteed with Restrictions,Disney Destiny,7 Nights,Fort Lauderdale,,"Disney Lookout Cay at Lighthouse Point | Disney Castaway Cay | Nassau, Bahamas | Disney Castaway Cay",Bahamas,Very Merrytime,"₹3,86,288","$4,010.24",2 Guests,1,7_bahamian_fort_lauderdale_dd_merrytime,WD0083,"Disney Lookout Cay at Lighthouse Point | Disney Castaway Cay | Nassau, Bahamas","Very Merrytime
2 Stops at Castaway CayGuaranteed with Restrictions 
Disney Cruise Line will select your stateroom for you as part of this special offer. Learn More
7-Night Bahamian Cruise from Fort Lauderdale with 2 stops at Castaway Cay
What's Included on a Disney Cruise?

Sailing to

Disney Lookout Cay at Lighthouse PointDisney Castaway CayNassau, BahamasDisney Castaway Cay
Price from*
₹3,86,288 INR
2 Guests
Rate Details & Gratuities
Show 1 Date"
25,121,7-Night Southern Caribbean Cruise from San Juan,,,Disney Fantasy,7 Nights,San Juan,,"Bridgetown, Barbados | Castries, St. Lucia | Roseau, Dominica | St. John's, Antigua",Caribbean,,"₹4,01,716","$4,170.40",2 Guests,1,7_southern_caribbean_san_juan,DF0951,"Bridgetown, Barbados | Castries, St. Lucia | Roseau, Dominica | St. John's, Antigua","7-Night Southern Caribbean Cruise from San Juan
What's Included on a Disney Cruise?

Sailing to

Bridgetown, BarbadosCastries, St. LuciaRoseau, DominicaSt. John's, Antigua
Price from*
₹4,01,716 INR
2 Guests
Rate Details & Gratuities
Show 1 Date"
25,122,6-Night Western Caribbean Cruise from Port Canaveral,,,Disney Destiny,6 Nights,Port Canaveral,,"Cozumel, Mexico | George Town, Grand Cayman | Disney Castaway Cay",Caribbean,,"₹4,03,032","$4,184.06",2 Guests,1,6_western_caribbean_port_canaveral,WD0167,"Cozumel, Mexico | George Town, Grand Cayman | Disney Castaway Cay","6-Night Western Caribbean Cruise from Port Canaveral
What's Included on a Disney Cruise?

Sailing to

Cozumel, MexicoGeorge Town, Grand CaymanDisney Castaway Cay
Price from*
₹4,03,032 INR
2 Guests
Rate Details & Gratuities
Show 1 Date"
25,123,7-Night Southern Caribbean Cruise from San Juan,Very Merrytime,,Disney Fantasy,7 Nights,San Juan,,"Oranjestad, Aruba | Willemstad, Curaçao | Roseau, Dominica | St. John's, Antigua",Caribbean,Very Merrytime,"₹4,03,430","$4,188.20",2 Guests,1,7_southern_caribbean_san_juan_merrytime,DF0925,"Oranjestad, Aruba | Willemstad, Curaçao | Roseau, Dominica | St. John's, Antigua","Very Merrytime
7-Night Southern Caribbean Cruise from San Juan
What's Included on a Disney Cruise?

Sailing to

Oranjestad, ArubaWillemstad, CuraçaoRoseau, DominicaSt. John's, Antigua
Price from*
₹4,03,430 INR
2 Guests
Rate Details & Gratuities
Show 1 Date"
25,124,6-Night Bahamian Cruise from Port Canaveral with 2 Stops at Castaway Cay,2 Stops at Castaway Cay,,Disney Treasure,6 Nights,Port Canaveral,,"Disney Castaway Cay | Disney Lookout Cay at Lighthouse Point | Nassau, Bahamas | Disney Castaway Cay",Bahamas,,"₹4,09,464","$4,250.84",2 Guests,1,6_bahamian_port_canaveral_dd,WT0160,"Disney Castaway Cay | Disney Lookout Cay at Lighthouse Point | Nassau, Bahamas","2 Stops at Castaway Cay
6-Night Bahamian Cruise from Port Canaveral with 2 Stops at Castaway Cay
What's Included on a Disney Cruise?

Sailing to

Disney Castaway CayDisney Lookout Cay at Lighthouse PointNassau, BahamasDisney Castaway Cay
Price from*
₹4,09,464 INR
2 Guests
Rate Details & Gratuities
Show 1 Date"
25,125,6-Night Bahamian Cruise from Fort Lauderdale,Very Merrytime | 2 Stops at Castaway Cay,Guaranteed with Restrictions,Disney Dream,6 Nights,Fort Lauderdale,,Disney Castaway Cay | Disney Lookout Cay at Lighthouse Point | Disney Castaway Cay,Bahamas,Very Merrytime,"₹4,21,601","$4,376.84",2 Guests,1,6_bahamian_fort_lauderdale_merrytime,DD1538,Disney Castaway Cay | Disney Lookout Cay at Lighthouse Point,"Very Merrytime
2 Stops at Castaway CayGuaranteed with Restrictions 
Disney Cruise Line will select your stateroom for you as part of this special offer. Learn More
6-Night Bahamian Cruise from Fort Lauderdale
What's Included on a Disney Cruise?

Sailing to

Disney Castaway CayDisney Lookout Cay at Lighthouse PointDisney Castaway Cay
Price from*
₹4,21,601 INR
2 Guests
Rate Details & Gratuities
Show 1 Date"
26,126,5-Night Bermuda Cruise from New York,Halloween on the High Seas,,Disney Wish,5 Nights,New York,,"King's Wharf, Bermuda | King's Wharf, Bermuda",Bermuda,Halloween on the High Seas,"₹4,25,770","$4,420.12",2 Guests,2,5_bermuda_new_york_halloween,WW0600 | WW0601,"King's Wharf, Bermuda","Halloween on the High Seas
5-Night Bermuda Cruise from New York
What's Included on a Disney Cruise?

Sailing to

King's Wharf, BermudaKing's Wharf, Bermuda
Price from*
₹4,25,770 INR
2 Guests
Rate Details & Gratuities
Show 2 Dates"
26,127,7-Night Eastern Caribbean Cruise from Fort Lauderdale,,,Disney Fantasy,7 Nights,Fort Lauderdale,,"Disney Lookout Cay at Lighthouse Point | San Juan, Puerto Rico | St. John's, Antigua",Caribbean,,"₹4,40,215","$4,570.08",2 Guests,2,7_eastern_caribbean_fort_lauderdale,DF0942 | DF0945,"Disney Lookout Cay at Lighthouse Point | San Juan, Puerto Rico | St. John's, Antigua","7-Night Eastern Caribbean Cruise from Fort Lauderdale
What's Included on a Disney Cruise?

Sailing to

Disney Lookout Cay at Lighthouse PointSan Juan, Puerto RicoSt. John's, Antigua
Price from*
₹4,40,215 INR
2 Guests
Rate Details & Gratuities
Show 2 Dates"
26,128,7-Night Southern Caribbean Cruise from San Juan,,,Disney Fantasy,7 Nights,San Juan,,"Oranjestad, Aruba | Kralendijk, Bonaire | Willemstad, Curaçao | Philipsburg, St. Maarten",Caribbean,,"₹4,42,357","$4,592.32",2 Guests,1,7_southern_caribbean_san_juan,DF0950,"Oranjestad, Aruba | Kralendijk, Bonaire | Willemstad, Curaçao | Philipsburg, St. Maarten","7-Night Southern Caribbean Cruise from San Juan
What's Included on a Disney Cruise?

Sailing to

Oranjestad, ArubaKralendijk, BonaireWillemstad, CuraçaoPhilipsburg, St. Maarten
Price from*
₹4,42,357 INR
2 Guests
Rate Details & Gratuities
Show 1 Date"
26,129,5-Night Bahamian Cruise from Fort Lauderdale,Very Merrytime,,Disney Destiny,5 Nights,Fort Lauderdale,,"Nassau, Bahamas | Disney Lookout Cay at Lighthouse Point",Bahamas,Very Merrytime,"₹4,71,997","$4,900.02",2 Guests,1,5_bahamian_fort_lauderdale_merrytime,WD0157,"Nassau, Bahamas | Disney Lookout Cay at Lighthouse Point","Very Merrytime
5-Night Bahamian Cruise from Fort Lauderdale
What's Included on a Disney Cruise?

Sailing to

Nassau, BahamasDisney Lookout Cay at Lighthouse Point
Price from*
₹4,71,997 INR
2 Guests
Rate Details & Gratuities
Show 1 Date"
26,130,7-Night Southern Caribbean Cruise from San Juan,,,Disney Wish,7 Nights,San Juan,,"Oranjestad, Aruba | Kralendijk, Bonaire | Roseau, Dominica | Philipsburg, St. Maarten",Caribbean,,"₹4,74,875","$4,929.90",2 Guests,1,7_southern_caribbean_san_juan,WW0604,"Oranjestad, Aruba | Kralendijk, Bonaire | Roseau, Dominica | Philipsburg, St. Maarten","7-Night Southern Caribbean Cruise from San Juan
What's Included on a Disney Cruise?

Sailing to

Oranjestad, ArubaKralendijk, BonaireRoseau, DominicaPhilipsburg, St. Maarten
Price from*
₹4,74,875 INR
2 Guests
Rate Details & Gratuities
Show 1 Date"
27,131,7-Night Eastern Caribbean Cruise from Fort Lauderdale,,,Disney Dream,7 Nights,Fort Lauderdale,,"Philipsburg, St. Maarten | San Juan, Puerto Rico | Disney Castaway Cay",Caribbean,,"₹4,75,615","$4,937.58",2 Guests,1,7_eastern_caribbean_fort_lauderdale,DD1552,"Philipsburg, St. Maarten | San Juan, Puerto Rico | Disney Castaway Cay","7-Night Eastern Caribbean Cruise from Fort Lauderdale
What's Included on a Disney Cruise?

Sailing to

Philipsburg, St. MaartenSan Juan, Puerto RicoDisney Castaway Cay
Price from*
₹4,75,615 INR
2 Guests
Rate Details & Gratuities
Show 1 Date"
27,132,6-Night Bahamian Cruise from Fort Lauderdale with 2 Stops at Castaway Cay,Very Merrytime | 2 Stops at Castaway Cay,,Disney Dream,6 Nights,Fort Lauderdale,,"Disney Lookout Cay at Lighthouse Point | Disney Castaway Cay | Nassau, Bahamas | Disney Castaway Cay",Bahamas,Very Merrytime,"₹4,75,840","$4,939.92",2 Guests,1,6_bahamian_fort_lauderdale_dd_merrytime,DD1630,"Disney Lookout Cay at Lighthouse Point | Disney Castaway Cay | Nassau, Bahamas","Very Merrytime
2 Stops at Castaway Cay
6-Night Bahamian Cruise from Fort Lauderdale with 2 Stops at Castaway Cay
What's Included on a Disney Cruise?

Sailing to

Disney Lookout Cay at Lighthouse PointDisney Castaway CayNassau, BahamasDisney Castaway Cay
Price from*
₹4,75,840 INR
2 Guests
Rate Details & Gratuities
Show 1 Date"
27,133,14-Night Eastbound Panama Canal Cruise from San Diego ending in Galveston,One-Way Cruise,Guaranteed with Restrictions,Disney Magic,14 Nights,San Diego,Galveston,"Cabo San Lucas, Mexico | Puerto Vallarta, Mexico | Panama Canal | Cartagena, Colombia | George Town, Grand Cayman | Galveston, Texas",Trans Panama Canal,,"₹4,77,221","$4,954.26",2 Guests,1,14_panama_canal_san_diego_galveston,DM1759,"Cabo San Lucas, Mexico | Puerto Vallarta, Mexico | Panama Canal | Cartagena, Colombia | George Town, Grand Cayman | Galveston, Texas","One-Way CruiseGuaranteed with Restrictions 
Disney Cruise Line will select your stateroom for you as part of this special offer. Learn More
14-Night Eastbound Panama Canal Cruise from San Diego ending in Galveston
What's Included on a Disney Cruise?

Sailing to

Cabo San Lucas, MexicoPuerto Vallarta, MexicoPanama CanalCartagena, ColombiaGeorge Town, Grand CaymanGalveston, Texas
Price from*
₹4,77,221 INR
2 Guests
Rate Details & Gratuities
Show 1 Date"
27,134,14-Night Westbound Panama Canal Cruise from Galveston ending in San Diego,One-Way Cruise,,Disney Magic,14 Nights,Galveston,San Diego,"Cartagena, Colombia | Colón, Panama | Panama Canal | Cabo San Lucas, Mexico | Ensenada, Mexico | San Diego, California",Trans Panama Canal,,"₹4,87,586","$5,061.86",2 Guests,1,14_westbound_panama_canal_galveston_san_diego,DM1850,"Cartagena, Colombia | Colón, Panama | Panama Canal | Cabo San Lucas, Mexico | Ensenada, Mexico | San Diego, California","One-Way Cruise
14-Night Westbound Panama Canal Cruise from Galveston ending in San Diego
What's Included on a Disney Cruise?

Sailing to

Cartagena, ColombiaColón, PanamaPanama CanalCabo San Lucas, MexicoEnsenada, MexicoSan Diego, California
Price from*
₹4,87,586 INR
2 Guests
Rate Details & Gratuities
Show 1 Date"
27,135,7-Night Bahamian Cruise from Galveston,Very Merrytime,,Disney Magic,7 Nights,Galveston,,"Disney Lookout Cay at Lighthouse Point | Nassau, Bahamas",Bahamas,Very Merrytime,"₹5,02,578","$5,217.50",2 Guests,1,7_bahamian_galveston_merrytime,DM1825,"Disney Lookout Cay at Lighthouse Point | Nassau, Bahamas","Very Merrytime
7-Night Bahamian Cruise from Galveston
What's Included on a Disney Cruise?

Sailing to

Disney Lookout Cay at Lighthouse PointNassau, Bahamas
Price from*
₹5,02,578 INR
2 Guests
Rate Details & Gratuities
Show 1 Date"
28,136,5-Night Canada & New England Cruise from New York,Halloween on the High Seas,,Disney Wish,5 Nights,New York,,"Saint John (New Brunswick), Canada | Boston, Massachusetts",Canada,Halloween on the High Seas,"₹5,10,554","$5,300.30",2 Guests,1,5_canada_new_england_new_york_halloween,WW0598,"Saint John (New Brunswick), Canada | Boston, Massachusetts","Halloween on the High Seas
5-Night Canada & New England Cruise from New York
What's Included on a Disney Cruise?

Sailing to

Saint John (New Brunswick), CanadaBoston, Massachusetts
Price from*
₹5,10,554 INR
2 Guests
Rate Details & Gratuities
Show 1 Date"
28,137,5-Night Spain Cruise from Southampton,,,Disney Wish,5 Nights,Southampton,,"La Coruña, Spain | Bilbao, Spain",Europe,,"₹5,12,421","$5,319.68",2 Guests,1,5_spain_southampton,WW0587,"La Coruña, Spain | Bilbao, Spain","5-Night Spain Cruise from Southampton
What's Included on a Disney Cruise?

Sailing to

La Coruña, SpainBilbao, Spain
Price from*
₹5,12,421 INR
2 Guests
Rate Details & Gratuities
Show 1 Date"
28,138,14-Night Eastbound Panama Canal Cruise from San Diego ending in Galveston,One-Way Cruise,,Disney Magic,14 Nights,San Diego,Galveston,"Cabo San Lucas, Mexico | Puerto Vallarta, Mexico | Fuerte Amador (Panama City), Panama | Panama Canal | Cartagena, Colombia | Galveston, Texas",Trans Panama Canal,,"₹5,20,256","$5,401.02",2 Guests,1,14_panama_canal_san_diego_galveston,DM1823,"Cabo San Lucas, Mexico | Puerto Vallarta, Mexico | Fuerte Amador (Panama City), Panama | Panama Canal | Cartagena, Colombia | Galveston, Texas","One-Way Cruise
14-Night Eastbound Panama Canal Cruise from San Diego ending in Galveston
What's Included on a Disney Cruise?

Sailing to

Cabo San Lucas, MexicoPuerto Vallarta, MexicoFuerte Amador (Panama City), PanamaPanama CanalCartagena, ColombiaGalveston, Texas
Price from*
₹5,20,256 INR
2 Guests
Rate Details & Gratuities
Show 1 Date"
28,139,8-Night Alaskan Cruise from Vancouver,,,Disney Magic,8 Nights,Vancouver,,"Glacier Viewing (Stikine Icecap), Alaska | Skagway, Alaska | Icy Strait Point, Alaska | Sitka, Alaska | Ketchikan, Alaska",Alaska,,"₹5,20,971","$5,408.44",2 Guests,1,8_alaska_vancouver,DM1804,"Glacier Viewing (Stikine Icecap), Alaska | Skagway, Alaska | Icy Strait Point, Alaska | Sitka, Alaska | Ketchikan, Alaska","8-Night Alaskan Cruise from Vancouver
What's Included on a Disney Cruise?

Sailing to

Glacier Viewing (Stikine Icecap), AlaskaSkagway, AlaskaIcy Strait Point, AlaskaSitka, AlaskaKetchikan, Alaska
Price from*
₹5,20,971 INR
2 Guests
Rate Details & Gratuities
Show 1 Date"
28,140,6-Night Bermuda & Canada Cruise from New York,Halloween on the High Seas,,Disney Wish,6 Nights,New York,,"King's Wharf, Bermuda | Halifax (Nova Scotia), Canada",Canada,Halloween on the High Seas,"₹5,21,373","$5,412.62",2 Guests,1,6_bermuda_canada_new_york_halloween,WW0599,"King's Wharf, Bermuda | Halifax (Nova Scotia), Canada","Halloween on the High Seas
6-Night Bermuda & Canada Cruise from New York
What's Included on a Disney Cruise?

Sailing to

King's Wharf, BermudaHalifax (Nova Scotia), Canada
Price from*
₹5,21,373 INR
2 Guests
Rate Details & Gratuities
Show 1 Date"
29,141,5-Night Spain Cruise from Southampton,,,Disney Wish,5 Nights,Southampton,,"Vigo, Spain | La Coruña, Spain",Europe,,"₹5,23,252","$5,432.12",2 Guests,1,5_spain_southampton,WW0588,"Vigo, Spain | La Coruña, Spain","5-Night Spain Cruise from Southampton
What's Included on a Disney Cruise?

Sailing to

Vigo, SpainLa Coruña, Spain
Price from*
₹5,23,252 INR
2 Guests
Rate Details & Gratuities
Show 1 Date"
29,142,7-Night Mexican Riviera Cruise from San Diego,Very Merrytime,,Disney Wonder,7 Nights,San Diego,,"Cabo San Lucas, Mexico | Puerto Vallarta, Mexico | Mazatlán, Mexico",Mexican Riviera,Very Merrytime,"₹5,26,396","$5,464.76",2 Guests,1,7_mexican_riviera_san_diego_merrytime,DW2299,"Cabo San Lucas, Mexico | Puerto Vallarta, Mexico | Mazatlán, Mexico","Very Merrytime
7-Night Mexican Riviera Cruise from San Diego
What's Included on a Disney Cruise?

Sailing to

Cabo San Lucas, MexicoPuerto Vallarta, MexicoMazatlán, Mexico
Price from*
₹5,26,396 INR
2 Guests
Rate Details & Gratuities
Show 1 Date"
29,143,7-Night Western Caribbean Cruise from Fort Lauderdale,,,Disney Destiny,7 Nights,Fort Lauderdale,,"George Town, Grand Cayman | Falmouth, Jamaica | Disney Lookout Cay at Lighthouse Point | Nassau, Bahamas",Caribbean,,"₹5,31,160","$5,514.22",2 Guests,1,7_western_caribbean_fort_lauderdale,WD0131,"George Town, Grand Cayman | Falmouth, Jamaica | Disney Lookout Cay at Lighthouse Point | Nassau, Bahamas","7-Night Western Caribbean Cruise from Fort Lauderdale
What's Included on a Disney Cruise?

Sailing to

George Town, Grand CaymanFalmouth, JamaicaDisney Lookout Cay at Lighthouse PointNassau, Bahamas
Price from*
₹5,31,160 INR
2 Guests
Rate Details & Gratuities
Show 1 Date"
29,144,7-Night Eastern Caribbean Cruise from Fort Lauderdale,,,Disney Destiny,7 Nights,Fort Lauderdale,,"Disney Lookout Cay at Lighthouse Point | Disney Castaway Cay | Puerto Plata, Dominican Republic | Nassau, Bahamas",Caribbean,,"₹5,33,285","$5,536.28",2 Guests,1,7_eastern_caribbean_fort_lauderdale,WD0095,"Disney Lookout Cay at Lighthouse Point | Disney Castaway Cay | Puerto Plata, Dominican Republic | Nassau, Bahamas","7-Night Eastern Caribbean Cruise from Fort Lauderdale
What's Included on a Disney Cruise?

Sailing to

Disney Lookout Cay at Lighthouse PointDisney Castaway CayPuerto Plata, Dominican RepublicNassau, Bahamas
Price from*
₹5,33,285 INR
2 Guests
Rate Details & Gratuities
Show 1 Date"
29,145,5-Night Bahamian Cruise from Fort Lauderdale,Very Merrytime,,Disney Destiny,5 Nights,Fort Lauderdale,,Disney Lookout Cay at Lighthouse Point | Disney Castaway Cay,Bahamas,Very Merrytime,"₹5,44,692","$5,654.70",2 Guests,1,5_bahamian_fort_lauderdale_merrytime,WD0086,Disney Lookout Cay at Lighthouse Point | Disney Castaway Cay,"Very Merrytime
5-Night Bahamian Cruise from Fort Lauderdale
What's Included on a Disney Cruise?

Sailing to

Disney Lookout Cay at Lighthouse PointDisney Castaway Cay
Price from*
₹5,44,692 INR
2 Guests
Rate Details & Gratuities
Show 1 Date"
30,146,8-Night Eastern Caribbean Cruise from Fort Lauderdale,,,Disney Fantasy,8 Nights,Fort Lauderdale,,"Disney Lookout Cay at Lighthouse Point | San Juan, Puerto Rico | St. John's, Antigua | Philipsburg, St. Maarten",Caribbean,,"₹5,52,937","$5,740.30",2 Guests,1,8_eastern_caribbean_fort_lauderdale,DF0948,"Disney Lookout Cay at Lighthouse Point | San Juan, Puerto Rico | St. John's, Antigua | Philipsburg, St. Maarten","8-Night Eastern Caribbean Cruise from Fort Lauderdale
What's Included on a Disney Cruise?

Sailing to

Disney Lookout Cay at Lighthouse PointSan Juan, Puerto RicoSt. John's, AntiguaPhilipsburg, St. Maarten
Price from*
₹5,52,937 INR
2 Guests
Rate Details & Gratuities
Show 1 Date"
30,147,7-Night Mexican Riviera Cruise from San Diego,,,Disney Wonder,7 Nights,San Diego,,"Mazatlán, Mexico | Puerto Vallarta, Mexico",Mexican Riviera,,"₹5,53,642","$5,747.62",2 Guests,1,7_mexican_riviera,DW2300,"Mazatlán, Mexico | Puerto Vallarta, Mexico","7-Night Mexican Riviera Cruise from San Diego
What's Included on a Disney Cruise?

Sailing to

Mazatlán, MexicoPuerto Vallarta, Mexico
Price from*
₹5,53,642 INR
2 Guests
Rate Details & Gratuities
Show 1 Date"
30,148,7-Night Eastern Caribbean Cruise from Port Canaveral,,,Disney Treasure,7 Nights,Port Canaveral,,"Philipsburg, St. Maarten | St. Thomas, U.S. Virgin Islands | Disney Castaway Cay",Caribbean,,"₹5,60,755","$5,821.46",2 Guests,1,7_eastern_caribbean_port_canaveral,WT0137,"Philipsburg, St. Maarten | St. Thomas, U.S. Virgin Islands | Disney Castaway Cay","7-Night Eastern Caribbean Cruise from Port Canaveral
What's Included on a Disney Cruise?

Sailing to

Philipsburg, St. MaartenSt. Thomas, U.S. Virgin IslandsDisney Castaway Cay
Price from*
₹5,60,755 INR
2 Guests
Rate Details & Gratuities
Show 1 Date"
30,149,7-Night Western Caribbean Cruise from Fort Lauderdale,,,Disney Destiny,7 Nights,Fort Lauderdale,,"Disney Lookout Cay at Lighthouse Point | Falmouth, Jamaica | George Town, Grand Cayman | Cozumel, Mexico",Caribbean,,"₹5,73,973","$5,958.68",2 Guests,1,7_western_caribbean_fort_lauderdale,WD0123,"Disney Lookout Cay at Lighthouse Point | Falmouth, Jamaica | George Town, Grand Cayman | Cozumel, Mexico","7-Night Western Caribbean Cruise from Fort Lauderdale
What's Included on a Disney Cruise?

Sailing to

Disney Lookout Cay at Lighthouse PointFalmouth, JamaicaGeorge Town, Grand CaymanCozumel, Mexico
Price from*
₹5,73,973 INR
2 Guests
Rate Details & Gratuities
Show 1 Date"
30,150,14-Night Westbound Panama Canal Cruise from Galveston ending in San Diego,One-Way Cruise,,Disney Magic,14 Nights,Galveston,San Diego,"Cozumel, Mexico | Cartagena, Colombia | Panama Canal | Cabo San Lucas, Mexico | Ensenada, Mexico | San Diego, California",Trans Panama Canal,,"₹5,79,980","$6,021.04",2 Guests,1,14_westbound_panama_canal_galveston_san_diego,DM1792,"Cozumel, Mexico | Cartagena, Colombia | Panama Canal | Cabo San Lucas, Mexico | Ensenada, Mexico | San Diego, California","One-Way Cruise
14-Night Westbound Panama Canal Cruise from Galveston ending in San Diego
What's Included on a Disney Cruise?

Sailing to

Cozumel, MexicoCartagena, ColombiaPanama CanalCabo San Lucas, MexicoEnsenada, MexicoSan Diego, California
Price from*
₹5,79,980 INR
2 Guests
Rate Details & Gratuities
Show 1 Date"
31,151,6-Night Western Europe Cruise from Barcelona ending in Southampton,One-Way Cruise,,Disney Wish,6 Nights,Barcelona,Southampton,"Gibraltar | Lisbon, Portugal | Vigo, Spain | Southampton, England",Europe,,"₹5,81,777","$6,039.70",2 Guests,1,6_western_europe_barcelona_southampton,WW0584,"Gibraltar | Lisbon, Portugal | Vigo, Spain | Southampton, England","One-Way Cruise
6-Night Western Europe Cruise from Barcelona ending in Southampton
What's Included on a Disney Cruise?

Sailing to

GibraltarLisbon, PortugalVigo, SpainSouthampton, England
Price from*
₹5,81,777 INR
2 Guests
Rate Details & Gratuities
Show 1 Date"
31,152,7-Night Eastern Caribbean Cruise from Fort Lauderdale,Very Merrytime,,Disney Fantasy,7 Nights,Fort Lauderdale,,"Disney Lookout Cay at Lighthouse Point | Tortola, British Virgin Islands | Philipsburg, St. Maarten",Caribbean,Very Merrytime,"₹6,19,288","$6,429.12",2 Guests,1,7_eastern_caribbean_fort_lauderdale_merrytime,DF0928,"Disney Lookout Cay at Lighthouse Point | Tortola, British Virgin Islands | Philipsburg, St. Maarten","Very Merrytime
7-Night Eastern Caribbean Cruise from Fort Lauderdale
What's Included on a Disney Cruise?

Sailing to

Disney Lookout Cay at Lighthouse PointTortola, British Virgin IslandsPhilipsburg, St. Maarten
Price from*
₹6,19,288 INR
2 Guests
Rate Details & Gratuities
Show 1 Date"
31,153,7-Night Mediterranean Cruise from Barcelona,,,Disney Wish,7 Nights,Barcelona,,"Palma de Mallorca, Spain | Naples (Pompeii), Italy | Civitavecchia (Rome), Italy | Livorno (Florence, Pisa), Italy",Europe,,"₹6,22,873","$6,466.34",2 Guests,2,7_mediterranean_barcelona,WW0577 | WW0583,"Palma de Mallorca, Spain | Naples (Pompeii), Italy | Civitavecchia (Rome), Italy | Livorno (Florence, Pisa), Italy","7-Night Mediterranean Cruise from Barcelona
What's Included on a Disney Cruise?

Sailing to

Palma de Mallorca, SpainNaples (Pompeii), ItalyCivitavecchia (Rome), ItalyLivorno (Florence, Pisa), Italy
Price from*
₹6,22,873 INR
2 Guests
Rate Details & Gratuities
Show 2 Dates"
31,154,7-Night Mediterranean Cruise from Barcelona,,,Disney Wish,7 Nights,Barcelona,,"Naples (Pompeii), Italy | Civitavecchia (Rome), Italy | Livorno (Florence, Pisa), Italy | Genoa (Milan), Italy",Europe,,"₹6,23,010","$6,467.76",2 Guests,1,7_mediterranean_barcelona,WW0582,"Naples (Pompeii), Italy | Civitavecchia (Rome), Italy | Livorno (Florence, Pisa), Italy | Genoa (Milan), Italy","7-Night Mediterranean Cruise from Barcelona
What's Included on a Disney Cruise?

Sailing to

Naples (Pompeii), ItalyCivitavecchia (Rome), ItalyLivorno (Florence, Pisa), ItalyGenoa (Milan), Italy
Price from*
₹6,23,010 INR
2 Guests
Rate Details & Gratuities
Show 1 Date"
31,155,7-Night British Isles Cruise from Southampton,,,Disney Wish,7 Nights,Southampton,,"Greenock (Glasgow & Edinburgh), Scotland | Liverpool, England | Belfast, Northern Ireland | Portland (Stonehenge), England",Europe,,"₹6,25,622","$6,494.88",2 Guests,1,7_british_isles_southampton,WW0594,"Greenock (Glasgow & Edinburgh), Scotland | Liverpool, England | Belfast, Northern Ireland | Portland (Stonehenge), England","7-Night British Isles Cruise from Southampton
What's Included on a Disney Cruise?

Sailing to

Greenock (Glasgow & Edinburgh), ScotlandLiverpool, EnglandBelfast, Northern IrelandPortland (Stonehenge), England
Price from*
₹6,25,622 INR
2 Guests
Rate Details & Gratuities
Show 1 Date"
32,156,8-Night Bermuda Cruise from Fort Lauderdale,,,Disney Fantasy,8 Nights,Fort Lauderdale,,"King's Wharf, Bermuda | King's Wharf, Bermuda | Disney Lookout Cay at Lighthouse Point | Disney Castaway Cay",Bermuda,,"₹6,36,143","$6,604.10",2 Guests,1,8_bermuda_fort_lauderdale,DF0944,"King's Wharf, Bermuda | Disney Lookout Cay at Lighthouse Point | Disney Castaway Cay","8-Night Bermuda Cruise from Fort Lauderdale
What's Included on a Disney Cruise?

Sailing to

King's Wharf, BermudaKing's Wharf, BermudaDisney Lookout Cay at Lighthouse PointDisney Castaway Cay
Price from*
₹6,36,143 INR
2 Guests
Rate Details & Gratuities
Show 1 Date"
32,157,7-Night Eastern Caribbean Cruise from Fort Lauderdale,,,Disney Destiny,7 Nights,Fort Lauderdale,,"Disney Castaway Cay | Disney Lookout Cay at Lighthouse Point | San Juan, Puerto Rico | Puerto Plata, Dominican Republic",Caribbean,,"₹6,41,216","$6,656.76",2 Guests,2,7_eastern_caribbean_fort_lauderdale,WD0132 | WD0124,"Disney Castaway Cay | Disney Lookout Cay at Lighthouse Point | San Juan, Puerto Rico | Puerto Plata, Dominican Republic","7-Night Eastern Caribbean Cruise from Fort Lauderdale
What's Included on a Disney Cruise?

Sailing to

Disney Castaway CayDisney Lookout Cay at Lighthouse PointSan Juan, Puerto RicoPuerto Plata, Dominican Republic
Price from*
₹6,41,216 INR
2 Guests
Rate Details & Gratuities
Show 2 Dates"
32,158,7-Night Eastern Caribbean Cruise from Port Canaveral,Very Merrytime,,Disney Treasure,7 Nights,Port Canaveral,,"Tortola, British Virgin Islands | San Juan, Puerto Rico | Disney Castaway Cay",Caribbean,Very Merrytime,"₹6,50,711","$6,755.34",2 Guests,1,7_eastern_caribbean_port_canaveral_merrytime,WT0153,"Tortola, British Virgin Islands | San Juan, Puerto Rico | Disney Castaway Cay","Very Merrytime
7-Night Eastern Caribbean Cruise from Port Canaveral
What's Included on a Disney Cruise?

Sailing to

Tortola, British Virgin IslandsSan Juan, Puerto RicoDisney Castaway Cay
Price from*
₹6,50,711 INR
2 Guests
Rate Details & Gratuities
Show 1 Date"
32,159,7-Night Northern Europe Cruise from Southampton,,,Disney Wish,7 Nights,Southampton,,"Rotterdam (Amsterdam), Netherlands | Kristiansand, Norway | Copenhagen, Denmark | Skagen, Denmark",Europe,,"₹6,68,736","$6,942.46",2 Guests,1,7_northern_europe_southampton,WW0595,"Rotterdam (Amsterdam), Netherlands  | Kristiansand, Norway | Copenhagen, Denmark | Skagen, Denmark","7-Night Northern Europe Cruise from Southampton
What's Included on a Disney Cruise?

Sailing to

Rotterdam (Amsterdam), NetherlandsKristiansand, NorwayCopenhagen, DenmarkSkagen, Denmark
Price from*
₹6,68,736 INR
2 Guests
Rate Details & Gratuities
Show 1 Date"
32,160,7-Night Western Caribbean Cruise from Port Canaveral,Very Merrytime,,Disney Destiny,7 Nights,Port Canaveral,,"Disney Castaway Cay | Disney Lookout Cay at Lighthouse Point | Cozumel, Mexico",Caribbean,Very Merrytime,"₹7,10,146","$7,372.36",2 Guests,1,7_western_caribbean_port_canaveral_merrytime,WD0164,"Disney Castaway Cay | Disney Lookout Cay at Lighthouse Point | Cozumel, Mexico","Very Merrytime
7-Night Western Caribbean Cruise from Port Canaveral
What's Included on a Disney Cruise?

Sailing to

Disney Castaway CayDisney Lookout Cay at Lighthouse PointCozumel, Mexico
Price from*
₹7,10,146 INR
2 Guests
Rate Details & Gratuities
Show 1 Date"
33,161,8-Night Mediterranean Cruise with Greek Isles from Civitavecchia (Rome),,,Disney Wish,8 Nights,Civitavecchia (Rome),,"Chania, Greece | Santorini, Greece | Rhodes, Greece | Mykonos, Greece | Naples (Pompeii), Italy",Europe,,"₹7,22,900","$7,504.76",2 Guests,1,8_mediterranean_greek_isles_civitavecchia,WW0580,"Chania, Greece | Santorini, Greece | Rhodes, Greece | Mykonos, Greece | Naples (Pompeii), Italy","8-Night Mediterranean Cruise with Greek Isles from Civitavecchia (Rome)
What's Included on a Disney Cruise?

Sailing to

Chania, GreeceSantorini, GreeceRhodes, GreeceMykonos, GreeceNaples (Pompeii), Italy
Price from*
₹7,22,900 INR
2 Guests
Rate Details & Gratuities
Show 1 Date"
33,162,7-Night Southern Caribbean Cruise from San Juan,,,Disney Dream,7 Nights,San Juan,,"Willemstad, Curaçao | Oranjestad, Aruba | St. John's, Antigua | Philipsburg, St. Maarten",Caribbean,,"₹7,45,919","$7,743.74",2 Guests,1,7_southern_caribbean_san_juan,DD1567,"Willemstad, Curaçao | Oranjestad, Aruba | St. John's, Antigua | Philipsburg, St. Maarten","7-Night Southern Caribbean Cruise from San Juan
What's Included on a Disney Cruise?

Sailing to

Willemstad, CuraçaoOranjestad, ArubaSt. John's, AntiguaPhilipsburg, St. Maarten
Price from*
₹7,45,919 INR
2 Guests
Rate Details & Gratuities
Show 1 Date"
33,163,9-Night Mediterranean with Greek Isles Cruise from Barcelona ending in Civitavecchia (Rome),One-Way Cruise,,Disney Wish,9 Nights,Barcelona,Civitavecchia (Rome),"Valletta, Malta | Chania, Greece | Piraeus (Athens), Greece | Mykonos, Greece | Naples (Pompeii), Italy | Civitavecchia (Rome), Italy",Europe,,"₹7,49,695","$7,782.94",2 Guests,1,9_mediterranean_greek_isles_barcelona_civitavecchia,WW0578,"Valletta, Malta | Chania, Greece | Piraeus (Athens), Greece | Mykonos, Greece | Naples (Pompeii), Italy | Civitavecchia (Rome), Italy","One-Way Cruise
9-Night Mediterranean with Greek Isles Cruise from Barcelona ending in Civitavecchia (Rome)
What's Included on a Disney Cruise?

Sailing to

Valletta, MaltaChania, GreecePiraeus (Athens), GreeceMykonos, GreeceNaples (Pompeii), ItalyCivitavecchia (Rome), Italy
Price from*
₹7,49,695 INR
2 Guests
Rate Details & Gratuities
Show 1 Date"
33,164,7-Night Norwegian Fjords Cruise from Southampton,,,Disney Wish,7 Nights,Southampton,,"Kristiansand, Norway | Olden, Norway | Alesund, Norway | Haugesund, Norway",Europe,,"₹7,59,303","$7,882.68",2 Guests,1,7_norwegian_fjords_southampton,WW0585,"Kristiansand, Norway | Olden, Norway | Alesund, Norway | Haugesund, Norway","7-Night Norwegian Fjords Cruise from Southampton
What's Included on a Disney Cruise?

Sailing to

Kristiansand, NorwayOlden, NorwayAlesund, NorwayHaugesund, Norway
Price from*
₹7,59,303 INR
2 Guests
Rate Details & Gratuities
Show 1 Date"
33,165,7-Night Norwegian Fjords Cruise from Southampton,,,Disney Wish,7 Nights,Southampton,,"Bergen, Norway | Hellesylt, Norway | Alesund, Norway | Stavanger, Norway",Europe,,"₹7,62,258","$7,913.36",2 Guests,1,7_norwegian_fjords_southampton,WW0586,"Bergen, Norway | Hellesylt, Norway | Alesund, Norway | Stavanger, Norway","7-Night Norwegian Fjords Cruise from Southampton
What's Included on a Disney Cruise?

Sailing to

Bergen, NorwayHellesylt, NorwayAlesund, NorwayStavanger, Norway
Price from*
₹7,62,258 INR
2 Guests
Rate Details & Gratuities
Show 1 Date"
34,166,7-Night Western Caribbean Cruise from Port Canaveral,,,Disney Treasure,7 Nights,Port Canaveral,,"Disney Castaway Cay | Falmouth, Jamaica | George Town, Grand Cayman",Caribbean,,"₹7,72,155","$8,016.10",2 Guests,1,7_western_caribbean_port_canaveral,WT0158,"Disney Castaway Cay | Falmouth, Jamaica | George Town, Grand Cayman","7-Night Western Caribbean Cruise from Port Canaveral
What's Included on a Disney Cruise?

Sailing to

Disney Castaway CayFalmouth, JamaicaGeorge Town, Grand Cayman
Price from*
₹7,72,155 INR
2 Guests
Rate Details & Gratuities
Show 1 Date"
34,167,8-Night Eastern Caribbean Cruise from Port Canaveral,Very Merrytime,,Disney Treasure,8 Nights,Port Canaveral,,"Tortola, British Virgin Islands | St. Thomas, U.S. Virgin Islands | San Juan, Puerto Rico | Disney Castaway Cay",Caribbean,Very Merrytime,"₹7,94,327","$8,246.28",2 Guests,1,8_eastern_caribbean_port_canaveral_merrytime,WT0157,"Tortola, British Virgin Islands | St. Thomas, U.S. Virgin Islands | San Juan, Puerto Rico | Disney Castaway Cay","Very Merrytime
8-Night Eastern Caribbean Cruise from Port Canaveral
What's Included on a Disney Cruise?

Sailing to

Tortola, British Virgin IslandsSt. Thomas, U.S. Virgin IslandsSan Juan, Puerto RicoDisney Castaway Cay
Price from*
₹7,94,327 INR
2 Guests
Rate Details & Gratuities
Show 1 Date"
34,168,8-Night Adriatic Sea and Greece Cruise from Civitavecchia (Rome),,,Disney Wish,8 Nights,Civitavecchia (Rome),,"Corfu, Greece | Trieste (Venice), Italy | Zadar, Croatia | Dubrovnik, Croatia",Europe,,"₹7,96,949","$8,273.50",2 Guests,1,8_adriatic_sea_greece_civitavecchia,WW0579,"Corfu, Greece | Trieste (Venice), Italy | Zadar, Croatia | Dubrovnik, Croatia","8-Night Adriatic Sea and Greece Cruise from Civitavecchia (Rome)
What's Included on a Disney Cruise?

Sailing to

Corfu, GreeceTrieste (Venice), ItalyZadar, CroatiaDubrovnik, Croatia
Price from*
₹7,96,949 INR
2 Guests
Rate Details & Gratuities
Show 1 Date"
34,169,10-Night Mediterranean with Greek Isles Cruise from Civitavecchia (Rome) ending in Barcelona,One-Way Cruise,,Disney Wish,10 Nights,Civitavecchia (Rome),Barcelona,"Piraeus (Athens), Greece | Mykonos, Greece | Rhodes, Greece | Chania, Greece | Messina (Sicily), Italy | Barcelona, Spain",Europe,,"₹7,97,132","$8,275.40",2 Guests,1,10_mediterranean_greek_isles_civitavecchia_barcelona,WW0581,"Piraeus (Athens), Greece | Mykonos, Greece | Rhodes, Greece | Chania, Greece | Messina (Sicily), Italy  | Barcelona, Spain","One-Way Cruise
10-Night Mediterranean with Greek Isles Cruise from Civitavecchia (Rome) ending in Barcelona
What's Included on a Disney Cruise?

Sailing to

Piraeus (Athens), GreeceMykonos, GreeceRhodes, GreeceChania, GreeceMessina (Sicily), ItalyBarcelona, Spain
Price from*
₹7,97,132 INR
2 Guests
Rate Details & Gratuities
Show 1 Date"
34,170,10-Night Southern Caribbean Cruise from Port Canaveral,,,Disney Fantasy,10 Nights,Port Canaveral,,"Philipsburg, St. Maarten | Castries, St. Lucia | St. John's, Antigua | San Juan, Puerto Rico | Disney Lookout Cay at Lighthouse Point | Disney Castaway Cay",Caribbean,,"₹8,16,384","$8,475.26",2 Guests,1,10_southern_caribbean_port_canaveral,DF0895,"Philipsburg, St. Maarten | Castries, St. Lucia | St. John's, Antigua | San Juan, Puerto Rico | Disney Lookout Cay at Lighthouse Point | Disney Castaway Cay","10-Night Southern Caribbean Cruise from Port Canaveral
What's Included on a Disney Cruise?

Sailing to

Philipsburg, St. MaartenCastries, St. LuciaSt. John's, AntiguaSan Juan, Puerto RicoDisney Lookout Cay at Lighthouse PointDisney Castaway Cay
Price from*
₹8,16,384 INR
2 Guests
Rate Details & Gratuities
Show 1 Date"
35,171,4-Night Bermuda Cruise from New York,,,Disney Wish,4 Nights,New York,,"King's Wharf, Bermuda",Bermuda,,"₹24,83,273","$25,780.02",2 Guests,1,4_bermuda_new_york,WW0597,"King's Wharf, Bermuda","4-Night Bermuda Cruise from New York
What's Included on a Disney Cruise?

Sailing to

King's Wharf, Bermuda
Price from*
₹24,83,273 INR
2 Guests
Rate Details & Gratuities
Show 1 Date"
