Company ID,Company Name,Company Description,Sales Markets,Primary Business Activity,Categories,Events,Address,Email,Telephone,Website,Country,Ingredient Groups,Finished Product Groups,Delivery Formats,Health & Wellness,Operations & Services,Certifications,Profile URL
316951,Cosun Ingredients,"Cosun Ingredients offers a broad portfolio of plant-based ingredient solutions, including Sensus® chicory root fiber, Tendra® fava bean protein and Fidesse® beet fiber. Combining expertise in fibers & prebiotics, proteins and texturants, we help food and beverage brands and manufacturers develop products that deliver on nutrition, taste, texture and sustainability. Through ingredient innovation, application expertise and scientific insights, we support the creation of future-fit food solutions that meet evolving consumer needs.",Asia; Central/South America; North America; Western Europe,Manufacturer: Ingredients / Additives,"Additives incl. Flavourings & Colours: Emulsifiers, Stabilisers, Thickeners | Dietary Fibres, Prebiotics: Prebiotics | Fungi & Yeasts, Microorganisms & Probiotics, Mushrooms | Proteins, Enzymes, Amino Acids: Proteins - Plant | Finished Food Categories: Beverages / Juices, Dairy, Meat, Poultry & Fish, Other Finished Food Categories, Plant-based foods | Specialised Finished Products: Dietary supplements, Functional beverages, Functional food, Protein products, Sugar replacers / Sweeteners | Dosage Formats: Liquids, Powders | Physical Formats: Sliced | Children's Health | Cognitive & Mental Health | Digestive Health | Healthy Ageing | Immune Support | Metabolic Health | Sports Nutrition | Weight Management",Fi Europe 2026 - 17-19 November 2026 - Visit us at stand 31D46 | Vitafoods Europe 2027 - 18-20 May 2027 - Visit us at stand 3K272 | Vitafoods Europe 2026 - 05 - 07 May 2026 - We were at stand 3H229 | Vitafoods Europe 2025 - 20 - 22 May 2025 - We were at stand 4C78,"Kreekweg 1, 4671 VA, Dinteloord, Netherlands",info@cosuningredients.com,+31 165 582 500,https://www.cosuningredients.com,Netherlands,"Additives incl. Flavourings & Colours | Dietary Fibres, Prebiotics | Fungi & Yeasts, Microorganisms & Probiotics, Mushrooms | Proteins, Enzymes, Amino Acids","Finished Food Categories | Beverages / Juices | Dairy | Meat, Poultry & Fish | Other Finished Food Categories | Plant-based foods | Specialised Finished Products | Dietary supplements | Functional beverages | Functional food | Protein products | Sugar replacers / Sweeteners",Dosage Formats | Liquids | Powders | Physical Formats | Sliced,Children's Health | Cognitive & Mental Health | Digestive Health | Healthy Ageing | Immune Support | Metabolic Health | Sports Nutrition | Weight Management,,,https://www.ingredientsnetwork.com/cosun-ingredients-comp316951.html
248870,Arla Foods Ingredients,"Together we discover and deliver powerful nutrition for a stronger tomorrow Arla Foods Ingredients is a global leader in improving premium nutrition. Together with our customers, research partners, suppliers, NGOs and others, we discover and deliver ingredients and products that can advance lifelong nutrition for the benefit of consumers around the world. A passion for progress, combined with specialist knowledge of food products and production technology, and a strong commitment to sustainability, enables us to serve leading global brands in early life nutrition, medical nutrition, sports nutrition, health foods, and other foods and beverages. Arla Foods Ingredients is a 100% owned subsidiary of the dairy company Arla Foods.",Africa; Asia; Australia; Central/South America; Eastern Europe; Middle East; North America; Western Europe,Manufacturer: Ingredients / Additives,"Finished Food Categories: Dairy | Specialised Finished Products: Functional beverages, Functional food | Sports Nutrition",Fi Europe 2026 - 17-19 November 2026 - Visit us at stand 30J94 | Vitafoods Europe 2027 - 18-20 May 2027 - Visit us at stand 2D208 | Vitafoods Europe 2026 - 05 - 07 May 2026 - We were at stand 3G156 | Vitafoods Europe 2025 - 20 - 22 May 2025 - We were at stand 4D17,"Sønderhøj 10-12, 8260 J, Viby, Denmark",ingredients@arlafoods.com,+45 89 38 10 00,https://www.arlafoodsingredients.com,Denmark,,Finished Food Categories | Dairy | Specialised Finished Products | Functional beverages | Functional food,,Sports Nutrition,,,https://www.ingredientsnetwork.com/arla-foods-ingredients-comp248870.html
249172,PB Leiner,"With 150 years of expertise, PB Leiner is one of the world’s leading manufacturers of high-quality gelatins and collagen peptides solutions. It has manufacturing plants situated on four continents and it provides technical and sales support across the globe. PB Leiner supplies a growing market in food & beverages, health & nutrition, pharmaceutical and technical applications. Gelatin and collagen: versatile health ingredients PB Leiner’s product portfolio includes a wide range of gelatin and collagen peptide formulations from bovine, porcine, and fish origin. All of PB Leiner’s ingredients are 100% natural and guarantee excellent traceability. PB Leiner is part of Tessenderlo Group.",Africa; Asia; Australia; Central/South America; Eastern Europe; Middle East; North America; Western Europe,Raw Material Supplier,"Additives incl. Flavourings & Colours: Emulsifiers, Stabilisers, Thickeners, Other Additives | Bioactive Compounds - Other: Bioactives Other | Ingredient Mixtures, Synbiotics | Proteins, Enzymes, Amino Acids | Finished Food Categories: Pet Food | Specialised Finished Products: Dietary supplements, Functional beverages, Functional food | Dosage Formats: Capsules, Granules, Gummies, Powders | Physical Formats: Powdered, Solid | Bone & Joint Health | Healthy Ageing | Skin Health | Sports Nutrition",Fi Europe 2026 - 17-19 November 2026 - Visit us at stand 30F20 | Vitafoods Europe 2027 - 18-20 May 2027 - Visit us at stand 2G211 | Vitafoods Europe 2026 - 05 - 07 May 2026 - We were at stand 5B38 | Vitafoods Europe 2025 - 20 - 22 May 2025 - We were at stand 3J80,"Marius Duchéstraat 260, 1800, Vilvoorde, Belgium",info@pbleiner.com,+ 32 2 255 62 21,https://www.pbleiner.com,Belgium,"Additives incl. Flavourings & Colours | Bioactive Compounds - Other | Ingredient Mixtures, Synbiotics | Proteins, Enzymes, Amino Acids",Finished Food Categories | Pet Food | Specialised Finished Products | Dietary supplements | Functional beverages | Functional food,Dosage Formats | Capsules | Granules | Gummies | Powders | Physical Formats | Powdered | Solid,Bone & Joint Health | Healthy Ageing | Skin Health | Sports Nutrition,,Animal welfare | Gluten-free | Halal | Health & Safety | Kosher | Natural | Organic | Sustainable | Traceable,https://www.ingredientsnetwork.com/pb-leiner-comp249172.html
307554,PharmaLinea Ltd,"PharmaLinea develops and manufactures clinically supported private label food supplements, fit for best-quality brands. Our portfolio of premium turnkey nutraceutical products covers therapeutic areas including iron deficiency, women’s health, bones & joints, hydration, and more, across formats such as capsules, tablets, liquids, and powders. With over 10 published clinical studies on our finished products, multiple proprietary branded ingredients and technologies, and awarded taste, PharmaLinea products provide differentiation for client brands and added value for their consumers. Manufacturing in the EU across two state-of-the-art facilities, PharmaLinea ensures the highest quality in every product. We are part of the Informa Advisory Board and recipients of multiple international recognitions, including Forbes and NutraIngredients Awards. PharmaLinea’s mission is to empower our clients with premium, clinically substantiated nutraceuticals and comprehensive support - from registration and science to marketing - ensuring lasting brand success.",Africa; Asia; Central/South America; Eastern Europe; Middle East; North America; Western Europe,Contract Manufacturer,"Additives incl. Flavourings & Colours | Carbohydrates, Sugars | Ingredient Mixtures, Synbiotics | Vitamins, Minerals | Specialised Finished Products: Biotic products, Dietary supplements, Functional beverages, Functional food, Functional powders, Pharma and OTC products, Protein products, Sugar replacers / Sweeteners | Contract manufacturing | Dosage Formats: Capsules, Drops, Liquids, Powders, Sachets, Sprays, Sticks, Syrups, Tablets | Bone & Joint Health | Children's Health | Cognitive & Mental Health | Eye Health | Healthy Ageing | Immune Support | Men's Health | Metabolic Health | Sleep Health | Sports Nutrition | Weight Management | Women's Health",Vitafoods Europe 2027 - 18-20 May 2027 - Visit us at stand 3C115 | Vitafoods Europe 2026 - 05 - 07 May 2026 - We were at stand 3J122 | Vitafoods Europe 2025 - 20 - 22 May 2025 - We were at stand 3C88,"Cesta v Mestni log 88a, SI-1000, Ljubljana,, Slovenia",info@pharmalinea.com,,https://pharmalinea.com/,Slovenia,"Additives incl. Flavourings & Colours | Carbohydrates, Sugars | Ingredient Mixtures, Synbiotics | Vitamins, Minerals",Specialised Finished Products | Biotic products | Dietary supplements | Functional beverages | Functional food | Functional powders | Pharma and OTC products | Protein products | Sugar replacers / Sweeteners,Dosage Formats | Capsules | Drops | Liquids | Powders | Sachets | Sprays | Sticks | Syrups | Tablets,Bone & Joint Health | Children's Health | Cognitive & Mental Health | Eye Health | Healthy Ageing | Immune Support | Men's Health | Metabolic Health | Sleep Health | Sports Nutrition | Weight Management | Women's Health,Contract manufacturing,Gluten-free | Halal | Health & Safety | Kosher | Natural | Quality Assurance | Traceable | Vegan | Vegetarian,https://www.ingredientsnetwork.com/pharmalinea-ltd-comp307554.html
250349,Essentia Protein Solutions (BHJ A/S),"Whether you are looking to clean up your label, add appealing attributes to your food or beverage product or improve the nutritional value of your brand, Essentia Protein Solutions can help you reach your goals. Essentia Protein Solutions is a global producer of animal protein solutions for the food and beverage industry. All Essentia ingredients are derived from natural raw materials originating from beef, pork, chicken, turkey, lamb and fish. The advanced fractionation methods used in our modern facilities only involve thermal and mechanical processing, without using food additives of any kind. Ingredients from Essentia Protein Solutions fall into three core categories: Functionality Taste Nutrition",Africa; Asia; Australia; Central/South America; Eastern Europe; Middle East; Western Europe,Manufacturer: Ingredients / Additives,"Additives incl. Flavourings & Colours: Emulsifiers, Stabilisers, Thickeners, Other Additives | Fats & Oils: Fats & Oils - Animal, Fats & Oils - Plant | Fruit, Seeds, Nuts & Peanuts, Vegetables | Herbs, Spices | Ingredient Mixtures, Synbiotics: Functional (formulated) Ingredient Mixtures | Proteins, Enzymes, Amino Acids: Amino acids, Enzymes, Proteins - Animal | Vitamins, Minerals | Finished Food Categories: Bakery, Beverages / Juices, Cooking Fats & Oils, Meat, Poultry & Fish, Other Finished Food Categories, Pet Food, Prepared foods, Sauces & Seasonings | Specialised Finished Products: Dietary supplements, Energy drinks, Functional beverages, Functional confectionery, Functional food, Functional powders, Meal replacement products, Protein products | Dosage Formats: Kernels, Liquids, Oil, Pastes, Pellets, Powders | Physical Formats: Liquid, Powdered, Roasted | Bone & Joint Health | Digestive Health | Healthy Ageing | Pet Health | Skin Health | Sports Nutrition | Weight Management | Women's Health",Fi Europe 2026 - 17-19 November 2026 - Visit us at stand 31C6 | Vitafoods Europe 2027 - 18-20 May 2027 - Visit us at stand 3G205 | Vitafoods Europe 2026 - 05 - 07 May 2026 - We were at stand 3C150 | Vitafoods Europe 2025 - 20 - 22 May 2025 - We were at stand 3M103,"Ulsnaes 33, DK-6300, Graasten, Denmark",contact.dk@essentiaproteins.com,+45 2894 2736,https://essentiaproteins.com/,Denmark,"Additives incl. Flavourings & Colours | Fats & Oils | Fruit, Seeds, Nuts & Peanuts, Vegetables | Herbs, Spices | Ingredient Mixtures, Synbiotics | Proteins, Enzymes, Amino Acids | Vitamins, Minerals","Finished Food Categories | Bakery | Beverages / Juices | Cooking Fats & Oils | Meat, Poultry & Fish | Other Finished Food Categories | Pet Food | Prepared foods | Sauces & Seasonings | Specialised Finished Products | Dietary supplements | Energy drinks | Functional beverages | Functional confectionery | Functional food | Functional powders | Meal replacement products | Protein products",Dosage Formats | Kernels | Liquids | Oil | Pastes | Pellets | Powders | Physical Formats | Liquid | Powdered | Roasted,Bone & Joint Health | Digestive Health | Healthy Ageing | Pet Health | Skin Health | Sports Nutrition | Weight Management | Women's Health,,Allergen-free | Gluten-free | Halal | Natural | Organic | Sustainable Seafood | Traceable,https://www.ingredientsnetwork.com/essentia-protein-solutions-bhj-a-s-comp250349.html
272807,Nektium,"Nektium is a Spain-based nutraceutical company that combines ethnobotanical knowledge, science, and market insights to create innovative plant-based solutions, promoting sustainable & healthy living worldwide. Our product portfolio covers a range of health benefits, with a particular focus on cognition, stress & relax, sports & active nutrition as well as weight management. With a deep understanding of botanicals and state-of-the-art and eco-friendly technology, Nektium focuses with an experience of over 25 years on quality and full transparency along the entire value chain to deliver proven solutions to the market in the shape of safe, environmentally-conscious and evidence-based botanical extracts.",Asia; Australia; North America; Western Europe,Manufacturer: Ingredients / Additives,"Algae, Botanicals, Carotenoids, Flavonoids: Botanicals | Bioactive Compounds - Other: Bioactives Other | Specialised Finished Products: Dietary supplements | Cognitive & Mental Health | Immune Support | Metabolic Health | Sleep Health | Sports Nutrition",Vitafoods Europe 2027 - 18-20 May 2027 - Visit us at stand 3D251 | Vitafoods Europe 2026 - 05 - 07 May 2026 - We were at stand UWA10 | Vitafoods Europe 2025 - 20 - 22 May 2025 - We were at stand 3K89,"C/ Las Mimosas 8 Pol. Industrial Arinaga, 35118, Aguimes - Gran Canaria, Spain",customerservice@nektium.com,+34 928 734 132,https://www.nektium.com,Spain,"Algae, Botanicals, Carotenoids, Flavonoids | Bioactive Compounds - Other",Specialised Finished Products | Dietary supplements,,Cognitive & Mental Health | Immune Support | Metabolic Health | Sleep Health | Sports Nutrition,,Halal | Health & Safety | Kosher | Sustainable,https://www.ingredientsnetwork.com/nektium-comp272807.html
249672,Sabinsa Europe GmbH,"Sabinsa, founded in 1988, is a manufacturer, supplier and marketer of over 130 herbal and botanical extracts, biotics, minerals, and specialty fine chemicals for the dietary supplement, functional food and beverage, personal care, and cosmetics industries.",Eastern Europe; Western Europe,Manufacturer: Ingredients / Additives,"Additives incl. Flavourings & Colours: Flavourings, Other Additives | Algae, Botanicals, Carotenoids, Flavonoids: Botanicals | Bioactive Compounds - Other: Bioactives Other | Carbohydrates, Sugars | Dietary Fibres, Prebiotics | Fats & Oils: Fats & Oils - Algae | Fruit, Seeds, Nuts & Peanuts, Vegetables | Fungi & Yeasts, Microorganisms & Probiotics, Mushrooms | Herbs, Spices | Ingredient Mixtures, Synbiotics: Synbiotics | Proteins, Enzymes, Amino Acids: Enzymes | Specialised Finished Products: Biotic products, Dietary supplements, Functional beverages, Functional food, Functional powders, Nutricosmetics, Other Specialised Finished Products, Pharma and OTC products | Dosage Formats: Beverages, Capsules, Creams, Gummies, Liquids, Oil, Powders, Sticks, Tablets | Physical Formats: Dried - air dried, Extracted, Liquid, Powdered | Bone & Joint Health | Cancer Risk Reduction | Cardiovascular Health | Cognitive & Mental Health | Digestive Health | Healthy Ageing | Immune Support | Men's Health | Metabolic Health | Skin Health | Sleep Health | Sports Nutrition | Weight Management",Vitafoods Europe 2027 - 18-20 May 2027 - Visit us at stand 2D195 | Vitafoods Europe 2026 - 05 - 07 May 2026 - We were at stand 3F104 | Vitafoods Europe 2025 - 20 - 22 May 2025 - We were at stand 3G104,"Monzastrasse 4, 63225, Langen, Germany",info@sabinsa.eu,+49 6103 27011 11,https://www.sabinsa.eu,Germany,"Additives incl. Flavourings & Colours | Algae, Botanicals, Carotenoids, Flavonoids | Bioactive Compounds - Other | Carbohydrates, Sugars | Dietary Fibres, Prebiotics | Fats & Oils | Fruit, Seeds, Nuts & Peanuts, Vegetables | Fungi & Yeasts, Microorganisms & Probiotics, Mushrooms | Herbs, Spices | Ingredient Mixtures, Synbiotics | Proteins, Enzymes, Amino Acids",Specialised Finished Products | Biotic products | Dietary supplements | Functional beverages | Functional food | Functional powders | Nutricosmetics | Other Specialised Finished Products | Pharma and OTC products,Dosage Formats | Beverages | Capsules | Creams | Gummies | Liquids | Oil | Powders | Sticks | Tablets | Physical Formats | Dried - air dried | Extracted | Liquid | Powdered,Bone & Joint Health | Cancer Risk Reduction | Cardiovascular Health | Cognitive & Mental Health | Digestive Health | Healthy Ageing | Immune Support | Men's Health | Metabolic Health | Skin Health | Sleep Health | Sports Nutrition | Weight Management,,Halal | Kosher | Natural | Organic,https://www.ingredientsnetwork.com/sabinsa-europe-gmbh-comp249672.html
249077,Jungbunzlauer,"Jungbunzlauer is a leading producer of high-quality, sustainable ingredients from natural sources, serving industries from food and beverage, to nutrition, health, and home and personal care. As a trusted partner, we offer a diverse portfolio of texturants, acidulants, minerals, and tailored solutions to meet our customers' evolving needs. Headquartered in Basel, Switzerland, with state-of-the-art facilities including large-scale fermentation operations across Europe and North America, we proudly serve over 130 countries worldwide. Founded more than 150 years ago, Jungbunzlauer has grown into a CHF 1.3 billion company, driven by nearly 1,400 dedicated colleagues committed to a healthier, more sustainable future. Learn more at www.jungbunzlauer.com.",Africa; Asia; Australia; Central/South America; Eastern Europe; Middle East; North America; Western Europe,Manufacturer: Ingredients / Additives,"Additives incl. Flavourings & Colours: Emulsifiers, Stabilisers, Thickeners, Other Additives | Carbohydrates, Sugars | Syrups & Others: Corn syrup | Vitamins, Minerals | Finished Food Categories: Plant-based foods | Specialised Finished Products: Dietary supplements | Consulting | Dosage Formats: Granules, Liquids, Powders | Digestive Health | Healthy Ageing | Metabolic Health | Weight Management",Fi Europe 2026 - 17-19 November 2026 - Visit us at stand 51D8 | Vitafoods Europe 2027 - 18-20 May 2027 - Visit us at stand 4C77 | Vitafoods Europe 2026 - 05 - 07 May 2026 - We were at stand 6F36,"Aeschengraben 27, 4051, Basel, Switzerland",headquarters@jungbunzlauer.com,+41 61 2955 100,https://www.jungbunzlauer.com,Switzerland,"Additives incl. Flavourings & Colours | Carbohydrates, Sugars | Syrups & Others | Vitamins, Minerals",Finished Food Categories | Plant-based foods | Specialised Finished Products | Dietary supplements,Dosage Formats | Granules | Liquids | Powders,Digestive Health | Healthy Ageing | Metabolic Health | Weight Management,Consulting,Biodynamic | Health & Safety | Kosher | Natural | Non-GMO | Sustainable | Vegan | Vegetarian,https://www.ingredientsnetwork.com/jungbunzlauer-comp249077.html
249548,KSM-66 Ashwagandha,"KSM-66® Ashwagandha is a premium, full-spectrum root extract derived from Withania somnifera, an adaptogenic herb long revered in Ayurvedic medicine for promoting holistic wellness. This potent botanical ingredient is developed using a unique, proprietary extraction process based on “Green Chemistry” principles—free from alcohol or synthetic solvents—ensuring the preservation of the plant's natural composition while delivering the highest potency. With over 70+ gold-standard human clinical trials and 46+ quality certifications, KSM-66 stands as the most extensively studied and awarded Ashwagandha product on the global market. This extraordinary depth of research and validation is what truly sets it apart. It is not just another botanical extract—it is a symbol of credibility, traceability, efficacy, and safety. It's clinically proven to help: (1) Reduce stress and stress-related food cravings * (2) Improve cognitive function and enhance the quality of sleep* (3) Improve endurance, strength and immune function* (4) Enhance sexual performance health in both men & women, and testosterone in men* SRI-81 Shatavari is a premium, clinically validated root extract derived from Asparagus racemosus, a revered adaptogenic herb in Ayurvedic medicine traditionally known as the “Queen of Herbs” for women’s health. Developed after 8 years of extensive research, SRI-81 is designed to deliver a scientifically optimized concentration of shatavari’s key bioactive compounds, ensuring consistent efficacy while preserving the herb’s natural integrity. The ingredient is supported by 18 human clinical studies, making it the most clinically studied shatavari root extract available today. This strong scientific foundation ensures reliability, safety, and performance for advanced nutraceutical and functional wellness formulations. SRI-81 Shatavari supports women’s health and vitality across multiple life stages—from reproductive years to menopause—by helping maintain hormonal harmony and overall physiological balance. It is clinically shown to help: (1) Support hormonal balance and reproductive health in women*(2) Reduce stress and improve mood and sleep quality* (3) Enhance libido and sexual vitality* (4) Boost lactation and support postpartum recovery* (5) Ease menopausal symptoms such as hot flashes and night sweats* *The above statements have not been evaluated by the Food and Drug Administration.",Africa; Asia; Australia; Central/South America; Eastern Europe; Middle East; North America; Western Europe,Manufacturer: Ingredients / Additives,"Algae, Botanicals, Carotenoids, Flavonoids: Botanicals | Specialised Finished Products: Dietary supplements | Cognitive & Mental Health | Healthy Ageing | Immune Support | Men's Health | Metabolic Health | Sleep Health | Sports Nutrition | Women's Health",Vitafoods Europe 2026 - 05 - 07 May 2026 - We were at stand 3F56 | Vitafoods India 2026 - 11 - 13 February 2026 - We were at stand G04 | Vitafoods Asia 2025 - 17 - 19 Sept 2025 - We were at stand H01,"Plot No-1057-F2, Road No 45Jubilee Hills, 500033, Hyderabad, India",info@ixoreal.com,+91-40 666 11038,https://www.ixoreal.com,India,"Algae, Botanicals, Carotenoids, Flavonoids",Specialised Finished Products | Dietary supplements,,Cognitive & Mental Health | Healthy Ageing | Immune Support | Men's Health | Metabolic Health | Sleep Health | Sports Nutrition | Women's Health,,Health & Safety | Non-GMO | Organic,https://www.ingredientsnetwork.com/ksm-66-ashwagandha-comp249548.html
251339,ROUSSELOT,"Rousselot is the global leader of collagen-based solutions* for the food, health and nutrition, biomedical and pharmaceutical sectors. Working in partnership with our global customer-base, we deliver advanced ingredient solutions that enable innovation, excite today’s consumers, and contribute to public health. Through our state-of-the-art operations, extensive technical expertise and sustained scientific research, we help our customers achieve their goals, create world-class products, and we “Reach further together”. Rousselot is Darling Ingredients' health brand. (*) Collagen, Market estimates and trend analysis, 2022 Grand View Research.",Africa; Asia; Australia; Central/South America; Eastern Europe; Middle East; North America; Western Europe,Manufacturer: Ingredients / Additives,"Additives incl. Flavourings & Colours: Emulsifiers, Stabilisers, Thickeners, Other Additives | Bioactive Compounds - Other: Other Bioactives, Resveratrol | Ingredient Mixtures, Synbiotics | Proteins, Enzymes, Amino Acids | Finished Food Categories: Plant-based foods | Specialised Finished Products: Dietary supplements, Functional beverages, Functional food | Encapsulating | Dosage Formats: Capsules, Gummies, Powders | Bone & Joint Health | Healthy Ageing | Metabolic Health | Skin Health | Sports Nutrition | Weight Management",Vitafoods Asia 2025 - 17 - 19 Sept 2025 - We were at stand P29 | Vitafoods Europe 2025 - 20 - 22 May 2025 - We were at stand 3K119,"Immeuble 5eme Avenue, 47 rue Louis Blanc, 92400, Courbevoie, France",collagen@rousselot.com,+31 499 364 100,https://www.rousselot.com,France,"Additives incl. Flavourings & Colours | Bioactive Compounds - Other | Ingredient Mixtures, Synbiotics | Proteins, Enzymes, Amino Acids",Finished Food Categories | Plant-based foods | Specialised Finished Products | Dietary supplements | Functional beverages | Functional food,Dosage Formats | Capsules | Gummies | Powders,Bone & Joint Health | Healthy Ageing | Metabolic Health | Skin Health | Sports Nutrition | Weight Management,Encapsulating,Halal | Health & Safety | Kosher | Natural | Quality Assurance | Sustainable | Sustainable Seafood | Traceable | Upcycled,https://www.ingredientsnetwork.com/rousselot-comp251339.html
248836,AGRANA Group,"ABOUT AGRANA AGRANA adds value to agricultural raw materials: As a major international player, we process agricultural raw materials to create high-end solutions for food products, beverages and industrial applications. Around 8,400 employees working in its two business areas, Food & Beverage Solutions and Agricultural Commodities & Specialities, generate annual Group revenue of approximately € 3.2 billion at 50 production facilities worldwide. Founded in 1988, AGRANA is today the global market leader in fruit preparations, a leading global producer of apple and berry juice concentrates and a major supplier of sugar, customer-specific starch products and bioethanol. ÜBER AGRANA AGRANA macht mehr aus landwirtschaftlichen Rohstoffen: Als internationales Unternehmen veredeln wir landwirtschaftliche Rohstoffe zu hochwertigen Lösungen für Lebensmittel, Getränke und industrielle Anwendungen. Rund 8.400 Mitarbeiter erwirtschaften in den beiden Geschäftsbereichen Food & Beverage Solutions sowie Agricultural Commodities & Specialities an weltweit 50 Produktionsstandorten einen jährlichen Konzernumsatz von rund 3,2 Mrd. €. Im Jahr 1988 gegründet, ist AGRANA heute Weltmarktführer bei Fruchtzubereitungen, weltweit führender Hersteller von Apfel- und Beerensaftkonzentraten sowie ein bedeutender Anbieter von Zucker, kundenspezifischen Stärkeprodukten und Bioethanol.",Africa; Asia; Australia; Central/South America; Eastern Europe; Middle East; North America; Western Europe,Manufacturer: Food & Beverage Finished Products; Manufacturer: Ingredients / Additives,"Additives incl. Flavourings & Colours: Emulsifiers, Stabilisers, Thickeners, Other Additives | Carbohydrates, Sugars | Dietary Fibres, Prebiotics | Ingredient Mixtures, Synbiotics | Finished Food Categories: Dairy, Plant-based foods | Specialised Finished Products: Functional beverages, Functional food | Dosage Formats: Powders",Fi Europe 2026 - 17-19 November 2026 - Visit us at stand 31D80,"Friedrich-Wilhelm-Raiffeisen-Platz 1, 1020, WIEN, Austria",info.sales@agrana.com,+43 1 211 37-0,https://www.agrana.com,Austria,"Additives incl. Flavourings & Colours | Carbohydrates, Sugars | Dietary Fibres, Prebiotics | Ingredient Mixtures, Synbiotics",Finished Food Categories | Dairy | Plant-based foods | Specialised Finished Products | Functional beverages | Functional food,Dosage Formats | Powders,,,Organic,https://www.ingredientsnetwork.com/agrana-group-comp248836.html
249080,Bunge,"At Bunge, we bring products from where they’re grown to where they’re processed and to where they’re consumed. We connect farmers to consumers to deliver essential food, feed and fuel to the world. We provide indispensable ingredients that shape taste, nutrition and culinary experience. Our plant-based specialty oils, fats, lecithins and plant-proteins meet evolving dietary needs and trends, delivering the functionality and sustainability the food and nutrition industry demands, and satisfying the diverse tastes of consumers in every part of the world. Our products are used in a wide range of applications, from bakery and confectionery to plant-based and infant nutrition. With in-depth knowledge of ingredients, applications and processes, our team closely cooperates with customers to develop tailored solutions and create innovative products to meet their business goals and differentiate them in in the marketplace.",Africa; Asia; Australia; Central/South America; Eastern Europe; Middle East; North America; Western Europe,Manufacturer: Ingredients / Additives,"Additives incl. Flavourings & Colours | Fats & Oils: Fats & Oils - Plant | Fruit, Seeds, Nuts & Peanuts, Vegetables | Ingredient Mixtures, Synbiotics | Proteins, Enzymes, Amino Acids | Finished Food Categories: Bakery, Confectionery, Dairy, Infant & Baby food, Plant-based foods, Sauces & Seasonings, Sweet & Savoury Spreads | Specialised Finished Products: Functional beverages, Functional food, Protein products | Blending & mixing | Enzymatic processing | Fat structuring | Dosage Formats: Granules, Liquids, Oil, Powders | Physical Formats: Liquid, Solid | Children's Health | Sports Nutrition",Fi Europe 2026 - 17-19 November 2026 - Visit us at stand 31H6,"Provincialeweg 33, 1506 MA, Zaandam, Netherlands",blc.eu@bunge.com,+31 75 629 29 11,https://www.bunge.com,Netherlands,"Additives incl. Flavourings & Colours | Fats & Oils | Fruit, Seeds, Nuts & Peanuts, Vegetables | Ingredient Mixtures, Synbiotics | Proteins, Enzymes, Amino Acids",Finished Food Categories | Bakery | Confectionery | Dairy | Infant & Baby food | Plant-based foods | Sauces & Seasonings | Sweet & Savoury Spreads | Specialised Finished Products | Functional beverages | Functional food | Protein products,Dosage Formats | Granules | Liquids | Oil | Powders | Physical Formats | Liquid | Solid,Children's Health | Sports Nutrition,Blending & mixing | Enzymatic processing | Fat structuring,Allergen-free | Fair Trade | Gluten-free | Halal | Kosher | Natural | Non-GMO | Quality Assurance | Sustainable | Traceable | Vegan | Vegetarian,https://www.ingredientsnetwork.com/bunge-comp249080.html
249086,Lactosan A/S,"Just add Lactosan Lactosan is the key ingredient you need for success. Not only do our specialists provide a vital contribution to your development process, but the exceptional Cheese Powders we create ensure a truly distinctive result. With Lactosan, you have the people, passion and process you need to bring your next product to life. A perfect fit As your partner, we can work closely with you across all segments to help inspire and streamline the delivery of new product ideas. Our pure Cheese Powders and Cheese Powder Blends deliver outstanding real cheese taste and quality, with the right functionality and properties to fit your specific flavour profiles, processing and labelling requirements. Lactosan brings a unique depth of insight and a proven approach to every project, with a fast and flexible service from development to delivery. Manufacture and sale of: Pure Cheese Products: Cheese Powders: Cheese Powder without emulsifying salt (Clean Labels) and Cheese Powder with emulsifying salt, Traditional / PDO / Provenance Cheese Powders, Vegetarian and Organic Cheese Powders Lactosan NCB - Natural Culinary Booster® Cheese Powder Blends bring your next product to life - Trade Mark: LACTOSAN",Africa; Asia; Central/South America; Eastern Europe; Middle East; Western Europe,Manufacturer: Ingredients / Additives,"Additives incl. Flavourings & Colours: Emulsifiers, Stabilisers, Thickeners, Other Additives | Dairy Ingredients: Cow Dairy Ingredients | Fats & Oils | Finished Food Categories: Dairy, Plant-based foods | Specialised Finished Products: Functional powders | Dosage Formats: Powders",Fi Europe 2026 - 17-19 November 2026 - Visit us at stand 41G6,"Nordbakken 2, DK-5750, Ringe, Denmark",lactosan@lactosan.com,+45 63620520,https://www.lactosan.dk,Denmark,Additives incl. Flavourings & Colours | Dairy Ingredients | Fats & Oils,Finished Food Categories | Dairy | Plant-based foods | Specialised Finished Products | Functional powders,Dosage Formats | Powders,,,Halal | Health & Safety | Organic | Sustainable | Vegan | Vegetarian,https://www.ingredientsnetwork.com/lactosan-a-s-comp249086.html
249142,Nigay,"WITH AN EVER-GROWING RANGE OF TASTES, COLOURS AND TEXTURES, NIGAYCARAMELS ARE THE PERFECT FIT FOR EVERY APPLICATIONS! A CARAMEL FOREVERY RECIPE Nigay is unique in its dedication to the art and science of caramelization which hasmade its name “the expert in caramels” around the world. Discover its comprehensiverange of aromatic caramels, caramel colours, burnt sugars and a growing portfolio ofcaramel specialities!Whether for colour, flavour, texture, or decoration, Nigay has the precise grade to meetyour specifications. Designed to enhance any application, our caramels captivate thesenses and elevate your creations. Nigay is constantly innovating and creating caramelswith endless possibilities.",Africa; Asia; Australia; Central/South America; Eastern Europe; Middle East; North America; Western Europe,Manufacturer: Ingredients / Additives,"Additives incl. Flavourings & Colours: Colours, Flavour Enhancers, Flavourings | Carbohydrates, Sugars | Dairy Ingredients | Dietary Fibres, Prebiotics | Fats & Oils | Fruit, Seeds, Nuts & Peanuts, Vegetables | Herbs, Spices | Syrups & Others: Honey | Physical Formats: Ground, Liquid",Fi Europe 2026 - 17-19 November 2026 - Visit us at stand 31N80,"ZI La Gare BP2, La Feculerie, 42110, Feurs, France",export@nigay.com,+33 477262133,https://www.nigay.com,France,"Additives incl. Flavourings & Colours | Carbohydrates, Sugars | Dairy Ingredients | Dietary Fibres, Prebiotics | Fats & Oils | Fruit, Seeds, Nuts & Peanuts, Vegetables | Herbs, Spices | Syrups & Others",,Physical Formats | Ground | Liquid,,,Fair Trade | Organic,https://www.ingredientsnetwork.com/nigay-comp249142.html
250397,JRS,"The J. RETTENMAIER & SÖHNE Group is a globally leading dietary and hydrocolloid manufacturer and solution provider for natural fiber solutions, made from re-growing, natural plant raw materials. JRS Food Ingredients is dedicated to the development and production of novel vegetable based texturizing solutions with high consumer acceptance to respond to the increasing demand for label friendly food ingredients. JRS’s commitment is to help you to improve your product's quality, shelf life, nutritional value, process technology and cost effectiveness, and to provide stimuli, ideas and solutions for innovation such as meat and dairy alternatives, fat and energy reduction and special diets. The comprehensive application and development service supports fast adaption and product introduction. Under the brands “VIVAPUR® Functional Ingredients” and “VITACEL® Dietary Fibers”, JRS provides texturizing and stabilizing solutions and fiber enrichment for modern food industries.",Asia; Australia; Central/South America; Eastern Europe; Middle East; North America; Western Europe,Manufacturer: Ingredients / Additives,"Additives incl. Flavourings & Colours: Emulsifiers, Stabilisers, Thickeners, Other Additives | Algae, Botanicals, Carotenoids, Flavonoids | Dietary Fibres, Prebiotics | Fruit, Seeds, Nuts & Peanuts, Vegetables | Ingredient Mixtures, Synbiotics | Finished Food Categories: Cereal and grain products, Dairy, Meat, Poultry & Fish, Plant-based foods | Specialised Finished Products: Dietary supplements, Functional beverages, Functional food | Dosage Formats: Powders | Digestive Health",Fi Europe 2026 - 17-19 November 2026 - Visit us at stand 31H96,"Holzmuehle 1, 73494, Rosenberg, Germany",food@jrs.de,+ 49 7967 152-0,https://www.jrs.de,Germany,"Additives incl. Flavourings & Colours | Algae, Botanicals, Carotenoids, Flavonoids | Dietary Fibres, Prebiotics | Fruit, Seeds, Nuts & Peanuts, Vegetables | Ingredient Mixtures, Synbiotics","Finished Food Categories | Cereal and grain products | Dairy | Meat, Poultry & Fish | Plant-based foods | Specialised Finished Products | Dietary supplements | Functional beverages | Functional food",Dosage Formats | Powders,Digestive Health,,Gluten-free | Non-GMO | Organic | Sustainable | Vegan | Vegetarian,https://www.ingredientsnetwork.com/jrs-comp250397.html
249747,Plantex,"Plantex is a French specialist in botanical extraction with over 30 years of expertise in developing natural ingredients for the nutraceutical, food, cosmetic, and animal nutrition industries. As part of the Nactarome , we combine botanical know-how with the strength of a leader in natural ingredient solutions . More than just an extract supplier, Plantex develops tailored botanical solutions.",Africa; Asia; Australia; Central/South America; Eastern Europe; Middle East; North America; Western Europe,Manufacturer: Ingredients / Additives,"Additives incl. Flavourings & Colours: Colours, Flavourings | Algae, Botanicals, Carotenoids, Flavonoids: Botanicals, Carotenoids, Flavonoids | Bioactive Compounds - Other | Dietary Fibres, Prebiotics: Dietary Fibres | Fruit, Seeds, Nuts & Peanuts, Vegetables: Vegetables | Fungi & Yeasts, Microorganisms & Probiotics, Mushrooms: Mushrooms | Herbs, Spices | Vitamins, Minerals | Finished Food Categories: Beverages / Juices, Pet Food | Specialised Finished Products: Dietary supplements, Energy drinks, Functional beverages, Functional confectionery, Functional food, Functional powders, Pet Dietary Supplements | Extracting | Spray drying | Dosage Formats: Liquids, Powders | Physical Formats: Concentrated, Dried - air dried, Dried - freeze dried, Extracted, Ground, Powdered, Roasted | Bone & Joint Health | Cardiovascular Health | Cognitive & Mental Health | Digestive Health | Eye Health | Healthy Ageing | Immune Support | Men's Health | Metabolic Health | Skin Health | Sleep Health | Sports Nutrition | Weight Management | Women's Health",Fi Europe 2026 - 17-19 November 2026 - Visit us at stand 31K46 | Vitafoods Europe 2027 - 18-20 May 2027 - Visit us at stand 3D173 | Vitafoods Asia 2026 - 02 - 04 Sept 2026 - We were at stand H7-R22 | Vitafoods Europe 2026 - 05 - 07 May 2026 - We were at stand 3C138 | Vitafoods Europe 2025 - 20 - 22 May 2025 - We were at stand 3J86,"ZAC DE LA NOUE ROUSSEAU 6 RUE D'ALEMBERT, 91240, SAINT MICHEL SUR ORGE, France",info@plantex.fr,+33 160166925,https://www.plantex.fr,France,"Additives incl. Flavourings & Colours | Algae, Botanicals, Carotenoids, Flavonoids | Bioactive Compounds - Other | Dietary Fibres, Prebiotics | Fruit, Seeds, Nuts & Peanuts, Vegetables | Fungi & Yeasts, Microorganisms & Probiotics, Mushrooms | Herbs, Spices | Vitamins, Minerals",Finished Food Categories | Beverages / Juices | Pet Food | Specialised Finished Products | Dietary supplements | Energy drinks | Functional beverages | Functional confectionery | Functional food | Functional powders | Pet Dietary Supplements,Dosage Formats | Liquids | Powders | Physical Formats | Concentrated | Dried - air dried | Dried - freeze dried | Extracted | Ground | Powdered | Roasted,Bone & Joint Health | Cardiovascular Health | Cognitive & Mental Health | Digestive Health | Eye Health | Healthy Ageing | Immune Support | Men's Health | Metabolic Health | Skin Health | Sleep Health | Sports Nutrition | Weight Management | Women's Health,Extracting | Spray drying,Halal | Health & Safety | Kosher | Natural | Organic | Vegan,https://www.ingredientsnetwork.com/plantex-comp249747.html
249150,Novonesis,"At Novonesis, we believe solutions rooted in biology are key to tackling the challenges our world faces. Enzymes, functional proteins and microorganisms are our planet's tiniest, yet mightiest agents of change. When we leverage their power with science, we create biosolutions that transform the way we all produce, consume and live. Today, we are 10,000 people worldwide whose expertise spans more than 30 different industries. All around the world, our biosolutions already create value for thousands of customers and benefit the planet. Our biosolutions enable feeding and fueling the world more sustainably, from healthy and sustainable nutrition to biofuel. Our biosolutions also reduce the use of fossil-based resources, chemicals, energy and water. And this is just the beginning. The potential is almost endless. The time for biosolutions is now. And by working closely with our partners and customers, we will continue to challenge conventional thinking and transform business with biology. Together, we will create the change our world needs.",,Manufacturer: Ingredients / Additives,"Algae, Botanicals, Carotenoids, Flavonoids | Dietary Fibres, Prebiotics: Prebiotics | Fungi & Yeasts, Microorganisms & Probiotics, Mushrooms: Microorganisms & Probiotics | Proteins, Enzymes, Amino Acids | Blending & mixing | Contract manufacturing | Drying | Encapsulating | Fermentation | Filling | Freeze drying | Granulating/ grinding/ milling / mixing | Dosage Formats: Capsules, Chewables, Drops, Effervescents, Gummies, Lozenges, Other Dosage Formats, Powders, Sachets, Sticks | Cognitive & Mental Health | Digestive Health | Healthy Ageing | Immune Support | Sleep Health | Women's Health",Vitafoods Europe 2027 - 18-20 May 2027 - Visit us at stand 2G119 | Vitafoods Europe 2026 - 05 - 07 May 2026 - We were at stand 3K104 | Vitafoods Europe 2025 - 20 - 22 May 2025 - We were at stand 4D8,"Biologiens Vej 2, 2800, Lyngby, Denmark",info@novonesis.com,+45 44 46 00 00,https://www.novonesis.com/en/biosolutions/human-health,Denmark,"Algae, Botanicals, Carotenoids, Flavonoids | Dietary Fibres, Prebiotics | Fungi & Yeasts, Microorganisms & Probiotics, Mushrooms | Proteins, Enzymes, Amino Acids",,Dosage Formats | Capsules | Chewables | Drops | Effervescents | Gummies | Lozenges | Other Dosage Formats | Powders | Sachets | Sticks,Cognitive & Mental Health | Digestive Health | Healthy Ageing | Immune Support | Sleep Health | Women's Health,Blending & mixing | Contract manufacturing | Drying | Encapsulating | Fermentation | Filling | Freeze drying | Granulating/ grinding/ milling / mixing,,https://www.ingredientsnetwork.com/novonesis-comp249150.html
248882,CARGILL NV,"More than simply a leading ingredient supplier, Cargill Food is your main source of inspiration and growth, setting new standards for innovating and collaborating. To do this, we’re anticipating future trends and regulations, while investing in our research, innovation, safety, food application, formulation and scaling capabilities. All to help us co-create more effectively with you and accelerate your growth. From texturizers and fats that deliver a delicious mouthfeel and enhanced flavors, healthier oils and plant-based proteins, to low calorie sugars and chocolate that sweeten favorite dishes, you can depend on our insights-led innovation to create nutritious and tasty products that contribute to happier, healthier lives. Discover how we can co-create growth for you!",Africa; Eastern Europe; Middle East; Western Europe,Manufacturer: Ingredients / Additives,"Additives incl. Flavourings & Colours: Emulsifiers, Stabilisers, Thickeners, Other Additives, Sweeteners | Algae, Botanicals, Carotenoids, Flavonoids | Carbohydrates, Sugars: Oligo- and polysaccharides | Dietary Fibres, Prebiotics: Dietary Fibres | Fats & Oils: Fats & Oils - Algae, Fats & Oils - Animal, Fats & Oils - Plant | Fruit, Seeds, Nuts & Peanuts, Vegetables | Ingredient Mixtures, Synbiotics | Proteins, Enzymes, Amino Acids: Amino acids | Syrups & Others: Agave syrup, Corn syrup, Maple syrup, Molasses | Vitamins, Minerals | Finished Food Categories: Cereal and grain products, Confectionery, Pet Food, Plant-based foods | Blending & mixing | Contract manufacturing | Flavour development | Dosage Formats: Granules, Liquids, Powders | Physical Formats: Concentrated, Ground, Liquid, Powdered | Metabolic Health | Sports Nutrition | Weight Management",Fi Europe 2026 - 17-19 November 2026 - Visit us at stand 31H80 | Vitafoods Europe 2026 - 05 - 07 May 2026 - We were at stand 6F56,"Bedrijvenlaan 9, 2800, Mechelen, Belgium",events@cargill.com,+32 15400411,https://www.cargill.com/food-beverage/emea/food-emea,Belgium,"Additives incl. Flavourings & Colours | Algae, Botanicals, Carotenoids, Flavonoids | Carbohydrates, Sugars | Dietary Fibres, Prebiotics | Fats & Oils | Fruit, Seeds, Nuts & Peanuts, Vegetables | Ingredient Mixtures, Synbiotics | Proteins, Enzymes, Amino Acids | Syrups & Others | Vitamins, Minerals",Finished Food Categories | Cereal and grain products | Confectionery | Pet Food | Plant-based foods,Dosage Formats | Granules | Liquids | Powders | Physical Formats | Concentrated | Ground | Liquid | Powdered,Metabolic Health | Sports Nutrition | Weight Management,Blending & mixing | Contract manufacturing | Flavour development,Natural | Organic | Sustainable,https://www.ingredientsnetwork.com/cargill-nv-comp248882.html
267848,Mitsubishi Corporation Life Sciences,"MCLS Europe, a wholly owned subsidiary of Mitsubishi Corporation Life Sciences Ltd., Tokyo, Japan, is engaged in the development, manufacturing, marketing, sales, technical service, and import/export of a broad spectrum of food ingredients. Savoury ingredients like Kohjin's specialty yeast extracts and Ribotide® Nutritional active ingredients such as L-137 MCLS Europe",Africa; Eastern Europe; Middle East; Western Europe,Manufacturer: Ingredients / Additives,"Additives incl. Flavourings & Colours: Emulsifiers, Stabilisers, Thickeners, Flavourings, Sweeteners | Bioactive Compounds - Other | Carbohydrates, Sugars | Dietary Fibres, Prebiotics: Dietary Fibres | Fungi & Yeasts, Microorganisms & Probiotics, Mushrooms: Microorganisms & Probiotics | Ingredient Mixtures, Synbiotics | Proteins, Enzymes, Amino Acids | Specialised Finished Products: Dietary supplements, Functional food | Dosage Formats: Powders | Digestive Health | Immune Support | Metabolic Health | Skin Health | Sleep Health | Sports Nutrition | Weight Management",Fi Europe 2026 - 17-19 November 2026 - Visit us at stand 30H96 | Vitafoods Europe 2027 - 18-20 May 2027 - Visit us at stand 3K269 | Vitafoods Europe 2026 - 05 - 07 May 2026 - We were at stand 3D246 | Vitafoods Europe 2025 - 20 - 22 May 2025 - We were at stand 4D216,"Building C-0A Stroombaan 12 The Garden, 1181vx, Amstelveen, Netherlands",info@mclseurope.com,+31 204260750,https://www.mclseurope.com/,Netherlands,"Additives incl. Flavourings & Colours | Bioactive Compounds - Other | Carbohydrates, Sugars | Dietary Fibres, Prebiotics | Fungi & Yeasts, Microorganisms & Probiotics, Mushrooms | Ingredient Mixtures, Synbiotics | Proteins, Enzymes, Amino Acids",Specialised Finished Products | Dietary supplements | Functional food,Dosage Formats | Powders,Digestive Health | Immune Support | Metabolic Health | Skin Health | Sleep Health | Sports Nutrition | Weight Management,,Gluten-free | Halal | Health & Safety | Kosher | Quality Assurance | Sustainable Seafood | Vegan | Vegetarian,https://www.ingredientsnetwork.com/mitsubishi-corporation-life-sciences-comp267848.html
307570,ProDigest,"ProDigest is a dynamic pre-clinical CRO at the forefront of in vitro and ex vivo simulation of the gastrointestinal tract and its microbiome, supporting innovation across the (functional) food, feed, and pharmaceutical industries. With nearly two decades of experience, ProDigest brings together best-in-class technology platforms, a wide array of advanced analytical capabilities, and deep scientific expertise to guide product development from early discovery all the way to final stages. The company supports a broad range of applications, including functional foods and ingredients, pre-, pro-, syn- and postbiotics, nutraceuticals, as well as live biotherapeutic products (LBPs), biologicals, APIs, and complete formulations. What truly sets ProDigest apart is its tailored approach. With the widest portfolio of gut models, each project is built around the client’s specific research question—ensuring the most relevant model is selected, rather than applying a one-size-fits-all solution. This enables clients to uncover health benefits early on, gain valuable insights into mechanisms of action and interindividual variability, and confidently de-risk their product development—all within an animal-free research framework. Driven by a passionate team, a strong culture of innovation, and a commitment to customer success, ProDigest delivers flexible, high-quality, and scientifically robust solutions designed to move your product forward.",Asia; Australia; Central/South America; Eastern Europe; Middle East; North America; Western Europe,"Food Safety, Quality and Service","Fungi & Yeasts, Microorganisms & Probiotics, Mushrooms | Specialised Finished Products: Functional food, Nutricosmetics | Analysis/ Testing | Clinical trials | Consulting | Contract manufacturing | Digestive Health | Metabolic Health | Pet Health",Vitafoods Europe 2027 - 18-20 May 2027 - Visit us at stand 3G225A | Vitafoods Europe 2026 - 05 - 07 May 2026 - We were at stand 4D52K | Vitafoods Europe 2025 - 20 - 22 May 2025 - We were at stand 5B48C,"Technologiepark 3, 9052, Gent, Belgium",info@prodigest.eu,,https://www.prodigest.eu/,Belgium,"Fungi & Yeasts, Microorganisms & Probiotics, Mushrooms",Specialised Finished Products | Functional food | Nutricosmetics,,Digestive Health | Metabolic Health | Pet Health,Analysis/ Testing | Clinical trials | Consulting | Contract manufacturing,,https://www.ingredientsnetwork.com/prodigest-comp307570.html
304243,Azelis Group NV,"Azelis is a leading innovation service provider in the specialty chemicals and food ingredients industry. Azelis does much more than move goods. We move markets forward. Breaking new ground in our technical laboratories by combining ingredients with ideas and creating opportunities through innovation. Being a specialty distributor of chemicals and food ingredients, we’re now a fully integrated and leading innovative service provider. With innovation and collaboration at our heart, we believe anything is possible. Azelis services fifteen specific markets worldwide, bringing high-quality products, technical expertise and local service support to each. Our international team is united in its hunger and humility. Collaborating across 60+ laboratories to be a benchmark for innovation. A focus for ambitious brands. And a catalyst that helps our customers to solve challenges and improve lives.",,,,Fi Europe 2026 - 17-19 November 2026 - Visit us at stand 31G64 | Vitafoods Europe 2027 - 18-20 May 2027 - Visit us at stand 4A49 | Vitafoods Europe 2026 - 05 - 07 May 2026 - We were at stand 3B138 | Vitafoods Europe 2025 - 20 - 22 May 2025 - We were at stand 4F18,"Posthofbrug 12, 2600, Antwerp, Belgium",marine.castelain@azelis.com,+32 36130120,https://www.azelis.com,Belgium,,,,,,,https://www.ingredientsnetwork.com/azelis-group-nv-comp304243.html
325636,ImperialOel,"ImperialOel is a know-how-driven, owner-managed ingredient company founded in 1920, based in Hamburg, Germany. We specialize in supplying select natural lipids and specialty ingredients to customers worldwide. Through our MarisOmega brand, we are a leading supplier and contract manufacturer of premium-quality omega-3 and omega-6 ingredients for the global market. We offer a diverse range of products, including natural fish and microalgal-derived triglyceride oils, as well as microencapsulated powders. Our products serve the fields of infant nutrition, functional foods, and specialty supplements. In addition, MarisOmega excels in developing and manufacturing liquid omega-3 supplements for innovative brands. With over 30 years of experience, we are known for our deep product knowledge and exceptional customer support.",Eastern Europe; Western Europe,Distributor,"Algae, Botanicals, Carotenoids, Flavonoids: Algae | Bioactive Compounds - Other | Fats & Oils: Fats & Oils - Algae | Proteins, Enzymes, Amino Acids | Specialised Finished Products: Dietary supplements, Functional food | Consulting | Contract manufacturing | Packaging | Dosage Formats: Gummies, Oil, Powders | Children's Health | Cognitive & Mental Health",Vitafoods Europe 2027 - 18-20 May 2027 - Visit us at stand 3G235E | Vitafoods Europe 2026 - 05 - 07 May 2026 - We were at stand 4F52K | Vitafoods Europe 2025 - 20 - 22 May 2025 - We were at stand 4D38K,"Bergstrasse 11, 20095, Hamburg, Germany",info@imperialoel.com,,https://www.imperial-oel-import.de/homepage.html,Germany,"Algae, Botanicals, Carotenoids, Flavonoids | Bioactive Compounds - Other | Fats & Oils | Proteins, Enzymes, Amino Acids",Specialised Finished Products | Dietary supplements | Functional food,Dosage Formats | Gummies | Oil | Powders,Children's Health | Cognitive & Mental Health,Consulting | Contract manufacturing | Packaging,Health & Safety,https://www.ingredientsnetwork.com/imperialoel-comp325636.html
307174,Food Ingredients Europe,"Join the global F&B ingredients community to discover cutting-edge innovations and breakthrough solutions, forge new partnerships and gain insights to shape the future of food – at Fi Europe, the home of food ingredients. https://www.figlobal.com/europe/en/whats-on/what-to-expect/overview.html",Africa; Asia; Australia; Central/South America; Eastern Europe; Middle East; North America; Western Europe,Import / Export Services,"Additives incl. Flavourings & Colours | Bioactive Compounds - Other: Bioactives Other | Carbohydrates, Sugars | Eggs & Egg Products | Proteins, Enzymes, Amino Acids | Vitamins, Minerals | Finished Food Categories: Bakery, Beverages / Juices, Cereal and grain products, Egg products, Fruits & Vegetables, Plant-based foods | Specialised Finished Products: Dietary supplements, Functional confectionery, Functional food, Pet Dietary Supplements | Analysis/ Testing | Auditing & certifications | Blending & mixing | Bottling | Encapsulating | Quality assurance | Dosage Formats: Beverages, Capsules | Cardiovascular Health | Children's Health | Healthy Ageing | Immune Support | Men's Health | Pet Health | Weight Management",Fi Europe 2026 - 17-19 November 2026 - Visit us at stand 001,"WTC, Tower 10 – 7th Floor, Strawinskylaan 763, 1077 XX, Amsterdam, Netherlands",ficustomerservice@informa.com,+31(0)20 245 5355,https://www.figlobal.com/fieurope/en/home.html,Netherlands,"Additives incl. Flavourings & Colours | Bioactive Compounds - Other | Carbohydrates, Sugars | Eggs & Egg Products | Proteins, Enzymes, Amino Acids | Vitamins, Minerals",Finished Food Categories | Bakery | Beverages / Juices | Cereal and grain products | Egg products | Fruits & Vegetables | Plant-based foods | Specialised Finished Products | Dietary supplements | Functional confectionery | Functional food | Pet Dietary Supplements,Dosage Formats | Beverages | Capsules,Cardiovascular Health | Children's Health | Healthy Ageing | Immune Support | Men's Health | Pet Health | Weight Management,Analysis/ Testing | Auditing & certifications | Blending & mixing | Bottling | Encapsulating | Quality assurance,B corporation,https://www.ingredientsnetwork.com/food-ingredients-europe-comp307174.html
251251,Lyckeby Group ek för,"Lyckeby – experts in potato-based starches and fiberWe develop, produce, market, and distribute innovative potato-based specialty starches and fibers for the food and paper industries worldwide. As part of the Lyckeby Group – an economic association with around 500 members in southern Sweden, of which around 350 are farmers – we have strong roots in agriculture. This ensures a stable and high-quality supply of raw materials. Our production is based on renewable raw materials, mainly potatoes. Our deep expertise ensures that our functional starches are perfectly suited to specific industrial needs, including: • Acid-treated E1401 • Acetylated E1420 • Cross-linked E1412 • Acetylated and cross-linked E1414 • Acid-treated and acetylated E1420 • Oxidized E1404 • Cross-linked and hydroxypropylated E1442 • Emulsion stabilizing (OSA) E1450 • Enzyme treated • Dextrin • Low moisture • Clean label",Africa; Asia; Australia; Central/South America; Eastern Europe; Middle East; North America; Western Europe,Distributor,"Additives incl. Flavourings & Colours | Carbohydrates, Sugars | Dietary Fibres, Prebiotics",Fi Europe 2026 - 17-19 November 2026 - Visit us at stand 41K12 | Fi Asia Indonesia 2026 - 16-18 September 2026 - We were at stand C3T45,"PO Box 45, 29107, Fjalkinge, Sweden",josefin.friberg@lyckebygroup.com,+46766242434,https://www.lyckeby.com,Sweden,"Additives incl. Flavourings & Colours | Carbohydrates, Sugars | Dietary Fibres, Prebiotics",,,,,,https://www.ingredientsnetwork.com/lyckeby-group-ek-for-comp251251.html
319830,1Q Health GMBH,"1Q Health Fast Track to Quality From a product idea to the shelf - We bring your pharmaceutical product or food supplement to life with our full-service contract manufacturing solutions. We work closely with our customers to develop high-quality, innovative products for both human and veterinary use and launch them quickly onto the market. Several individual companies are united under the umbrella of the 1Q Health Group. These include the contract manufacturing companies ABJ alive GmbH, DRONANIA pharmaceuticals GmbH , HKS health solutions GmbH Austria , the medicinal mushroom raw materials offering Mycotrition GmbH and the contract-based research organization (CRO) VivaCell Biotechnlogogy GmbH . The combination of these unique competencies allows us to offer a wide range of services from product development to production and market launch. Our products and services What sets us apart is the full-service model we offer our customers. Alongside comprehensive production and logistics services, we also support clients with studies for testing and developing the right formulations for their products. Our customers have more time to focus on branding and marketing. But we can also help them with that. As a digital-driven CDMO, we’ll apply customized brand building and digital strategies to help clients build lasting success in the marketplace. We don’t just make products, we create brands. Talking about brands: With our white label products and private label solutions companies can easily expand their existing product portfolio and aspiring entrepreneurs can get their new supplement brands off the ground fast and without big investments. We write quality with a capital letter High quality is the backbone of our operations. We invest in rigorous quality management in all our facilities in all product phases and only work with certified and authorized suppliers to ensure that our customers get the best and safest products possible. Our production facilities are reguarly audited by third parties and GMP, IFS, organic, HACCP, ISO and FSSC 22000 certified, as required. Innovating and optimizing for the future High quality standards, innovative technologies and a clear focus on the future ensure the continued success and growth of the whole 1Q Health Group. We continually invest in new product development, production process optimization and technologies to support our clients build strong brands in the international marketplace. 1Q Health – Your non-stockout address for contract manufacturing in Europe, for the global market. Learn more about 1Q Health and our product portfolio.",Asia; Eastern Europe; Western Europe,Contract Manufacturer,"Herbs, Spices | Specialised Finished Products: Dietary supplements | Contract manufacturing",Vitafoods Europe 2027 - 18-20 May 2027 - Visit us at stand 2G65 | Vitafoods Asia 2026 - 02 - 04 Sept 2026 - We were at stand H6-J15 | Vitafoods Europe 2026 - 05 - 07 May 2026 - We were at stand 3K128 | Vitafoods Europe 2025 - 20 - 22 May 2025 - We were at stand 4J3,"Gewerbestraße 8, 82064, Strasslach, Germany",info@1qhealth.com,,https://1qhealth.com,Germany,"Herbs, Spices",Specialised Finished Products | Dietary supplements,,,Contract manufacturing,,https://www.ingredientsnetwork.com/1q-health-gmbh-comp319830.html
248842,Akay Bioactives,"Akay Natural Ingredients Private Limited is a global manufacturer and supplier of high-quality natural ingredients for the food, nutraceutical, and health & wellness industries. As part of the Oterra Group, Akay offers a diverse portfolio including spice oleoresins, essential oils, natural colours, botanical extracts, natural antioxidants, curcumin, and functional ingredients. With strong expertise in extraction, formulation, and advanced processing technologies, Akay delivers consistent, traceable, and application-focused solutions to customers worldwide. Our commitment to innovation, quality, sustainability, and customer-centric solutions makes Akay a trusted partner for natural ingredient solutions across global markets.",Asia; Australia; Central/South America; Eastern Europe; North America; Western Europe,Manufacturer: Ingredients / Additives,"Additives incl. Flavourings & Colours: Antioxidants, Flavourings | Algae, Botanicals, Carotenoids, Flavonoids: Botanicals | Bioactive Compounds - Other: Bioactives Other | Fats & Oils | Herbs, Spices: Spices | Ingredient Mixtures, Synbiotics | Finished Food Categories: Beverages / Juices, Confectionery, Pet Food, Sauces & Seasonings | Specialised Finished Products: Dietary supplements | Extracting | Dosage Formats: Beverages, Capsules, Chewables, Gummies, Oil, Powders, Tablets | Bone & Joint Health | Cardiovascular Health | Cognitive & Mental Health | Digestive Health | Healthy Ageing | Immune Support | Men's Health | Metabolic Health | Sleep Health | Sports Nutrition | Weight Management | Women's Health",Fi Europe 2026 - 17-19 November 2026 - Visit us at stand 31P64 | Vitafoods India 2027 - 9 - 11 February 2027 - Visit us at stand E29 | Vitafoods Europe 2027 - 18-20 May 2027 - Visit us at stand 2D265 | Vitafoods Asia 2026 - 02 - 04 Sept 2026 - We were at stand H5-D41 | Vitafoods Europe 2026 - 05 - 07 May 2026 - We were at stand 3J220 | Vitafoods India 2026 - 11 - 13 February 2026 - We were at stand C17,"Malaidamthuruthu P.O., 683561, Ernakulam, Kochi, India",info@akay-group.com,+91 4842686111,https://www.akay-group.com,India,"Additives incl. Flavourings & Colours | Algae, Botanicals, Carotenoids, Flavonoids | Bioactive Compounds - Other | Fats & Oils | Herbs, Spices | Ingredient Mixtures, Synbiotics",Finished Food Categories | Beverages / Juices | Confectionery | Pet Food | Sauces & Seasonings | Specialised Finished Products | Dietary supplements,Dosage Formats | Beverages | Capsules | Chewables | Gummies | Oil | Powders | Tablets,Bone & Joint Health | Cardiovascular Health | Cognitive & Mental Health | Digestive Health | Healthy Ageing | Immune Support | Men's Health | Metabolic Health | Sleep Health | Sports Nutrition | Weight Management | Women's Health,Extracting,,https://www.ingredientsnetwork.com/akay-bioactives-comp248842.html
249286,TEREOS,"Tereos is a leading supplier of functional ingredients derived from sugar beet, cereals and sugarcane, serving the food and beverage industry worldwide. As a farmer-owned cooperative with more than 10,000 members, Tereos combines agricultural expertise with advanced processing capabilities to offer a broad portfolio of solutions, including sugar, sweeteners, starches, proteins, fibers and fermentation-based ingredients. Tereos works closely with customers to deliver innovative ingredients and solutions that support nutrition, functionality and decarbonization objectives throughout the value chain . Through regenerative agriculture initiatives and low-carbon sourcing solutions, Tereos helps customers reduce the carbon footprint of their products while responding to evolving consumer expectations and regulatory requirements. Processing more than 43 million tonnes of plant-based raw materials each year, Tereos combines scale, expertise and innovation to help customers develop high-performing, more sustainable solutions for markets worldwide.",Africa; Asia; Australia; Central/South America; Eastern Europe; Middle East; North America; Western Europe,Manufacturer: Ingredients / Additives,"Additives incl. Flavourings & Colours | Carbohydrates, Sugars | Cereals & Grains, Pulses | Fruit, Seeds, Nuts & Peanuts, Vegetables | Syrups & Others: Cane sugar",Fi Europe 2026 - 17-19 November 2026 - Visit us at stand 31H90 | Vitafoods Europe 2025 - 20 - 22 May 2025 - We were at stand 4F77,"1 Rue de Senlis, 77230, Moussy-le-Vieux, France",contact@tereos.com,+33 (0) 3 28 38 79 30,https://www.tereos.com,France,"Additives incl. Flavourings & Colours | Carbohydrates, Sugars | Cereals & Grains, Pulses | Fruit, Seeds, Nuts & Peanuts, Vegetables | Syrups & Others",,,,,,https://www.ingredientsnetwork.com/tereos-comp249286.html
476559,YAYLA AGRO GIDA SAN.TIC.A.S.,"Yayla Agro which has been serving in the food and pulses industry for 30 years, born and raised in the territory of Turkey and it has been taken its place in the world market with its investments and R&D activities. Yayla Agro is market leader in pulses industry by a long way and continues its growth with the motto ""A better future"". Yayla Agro that brings products that make life easier and add value to life by following the dynamics of technology and changing consumption habits, exports to more than 80 countries. The company offers a wide range of products to the market for different expectations and applications of the consumer. Products: Pulse Flours Starch & TVP, (Pea, Soy, Chickpea, Lentil Flour and Starch. TSP (Textured Soy Protein), TPP (Textured Pea Protein)) Pulse Chips & Snack Pellets, (Lentil, Chickpea, Pea Chips and Snack Pellet) Gluten Free & Enriched Pasta, ( Buckwheat, Chickpea, Lentil Pasta) Sauce Groups, ( Ketchup, Mayo, Cheddar, Chipotle, Barbecue, Sweet Chili, Mustard and etc. Sauces) Rice & Multi-grain Snacks, ( Enriched Rice. Triangle, Classic Disc, Thin Style Rice Cake Snacks. Multigrain (Rice + Corn + Quinoa + Millet)) Granola Oat Meals & Bar, (From fruity blends to nutty and chocolatey combinations) Freeze Dried Fruits & Vegetables, (Fruits and vegetables in whole, diced, flaked, sliced, and granulated forms for versatile applications.) Ready to Eat Meals,( A convenient and nutritious solution made from carefully selected legumes, grains, and vegetables, cooked using retort sterilization technology. Our ready-to-eat meals offer homemade taste, long shelf life, and quick preparation.)",Africa; Asia; Australia; Central/South America; Eastern Europe; Middle East; North America; Western Europe,Manufacturer: Ingredients / Additives,"Carbohydrates, Sugars | Cereals & Grains, Pulses: Cereals & Grains, Pulses | Fruit, Seeds, Nuts & Peanuts, Vegetables: Fruit, Vegetables | Ingredient Mixtures, Synbiotics | Proteins, Enzymes, Amino Acids: Proteins - Plant | Finished Food Categories: Bakery, Cereal and grain products, Plant-based foods | Specialised Finished Products: Functional food, Meal replacement products | Granulating/ grinding/ milling / mixing | Dosage Formats: Powders | Physical Formats: Dried - freeze dried | Metabolic Health | Sports Nutrition",Fi Europe 2026 - 17-19 November 2026 - Visit us at stand 31D96,"Saray Mh. Fatih Sultan Mehmet Blv. No:327 Kahramankazan, 06980, Ankara, Türkiye",info@yaylaagro.com,,,Türkiye,"Carbohydrates, Sugars | Cereals & Grains, Pulses | Fruit, Seeds, Nuts & Peanuts, Vegetables | Ingredient Mixtures, Synbiotics | Proteins, Enzymes, Amino Acids",Finished Food Categories | Bakery | Cereal and grain products | Plant-based foods | Specialised Finished Products | Functional food | Meal replacement products,Dosage Formats | Powders | Physical Formats | Dried - freeze dried,Metabolic Health | Sports Nutrition,Granulating/ grinding/ milling / mixing,Gluten-free,https://www.ingredientsnetwork.com/yayla-agro-gida-san-tic-a-s-comp476559.html
324235,GlobalPharmacia Group d.o.o.,"GlobalPharmacia Group is a privately-owned company specializing in the development, manufacturing, and global distribution of high-quality food supplements under private label. We offer a diverse range of products in various forms, including capsules, tablets, gummies, liquids, sachets, and softgels. Our full-service approach covers every stage of product development—from initial concept to final production—ensuring precision, quality, and regulatory compliance. With a state-of-the-art manufacturing facility and a dedicated in-house Research & Development (R&D) team, we deliver nutraceuticals that meet the highest industry standards. We use premium ingredients, provide end-to-end service, and ensure efficient, high-quality manufacturing. Our global reach allows us to serve markets worldwide, and our experienced team offers expert support at every stage. Committed to quality and innovation, GlobalPharmacia is the ideal partner for your nutraceutical needs. Contact us today to bring your product ideas to life. GlobalPharmacia Group—Where Quality Meets Innovation.",Africa; Asia; Central/South America; Eastern Europe; Middle East; Western Europe,Contract Manufacturer,"Specialised Finished Products: Dietary supplements | Contract manufacturing | Dosage Formats: Capsules, Drops, Gummies, Liquids, Powders, Sachets, Shots, Sprays, Sticks, Syrups, Tablets | Bone & Joint Health | Children's Health | Cognitive & Mental Health | Healthy Ageing | Immune Support | Metabolic Health | Sleep Health | Sports Nutrition | Weight Management | Women's Health",Vitafoods Europe 2027 - 18-20 May 2027 - Visit us at stand 3D99 | Vitafoods Europe 2026 - 05 - 07 May 2026 - We were at stand 4G5 | Vitafoods Europe 2025 - 20 - 22 May 2025 - We were at stand 5D52,"Poklukarjeva ulica 27, 1000, Ljubljana, Slovenia",sales@globalpharmacia.com,,https://globalpharmacia.com/,Slovenia,,Specialised Finished Products | Dietary supplements,Dosage Formats | Capsules | Drops | Gummies | Liquids | Powders | Sachets | Shots | Sprays | Sticks | Syrups | Tablets,Bone & Joint Health | Children's Health | Cognitive & Mental Health | Healthy Ageing | Immune Support | Metabolic Health | Sleep Health | Sports Nutrition | Weight Management | Women's Health,Contract manufacturing,,https://www.ingredientsnetwork.com/globalpharmacia-group-d-o-o-comp324235.html
307649,Lubrizol,"Enabling Differentiated Nutraceutical Solutions With Optimized Ingredient Delivery. At Lubrizol we empower brands to create truly differentiated nutraceutical solutions through our expertise in optimized ingredient delivery. Our advanced microencapsulation technologies elevate the performance, stability, bioavailability, and sensory experience of nutraceutical actives—unlocking new possibilities for formulators and delivering superior outcomes for consumers. Our portfolio includes advanced microencapsulated minerals— Lipofer™ iron, Magshape™ magnesium , Zincnova™ zinc and Lipocal™ calcium —and high‑performance botanicals including Curcushine™ curcumin , Newcaff™ caffeine and Lipophytol™ phytosterols . Backed by science, clinical insights and cutting‑edge microencapsulation, our technologies enhance bioavailability, stability, taste and format flexibility across gummies, sticks, beverages and tablets. We help formulators create premium, consumer‑preferred solutions in women’s health, beauty‑from‑within, active living, cognitive support and metabolic wellness. Rooted in deep scientific expertise, clinical substantiation, and consumer-led innovation, our branded ingredients help manufacturers accelerate product development, enhance consumer satisfaction, and set new standards for quality and efficacy in the global nutraceutical market. Visit us at Booth 5B12 to explore our latest innovation concepts.",Asia; Central/South America; Eastern Europe; North America; Western Europe,Raw Material Supplier,"Additives incl. Flavourings & Colours: Emulsifiers, Stabilisers, Thickeners | Vitamins, Minerals | Specialised Finished Products: Dietary supplements",Vitafoods Europe 2027 - 18-20 May 2027 - Visit us at stand 4F1 | Vitafoods Europe 2026 - 05 - 07 May 2026 - We were at stand 5B12 | Vitafoods Europe 2025 - 20 - 22 May 2025 - We were at stand 4F10,"Issac Peral, 17 Pol. Ind. Camí Ral Gava, 08850, Gavà, Spain",isabel.gomez@lubrizol.com,,https://www.lipofoods.com,Spain,"Additives incl. Flavourings & Colours | Vitamins, Minerals",Specialised Finished Products | Dietary supplements,,,,,https://www.ingredientsnetwork.com/lubrizol-comp307649.html
476370,Uhlmann Pac-Systeme GmbH & Co. KG,"Uhlmann Pac-Systeme GmbH & Co. KG is a leading global systems provider for the packaging of pharmaceuticals in blisters, bottles, and cartons. They bring their experience in pharmaceutical packaging to the consumer health industry, focusing on nutraceuticals, supplements, and functional foods. The solutions balance high performance with the cost efficiency required for your market. From compact blister machines to full bottle lines – Uhlmann understands your unique packaging challenges and delivers sustainable, pharma-grade solutions that pay off. The company offers flexible, complete solutions for various challenges. These include constantly increasing demands for safety and cost-effectiveness, as well as the product traceability required by law in many countries. With its innovative portfolio ranging from blister machines and bottle lines to cartoners and end-of-line packers, Uhlmann has been setting standards in quality, efficiency, and availability for decades. Over time, the company has evolved into a total solution provider: ""360° PHARMA PACKAGING"" stands for consulting, project management, implementation, comprehensive services, and digital solutions from a single source. The company, headquartered in Laupheim, Germany, operates worldwide and ensures production-related support.. Uhlmann Pac-Systeme GmbH & Co. KG was founded in 1948 and is part of the Uhlmann Group, which is now in its third generation of family ownership. Other companies in the Uhlmann Group include Koch Pac-Systeme and Goldfuß Engineering from Germany, Cremer Speciaalmachines from the Netherlands, Axito from Poland, and Wonder Packing Machinery from China. Since October 2019, meaningful parts of central functions have been consolidated within Uhlmann Group Holding GmbH & Co. KG.",Africa; Asia; Australia; Central/South America; Eastern Europe; Middle East; North America; Western Europe,"Equipment, Packaging & Processing Supplier",Packaging,Vitafoods Europe 2027 - 18-20 May 2027 - Visit us at stand 3G161 | Vitafoods Europe 2026 - 05 - 07 May 2026 - We were at stand 5F22,"Uhlmannstr. 14-18, 88471, Laupheim, Germany",news@uhlmann.de,,https://www.uhlmann.de/en/consumer-health,Germany,,,,,Packaging,,https://www.ingredientsnetwork.com/uhlmann-pac-systeme-gmbh-co-kg-comp476370.html
308473,International Probiotics Association,"Welcome to the International Pre-, Pro- and Post-, biotics Association! (IPA) The International Pre-, Pro- and Post-, biotics Association (IPA) is a global non-profit organization bringing together through its membership, the biotic sector’s stakeholders including but not limited to academia, scientists, health care professionals, consumers, industry and regulators. The IPA’s mission is to promote the safe and efficacious use of biotics throughout the world. Holding NGO status before Codex Alimentarius, the IPA is also recognized as the unified Global Voice of Probiotics® around the world. Additionally, the IPA will work with government bodies and industry to assist in establishing scientific standards for biotic supplements, biotic pharmaceutical products and functional foods. IPA will educate consumers on the proven health benefits of all biotics for humans by attending trade shows, health tours/walks and other media functions. IPA promises to always put forth timely, unbiased information to every interested party, and share the documented benefits of all biotics to its international forum of members. Be part of the Global Voice of Probiotics® by becoming an IPA member. IPA members are a diverse representation of the international probiotics sector, bringing together over 120 companies spanning 29 countries from industry, healthcare, academia, research, regulation, and more.",,"Food Safety, Quality and Service","Dietary Fibres, Prebiotics | Fungi & Yeasts, Microorganisms & Probiotics, Mushrooms | Proteins, Enzymes, Amino Acids | Specialised Finished Products: Biotic products, Dietary supplements, Functional food",Vitafoods Europe 2026 - 05 - 07 May 2026 - We were at stand 4D52F | Vitafoods Europe 2025 - 20 - 22 May 2025 - We were at stand 5B48N,"3484 Boulevard des Sources #320Dollard-des-Ormeaux,, H9B 1Z9, Québec, Canada",kristina@ipa-biotics.org,111111111,https://ipa-biotics.org/,Canada,"Dietary Fibres, Prebiotics | Fungi & Yeasts, Microorganisms & Probiotics, Mushrooms | Proteins, Enzymes, Amino Acids",Specialised Finished Products | Biotic products | Dietary supplements | Functional food,,,,,https://www.ingredientsnetwork.com/international-probiotics-association-comp308473.html
324301,Uriach,"Uriach is an international family company based in Barcelona. Since the foundation of the company, taking care of people has been the core of what we do, our reason for being. 185 years and 6 generations later, the healing of people continues to be the driver of our activity. Uriach has been registering double-digit growth in the last decade with a strong track record of internationalization, while running a responsible business, adaptability and development of cutting-edge products and brands with the consumer at the heart of our strategy that highlight our commitment to society.",,,,Vitafoods Europe 2026 - 05 - 07 May 2026 - We were at stand 4D2 | Vitafoods Europe 2025 - 20 - 22 May 2025 - We were at stand 3D104,"Green Building Avinguda de la Generalitat 163-167, 08174, Sant Cugat del Vallès, Spain",,,https://www.uriach.com,Spain,,,,,,,https://www.ingredientsnetwork.com/uriach-comp324301.html
324269,Novalabs,"Novalabs provides full-service contract manufacturing (private label) and product development for nutraceutial supplements, based in Austria. We are the supplement for supplements, a one stop shop to your product. We produce dietary supplements in every dosageform. From past experience, our team knows your needs and requirements in all phases. That is why Novalabs is completely focused on helping ideas become products. We can produce small to large quantities, depending on what our customers need. Our production provides you with the highest certified quality (IFS Food 8), and our communication is transparent throughout the entire process. Novalabs is your reliable partner - a one-stop shop that enables you to realize the full potential of your products. We are everything your supplement needs.",Asia; Eastern Europe; Western Europe,Contract Manufacturer,"Additives incl. Flavourings & Colours | Dietary Fibres, Prebiotics | Fungi & Yeasts, Microorganisms & Probiotics, Mushrooms | Proteins, Enzymes, Amino Acids | Vitamins, Minerals | Finished Food Categories: Plant-based foods | Specialised Finished Products: Dietary supplements | Analysis/ Testing | Contract manufacturing | Encapsulating | Granulating/ grinding/ milling / mixing | Labelling | Packaging | Dosage Formats: Capsules",Vitafoods Europe 2027 - 18-20 May 2027 - Visit us at stand 2D111 | Vitafoods Europe 2026 - 05 - 07 May 2026 - We were at stand 4F5 | Vitafoods Europe 2025 - 20 - 22 May 2025 - We were at stand 3K127,"Riedlerweg 29D, 8010, GRAZ, Austria",david@novalabs.at,,,Austria,"Additives incl. Flavourings & Colours | Dietary Fibres, Prebiotics | Fungi & Yeasts, Microorganisms & Probiotics, Mushrooms | Proteins, Enzymes, Amino Acids | Vitamins, Minerals",Finished Food Categories | Plant-based foods | Specialised Finished Products | Dietary supplements,Dosage Formats | Capsules,,Analysis/ Testing | Contract manufacturing | Encapsulating | Granulating/ grinding/ milling / mixing | Labelling | Packaging,,https://www.ingredientsnetwork.com/novalabs-comp324269.html
317528,Wellma,"Wellma is the development and manufacturing partner for players that want to build, launch, and scale high-quality nutraceutical products — without being constrained by format, complexity, or geography. We combine full-range capabilities across all major supplement formats (capsules, tablets, powders, liquids, gummies, bars, liposomals and specialty systems) with deep, format-specific expertise , as each of our development & production sites is dedicated to a single format, giving our partners the focus, quality, and innovation depth of a specialist - while having access to all formats capabilities. From early-stage formulation and R&D, to scale-up, regulatory support, and multi-market and multi-format production, we work with startups, scale-ups, established brands and retailers alike . Our entrepreneurial mindset, strong scientific capabilities, and agile operating model allow us to adapt to where you are today — and scale with you tomorrow. One partner. All formats. Deep expertise. Built to grow with you.",Eastern Europe; Western Europe,Contract Manufacturer,"Dosage Formats: Capsules, Food bars, Gels, Granules, Gummies, Liquids, Pellets, Powders, Tablets",Vitafoods Europe 2027 - 18-20 May 2027 - Visit us at stand 2G95 | Vitafoods Europe 2026 - 05 - 07 May 2026 - We were at stand 3G70 | Vitafoods Europe 2025 - 20 - 22 May 2025 - We were at stand 3G26,"Nybrokajen 20, 11148, Stockholm, Sweden",sales@wellmagroup.com,,,Sweden,,,Dosage Formats | Capsules | Food bars | Gels | Granules | Gummies | Liquids | Pellets | Powders | Tablets,,,,https://www.ingredientsnetwork.com/wellma-comp317528.html
251079,SACCO SYSTEM,"Sacco System is an international company with a deep expertise in research and production of bacteria for food, agriculture, nutraceutical and pharmaceutical industries, built on more than 150 years of heritage. Operating today in over 110 countries worldwide, Sacco System provides its expertise on probiotic research, development and manufacturing for the human wellbeing. With its 8 facilities, Sacco System partners with companies in the development, process validation, and finished product manufacturing of probiotics, postbiotics, Next-Generation bacteria and LBP's. Sacco System also offers white label and tailor-made products, custom fermentation, GMP production from clinical to industrial scale (TOLLING), screening and optimization of culture media, preparation and validation of cell banks (RCB, MCB, and WCB), stability studies, research studies, registration assistance, branding and marketing strategy development, and contacts with third-party service providers like laboratories, contract manufacturers, and public authorities.",Africa; Asia; Australia; Central/South America; Eastern Europe; Middle East; North America; Western Europe,Manufacturer: Ingredients / Additives,"Additives incl. Flavourings & Colours | Bioactive Compounds - Other: Bioactives Other | Fungi & Yeasts, Microorganisms & Probiotics, Mushrooms: Microorganisms & Probiotics | Ingredient Mixtures, Synbiotics: Synbiotics | Proteins, Enzymes, Amino Acids | Finished Food Categories: Dairy | Specialised Finished Products: Biotic products, Dietary supplements, Functional food | Contract manufacturing | Dosage Formats: Gummies, Liquids, Pellets, Powders | Digestive Health | Immune Support",Vitafoods Europe 2027 - 18-20 May 2027 - Visit us at stand 3G97 | Vitafoods Europe 2026 - 05 - 07 May 2026 - We were at stand 3J78 | Vitafoods Europe 2025 - 20 - 22 May 2025 - We were at stand 3A6,"Strada per Merlino, 3, 26839, Zelo Buon Persico, Italy",P.Origoni@saccosrl.it,+390318859311,https://www.saccosystem.com,Italy,"Additives incl. Flavourings & Colours | Bioactive Compounds - Other | Fungi & Yeasts, Microorganisms & Probiotics, Mushrooms | Ingredient Mixtures, Synbiotics | Proteins, Enzymes, Amino Acids",Finished Food Categories | Dairy | Specialised Finished Products | Biotic products | Dietary supplements | Functional food,Dosage Formats | Gummies | Liquids | Pellets | Powders,Digestive Health | Immune Support,Contract manufacturing,Allergen-free | Halal | Kosher | Quality Assurance | Vegan | Vegetarian,https://www.ingredientsnetwork.com/sacco-system-comp251079.html
249925,BENEO GmbH,"BENEO offers a range of functional ingredients with health and technical benefits derived from the natural sources chicory root, barley, sugar beet, rice, wheat and faba bean. With its Meatless range, BENEO offers food producers a versatile selection of plant-based texturizing solutions for meat and fish alternatives. By “connecting nutrition and health”, the company supports food and feed manufacturers to produce healthy and more balanced products. BENEO also supplies organic rice ingredients for green, clean, texturizing solutions and organic chicory root fibres, offering the same prebiotic benefits as our conventional ingredients. BENEO ingredients offer food manufacturers routes to develop great-tasting products that are nutritionally optimised with less or no sugar or fat, fibre-enriched or gluten- as well as dairy-free and more. BENEO takes it even further: blood sugar management, weight management, digestive, bone and dental health are concepts where its ingredients can play a decisive role. In addition, they improve the taste and texture of food and beverages. BENEO specialises in supplying manufacturers with functional ingredients of non-animal origin that bring forth innovative product development. The company’s product portfolio is primarily used in the following applications: baby food, bakery, cereals, beverages, confectionery, dairy, meat and vegetables, as well as soups and sauces. To learn more, visit www.beneo.com",Africa; Asia; Australia; Central/South America; Eastern Europe; Middle East; North America; Western Europe,Manufacturer: Ingredients / Additives,"Additives incl. Flavourings & Colours: Emulsifiers, Stabilisers, Thickeners | Algae, Botanicals, Carotenoids, Flavonoids | Bioactive Compounds - Other | Carbohydrates, Sugars: Oligo- and polysaccharides | Cereals & Grains, Pulses | Dietary Fibres, Prebiotics | Ingredient Mixtures, Synbiotics | Proteins, Enzymes, Amino Acids: Proteins - Plant | Finished Food Categories: Plant-based foods | Dosage Formats: Powders | Bone & Joint Health | Digestive Health | Metabolic Health | Sports Nutrition | Weight Management",Fi Europe 2026 - 17-19 November 2026 - Visit us at stand 31G70 | Vitafoods Europe 2027 - 18-20 May 2027 - Visit us at stand 3J277 | Vitafoods Europe 2026 - 05 - 07 May 2026 - We were at stand 6F10 | Vitafoods Europe 2025 - 20 - 22 May 2025 - We were at stand 4D37,"Maximilianstrasse 10, 68165, Mannheim, Germany",contact@beneo.com,+49621421150,https://www.beneo.com,Germany,"Additives incl. Flavourings & Colours | Algae, Botanicals, Carotenoids, Flavonoids | Bioactive Compounds - Other | Carbohydrates, Sugars | Cereals & Grains, Pulses | Dietary Fibres, Prebiotics | Ingredient Mixtures, Synbiotics | Proteins, Enzymes, Amino Acids",Finished Food Categories | Plant-based foods,Dosage Formats | Powders,Bone & Joint Health | Digestive Health | Metabolic Health | Sports Nutrition | Weight Management,,Gluten-free | Non-GMO | Organic | Sustainable,https://www.ingredientsnetwork.com/beneo-gmbh-comp249925.html
267945,HHOYA B.V.,"At HHOYA, we are more than just a provider of ingredient solutions – we are dedicated advocates of sustainability, driving positive change through innovative and eco-conscious practices. As a leading sustainable ingredient solutions provider, we have made it our mission to revolutionize industries by offering cutting-edge solutions that harmonize business goals with environmental responsibility. HHOYA’s One-Stop Sourcing Solutions offer a comprehensive approach to streamline your procurement process. We provide a centralized platform where you can find a wide range of products and services, all tailored to meet your specific needs. From sourcing and procurement to logistics and support, our integrated solutions simplify your supply chain, saving you time, resources, and effort. With HHOYA’s One-Stop Sourcing Solutions, you can confidently access a diverse array of offerings while enjoying the convenience of a single point of contact for all your requirements.",Africa; Asia; Australia; Central/South America; Eastern Europe; Middle East; North America; Western Europe,Raw Material Supplier,"Additives incl. Flavourings & Colours: Emulsifiers, Stabilisers, Thickeners, Flavourings, Other Additives, Sweeteners | Algae, Botanicals, Carotenoids, Flavonoids: Botanicals | Bioactive Compounds - Other | Carbohydrates, Sugars | Dietary Fibres, Prebiotics: Dietary Fibres, Prebiotics | Proteins, Enzymes, Amino Acids: Amino acids, Proteins - Plant | Vitamins, Minerals | Finished Food Categories: Plant-based foods | Quality assurance | Dosage Formats: Powders | Physical Formats: Extracted | Cardiovascular Health | Cognitive & Mental Health | Digestive Health | Eye Health | Healthy Ageing | Immune Support | Metabolic Health | Skin Health | Sports Nutrition | Weight Management",Fi Europe 2026 - 17-19 November 2026 - Visit us at stand 30H86 | Vitafoods Europe 2027 - 18-20 May 2027 - Visit us at stand 2B265 | Vitafoods Europe 2026 - 05 - 07 May 2026 - We were at stand 3H208 | Vitafoods Europe 2025 - 20 - 22 May 2025 - We were at stand 5H40,"Rietveldenweg 98, 5222 AS, ‘s-Hertogenbosch, Netherlands",info@hhoya.com,+31 20 22 58 999,https://www.hhoya.com,Netherlands,"Additives incl. Flavourings & Colours | Algae, Botanicals, Carotenoids, Flavonoids | Bioactive Compounds - Other | Carbohydrates, Sugars | Dietary Fibres, Prebiotics | Proteins, Enzymes, Amino Acids | Vitamins, Minerals",Finished Food Categories | Plant-based foods,Dosage Formats | Powders | Physical Formats | Extracted,Cardiovascular Health | Cognitive & Mental Health | Digestive Health | Eye Health | Healthy Ageing | Immune Support | Metabolic Health | Skin Health | Sports Nutrition | Weight Management,Quality assurance,Halal | Kosher | Natural | Non-GMO | Organic | Sustainable | Vegan | Vegetarian,https://www.ingredientsnetwork.com/hhoya-b-v-comp267945.html
249093,KMC,"In KMC, everything begins and ends with the humble, yet powerful potato. KMC supplies the global food industry with potato-based solutions that enhance a product’s taste, texture, or longevity. We are a cooperative with over 90 years of experience, owned by Danish starch-potato growers – guaranteeing the highest quality and food safety standards. Growing a plant-based future In KMC, we believe the future is plant-based and climate-friendly. Our contribution is to help innovative food manufactures make their products more sustainable – and to integrate sustainability in everything we do. Implementing intelligent ingredients KMC is a preferred partner valued for our extensive know-how allowing us to develop our customer’s business and optimise every single production – from ingredient to implementation. And our experts do not leave, until it works.",Africa; Asia; Australia; Central/South America; Eastern Europe; Middle East; North America; Western Europe,Manufacturer: Ingredients / Additives,"Additives incl. Flavourings & Colours: Emulsifiers, Stabilisers, Thickeners, Other Additives | Carbohydrates, Sugars | Dietary Fibres, Prebiotics: Dietary Fibres | Fruit, Seeds, Nuts & Peanuts, Vegetables | Ingredient Mixtures, Synbiotics | Proteins, Enzymes, Amino Acids | Finished Food Categories: Bakery, Plant-based foods | Dosage Formats: Powders | Physical Formats: Powdered | Metabolic Health | Sports Nutrition",Fi Europe 2026 - 17-19 November 2026 - Visit us at stand 31G63 | Fi India 2026 - 26-28 August 2026 - We were at stand 4C26b,"Herningvej 60, 7330, Brande, Denmark",marketing@kmc.dk,+45 9642 5555,https://www.kmc.dk,Denmark,"Additives incl. Flavourings & Colours | Carbohydrates, Sugars | Dietary Fibres, Prebiotics | Fruit, Seeds, Nuts & Peanuts, Vegetables | Ingredient Mixtures, Synbiotics | Proteins, Enzymes, Amino Acids",Finished Food Categories | Bakery | Plant-based foods,Dosage Formats | Powders | Physical Formats | Powdered,Metabolic Health | Sports Nutrition,,Non-GMO,https://www.ingredientsnetwork.com/kmc-comp249093.html
249598,PRINOVA EUROPE LIMITED,"Prinova is a leading global supplier of ingredients and premix manufacturing solutions for the food, beverage and nutrition industries. Prinova holds strategic stocks in 35+ centres around the world to ensure continuity of supply and has liquid and dry premix manufacturing facilities in the UK, China and the USA. Prinova's premix business is underpinned with over 40 years of experience in ingredient sourcing and distribution, servicing their customers with global inventories, market expertise and leading market positions in Vitamins, Amino Acids, Sweeteners, Preservatives, Proteins, Aroma Chemicals and more. Our product range includes: - Amino Acids & Vitamins - Hydrocolloids & Superfoods - Botanical Extracts - Branded Ingredients - Essential Oils & Aroma Chemicals - Food & Beverage Ingredients - Proteins - Nutraceuticals - Sweeteners For more information please see PrinovaEurope.com",Africa; Asia; Australia; Central/South America; Eastern Europe; Middle East; North America; Western Europe,Manufacturer: Ingredients / Additives,"Additives incl. Flavourings & Colours: Acidulants, Antioxidants, Colours, Emulsifiers, Stabilisers, Thickeners, Flavourings, Other Additives, Preservatives | Algae, Botanicals, Carotenoids, Flavonoids: Botanicals | Bioactive Compounds - Other | Carbohydrates, Sugars | Dietary Fibres, Prebiotics | Eggs & Egg Products | Fats & Oils: Fats & Oils - Algae | Fruit, Seeds, Nuts & Peanuts, Vegetables | Fungi & Yeasts, Microorganisms & Probiotics, Mushrooms | Herbs, Spices | Proteins, Enzymes, Amino Acids: Amino acids, Proteins - Animal | Vitamins, Minerals | Finished Food Categories: Plant-based foods | Specialised Finished Products: Biotic products, Dietary supplements, Functional beverages, Functional powders, Nutricosmetics, Protein products | Analysis/ Testing | Blending & mixing | Contract manufacturing | Fermentation | Granulating/ grinding/ milling / mixing | Tabletting | Dosage Formats: Granules, Liquids, Oil, Powders, Tablets | Physical Formats: Concentrated, Dried - freeze dried, Extracted, Flaked, Ground, Liquid, Powdered, Shelled, Solid | Bone & Joint Health | Cardiovascular Health | Cognitive & Mental Health | Digestive Health | Eye Health | Healthy Ageing | Immune Support | Metabolic Health | Skin Health | Sports Nutrition",Fi Europe 2026 - 17-19 November 2026 - Visit us at stand 31G32 | Vitafoods Europe 2027 - 18-20 May 2027 - Visit us at stand 2D202 | Vitafoods Europe 2026 - 05 - 07 May 2026 - We were at stand 3C104 | Vitafoods Europe 2025 - 20 - 22 May 2025 - We were at stand CC.B38,"1 London Wall, EC2Y 5EA, London, United Kingdom",,+44 20 74 66 54 76,https://www.prinovaeurope.com/,United Kingdom,"Additives incl. Flavourings & Colours | Algae, Botanicals, Carotenoids, Flavonoids | Bioactive Compounds - Other | Carbohydrates, Sugars | Dietary Fibres, Prebiotics | Eggs & Egg Products | Fats & Oils | Fruit, Seeds, Nuts & Peanuts, Vegetables | Fungi & Yeasts, Microorganisms & Probiotics, Mushrooms | Herbs, Spices | Proteins, Enzymes, Amino Acids | Vitamins, Minerals",Finished Food Categories | Plant-based foods | Specialised Finished Products | Biotic products | Dietary supplements | Functional beverages | Functional powders | Nutricosmetics | Protein products,Dosage Formats | Granules | Liquids | Oil | Powders | Tablets | Physical Formats | Concentrated | Dried - freeze dried | Extracted | Flaked | Ground | Liquid | Powdered | Shelled | Solid,Bone & Joint Health | Cardiovascular Health | Cognitive & Mental Health | Digestive Health | Eye Health | Healthy Ageing | Immune Support | Metabolic Health | Skin Health | Sports Nutrition,Analysis/ Testing | Blending & mixing | Contract manufacturing | Fermentation | Granulating/ grinding/ milling / mixing | Tabletting,Allergen-free | Animal welfare | Health & Safety | Natural | Quality Assurance,https://www.ingredientsnetwork.com/prinova-europe-limited-comp249598.html
251069,MartinoRossi SpA,"MartinoRossi is a mill and ingredients producer from Northern Italy, active for more than fifty years, focused on flours, custom blends and functional ingredients from cereals and pulses, 100% Gluten-free, allergen-free and GMO-free. MartinoRossi lays its foundations on the respect and development of the agricultural realities, investing on quality and safety of raw materials. Cereals and pulses both conventional and organic, transformed into high quality flours, semi-finished products, functional ingredients and custom blends, clean label and allergens free, ideal for the production of pasta, snacks, bakery products and plant-based products. Thanks to its tailor-made attitude, MartinoRossi is able to offer a full customization of the supplied ingredients, according to specific customer requirements (both in terms of grain size and heat-treatment). Native or Heat-Treated flours ideal for pasta making, bakery products and pastry; semi-finished products for corn-flakes or snacks and selected high-quality grains. Functional ingredients conceived to guarantee a ""clean"" label to final consumers. Flours physically modified through an internal know-how and the use of vegetable fibers create solutions to assist the food industries to achieve a better performance in the finished products.",Asia; Central/South America; Eastern Europe; Middle East; North America; Western Europe,Manufacturer: Ingredients / Additives,"Carbohydrates, Sugars | Cereals & Grains, Pulses: Cereals & Grains, Pulses | Dietary Fibres, Prebiotics: Dietary Fibres | Fruit, Seeds, Nuts & Peanuts, Vegetables | Ingredient Mixtures, Synbiotics: Food Substitute Ingredient Mixtures, Functional (formulated) Ingredient Mixtures | Proteins, Enzymes, Amino Acids: Amino acids | Finished Food Categories: Cereal and grain products, Plant-based foods, Prepared foods | Specialised Finished Products: Functional food | Dosage Formats: Powders | Physical Formats: Ground, Milled | Digestive Health | Metabolic Health | Sports Nutrition | Weight Management",Fi Europe 2026 - 17-19 November 2026 - Visit us at stand 31B20,"Sp 26 km 15.100, 26030, Malagnino, Italy",info@martinorossispa.it,+39 0372 838501,https://www.martinorossispa.it,Italy,"Carbohydrates, Sugars | Cereals & Grains, Pulses | Dietary Fibres, Prebiotics | Fruit, Seeds, Nuts & Peanuts, Vegetables | Ingredient Mixtures, Synbiotics | Proteins, Enzymes, Amino Acids",Finished Food Categories | Cereal and grain products | Plant-based foods | Prepared foods | Specialised Finished Products | Functional food,Dosage Formats | Powders | Physical Formats | Ground | Milled,Digestive Health | Metabolic Health | Sports Nutrition | Weight Management,,Allergen-free | Gluten-free | Non-GMO | Organic | Vegan | Vegetarian,https://www.ingredientsnetwork.com/martinorossi-spa-comp251069.html
301813,LIPSA,"Lípidos Santiga (LIPSA) is a leading company in the refining of vegetable oils and fats for the human food, animal feed, technical applications and biofuels sectors.Since our beginnings in 1973, our objective has been to become the supplier of reference for all our customers around the world, continuously providing them with high added value solutions. With a portfolio of more than 20 feedstocks and the ability to add additives and create blends, we have the widest product portfolio in the industry. And for all customers who want to go one step further in their commitment to sustainability, we also offer our range of sustainable and eco-certified products. Our experienced team works together with the best suppliers to ensure a safe and sustainable supply chain for our raw materials in social, environmental and economic terms. We also use the best and latest technology in oil refining processes, and we are at the forefront in mitigating contaminants that may be present in vegetable oils or appear during refining processes (GE, 3-MCPD esters and MOSH/MOAH) to ensure the quality of all our products. We continuously innovate our products, relying on technology to adapt to the needs of the market and together with our customers we develop tailor-made solutions to meet all their demands for vegetable oils and fats.",Africa; Asia; Australia; Central/South America; Eastern Europe; Middle East; North America; Western Europe,Raw Material Supplier,"Additives incl. Flavourings & Colours: Emulsifiers, Stabilisers, Thickeners | Fats & Oils: Fats & Oils - Plant | Finished Food Categories: Confectionery, Cooking Fats & Oils, Plant-based foods | Dosage Formats: Oil | Children's Health | Metabolic Health",Fi Europe 2026 - 17-19 November 2026 - Visit us at stand 31N90,"Ctra. B-141 Ripollet A Santiga, km 4,300, 08130, Santa Perpetua de Mogoda, Spain",jolivero@lipsa.es,+34 935443119,https://www.lipsa.es,Spain,Additives incl. Flavourings & Colours | Fats & Oils,Finished Food Categories | Confectionery | Cooking Fats & Oils | Plant-based foods,Dosage Formats | Oil,Children's Health | Metabolic Health,,Organic | Sustainable,https://www.ingredientsnetwork.com/lipsa-comp301813.html
249140,Nexira,"Founded in 1895, Nexira is a global leader in natural ingredients and botanical extracts for the food, nutrition, and dietary supplements industries. Nexira built its reputation as the world leader in acacia fiber and now manufactures a wide range of natural products with recognized health benefits. Our portfolio of products includes highly functional and nutritional ingredients , antioxidants and active botanicals for digestive health, weight management, stress management, sports nutrition, cognitive health and cardiovascular health. We operate on five continents, with ten subsidiaries, eight manufacturing plants and an extensive network of partners in more than 80 countries.",Africa; Asia; Australia; Central/South America; Eastern Europe; Middle East; North America; Western Europe,Manufacturer: Ingredients / Additives,"Additives incl. Flavourings & Colours: Emulsifiers, Stabilisers, Thickeners | Algae, Botanicals, Carotenoids, Flavonoids: Algae, Botanicals, Carotenoids | Bioactive Compounds - Other | Carbohydrates, Sugars | Cereals & Grains, Pulses | Dietary Fibres, Prebiotics: Dietary Fibres, Prebiotics | Fats & Oils | Fruit, Seeds, Nuts & Peanuts, Vegetables | Fungi & Yeasts, Microorganisms & Probiotics, Mushrooms | Herbs, Spices: Herbs | Ingredient Mixtures, Synbiotics: Synbiotics | Proteins, Enzymes, Amino Acids: Amino acids, Proteins - Plant | Vitamins, Minerals | Finished Food Categories: Plant-based foods | Specialised Finished Products: Dietary supplements, Energy drinks, Functional beverages, Functional food | Encapsulating | Extracting | Spray drying | Dosage Formats: Powders | Physical Formats: Dried - air dried, Dried - freeze dried, Extracted, Ground, Powdered | Bone & Joint Health | Cardiovascular Health | Cognitive & Mental Health | Digestive Health | Eye Health | Healthy Ageing | Immune Support | Men's Health | Metabolic Health | Skin Health | Sleep Health | Sports Nutrition | Weight Management | Women's Health",Fi Europe 2026 - 17-19 November 2026 - Visit us at stand 31H64 | Vitafoods Europe 2027 - 18-20 May 2027 - Visit us at stand 3A167 | Vitafoods Asia 2026 - 02 - 04 Sept 2026 - We were at stand H6-K16 | Fi India 2026 - 26-28 August 2026 - We were at stand 4B36 | Vitafoods Europe 2026 - 05 - 07 May 2026 - We were at stand 3C70,"129, Chemin de Croisset BP 4151, 76723, Rouen, France",info@nexira.com,+33 232 83 18 18,https://www.nexira.com,France,"Additives incl. Flavourings & Colours | Algae, Botanicals, Carotenoids, Flavonoids | Bioactive Compounds - Other | Carbohydrates, Sugars | Cereals & Grains, Pulses | Dietary Fibres, Prebiotics | Fats & Oils | Fruit, Seeds, Nuts & Peanuts, Vegetables | Fungi & Yeasts, Microorganisms & Probiotics, Mushrooms | Herbs, Spices | Ingredient Mixtures, Synbiotics | Proteins, Enzymes, Amino Acids | Vitamins, Minerals",Finished Food Categories | Plant-based foods | Specialised Finished Products | Dietary supplements | Energy drinks | Functional beverages | Functional food,Dosage Formats | Powders | Physical Formats | Dried - air dried | Dried - freeze dried | Extracted | Ground | Powdered,Bone & Joint Health | Cardiovascular Health | Cognitive & Mental Health | Digestive Health | Eye Health | Healthy Ageing | Immune Support | Men's Health | Metabolic Health | Skin Health | Sleep Health | Sports Nutrition | Weight Management | Women's Health,Encapsulating | Extracting | Spray drying,Health & Safety | Kosher | Natural | Non-GMO | Organic | Sustainable | Traceable | Vegan,https://www.ingredientsnetwork.com/nexira-comp249140.html
307576,RIOJA NATURE PHARMA,"""We are Your Manufacturer"" Specialized in bespoke food-supplements. Working with such a variety of products gives us great Know How. Capsules, Veg SoftGels, Sachets, tablets, liquids ... Wide range of dosage forms. If you have any development proposal or want RNP to quote one of the products that you are already producing, do not hesitate to request it. High production capacity & Amazon Experience.",Asia; Australia; Central/South America; Eastern Europe; Middle East; North America; Western Europe,Contract Manufacturer,"Fungi & Yeasts, Microorganisms & Probiotics, Mushrooms | Proteins, Enzymes, Amino Acids | Finished Food Categories: Pet Food, Plant-based foods | Specialised Finished Products: Dietary supplements | Contract manufacturing | Encapsulating | Quality assurance | Dosage Formats: Capsules, Gummies",Vitafoods Europe 2027 - 18-20 May 2027 - Visit us at stand 2D57 | Vitafoods Europe 2026 - 05 - 07 May 2026 - We were at stand 3K40 | Vitafoods Europe 2025 - 20 - 22 May 2025 - We were at stand 3G69,"Julio Rey Pastor, 1. Parque empresarial La Maja. Ctra. LR-134, Km 6,5, 26580, Arnedo (La Rioja), Spain",info@naturepharma.es,,https://www.riojanaturepharma.com/en,Spain,"Fungi & Yeasts, Microorganisms & Probiotics, Mushrooms | Proteins, Enzymes, Amino Acids",Finished Food Categories | Pet Food | Plant-based foods | Specialised Finished Products | Dietary supplements,Dosage Formats | Capsules | Gummies,,Contract manufacturing | Encapsulating | Quality assurance,,https://www.ingredientsnetwork.com/rioja-nature-pharma-comp307576.html
302647,Arctic Bioscience AS,"Arctic Bioscience AS is a Norwegian nutraceutical and pharmaceutical development company. Our unique and premium product portfolio of phospholipid omega-3 products and marine proteins for B2B customers is based on extracts from the caviar of wild-caught North Atlantic herring. Clinically tested, patented and available in bulk oil and capsules. We focus on biological mechanics, bioavailability and effect. Our portfolio of products are to be positioned within the segments of brain health, sports performance, anti-inflammatory, healthy ageing, prenatal supplements and omega-3s.",Asia; Central/South America; Eastern Europe; Middle East; North America; Western Europe,Manufacturer: Ingredients / Additives,"Fats & Oils | Proteins, Enzymes, Amino Acids: Amino acids | Vitamins, Minerals | Specialised Finished Products: Dietary supplements, Protein products | Dosage Formats: Capsules, Liquids, Tablets | Physical Formats: Milled | Cardiovascular Health | Cognitive & Mental Health | Healthy Ageing | Immune Support | Sports Nutrition",Vitafoods Europe 2027 - 18-20 May 2027 - Visit us at stand 3D235B | Vitafoods Asia 2026 - 02 - 04 Sept 2026 - We were at stand H7-N25J | Vitafoods Europe 2026 - 05 - 07 May 2026 - We were at stand 4F52B | Vitafoods Europe 2025 - 20 - 22 May 2025 - We were at stand 4D38C,"Industrivegen 42, NO-6155, Ostra, Norway",kim@arctic-biosciene.com,+47 97076411,https://www.arctic-bioscience.com,Norway,"Fats & Oils | Proteins, Enzymes, Amino Acids | Vitamins, Minerals",Specialised Finished Products | Dietary supplements | Protein products,Dosage Formats | Capsules | Liquids | Tablets | Physical Formats | Milled,Cardiovascular Health | Cognitive & Mental Health | Healthy Ageing | Immune Support | Sports Nutrition,,Gluten-free | Natural | Non-GMO | Sustainable | Traceable,https://www.ingredientsnetwork.com/arctic-bioscience-as-comp302647.html
248819,Atlantic Chemicals Trading GmbH,"ACT is a leading global distributor of raw materials for health and nutrition, headquartered in Germany. With worldwide offices, ACT is your dynamic and solution-oriented partner. Our efforts in our strongest fields -vitamins, sweeteners, energy ingredients, amino acids, flavours and plant extracts - are driven by our conviction and passion.",Asia; Eastern Europe; North America; Western Europe,Distributor,"Additives incl. Flavourings & Colours: Acidulants, Antioxidants, Emulsifiers, Stabilisers, Thickeners, Flavourings, Preservatives, Sweeteners | Algae, Botanicals, Carotenoids, Flavonoids | Bioactive Compounds - Other | Carbohydrates, Sugars | Dietary Fibres, Prebiotics | Fats & Oils | Fruit, Seeds, Nuts & Peanuts, Vegetables | Herbs, Spices | Ingredient Mixtures, Synbiotics | Proteins, Enzymes, Amino Acids: Amino acids | Vitamins, Minerals | Finished Food Categories: Plant-based foods | Specialised Finished Products: Dietary supplements, Energy drinks, Protein products | Dosage Formats: Oil, Powders | Physical Formats: Ground, Liquid | Bone & Joint Health | Cardiovascular Health | Cognitive & Mental Health | Digestive Health | Eye Health | Healthy Ageing | Immune Support | Men's Health | Metabolic Health | Skin Health | Sports Nutrition | Weight Management",Fi Europe 2026 - 17-19 November 2026 - Visit us at stand 31D56 | Vitafoods Europe 2027 - 18-20 May 2027 - Visit us at stand 3C277 | Vitafoods Europe 2026 - 05 - 07 May 2026 - We were at stand UWA94,"Hermannstrasse 46, 20095, Hamburg., Germany",germany@act.de,+49 403344190,https://www.act.de,Germany,"Additives incl. Flavourings & Colours | Algae, Botanicals, Carotenoids, Flavonoids | Bioactive Compounds - Other | Carbohydrates, Sugars | Dietary Fibres, Prebiotics | Fats & Oils | Fruit, Seeds, Nuts & Peanuts, Vegetables | Herbs, Spices | Ingredient Mixtures, Synbiotics | Proteins, Enzymes, Amino Acids | Vitamins, Minerals",Finished Food Categories | Plant-based foods | Specialised Finished Products | Dietary supplements | Energy drinks | Protein products,Dosage Formats | Oil | Powders | Physical Formats | Ground | Liquid,Bone & Joint Health | Cardiovascular Health | Cognitive & Mental Health | Digestive Health | Eye Health | Healthy Ageing | Immune Support | Men's Health | Metabolic Health | Skin Health | Sports Nutrition | Weight Management,,Halal | Health & Safety | Kosher | Natural | Organic | Sustainable | Sustainable Seafood,https://www.ingredientsnetwork.com/atlantic-chemicals-trading-gmbh-comp248819.html
273382,Vita Actives Limited,"Your satisfaction sits at the peak of our priorities at Vita Actives. We are committed to offering industry-leading, research-backed nutraceutical ingredients that support you to craft exceptional products, giving you an edge in your market. Our expansive catalogue caters to diverse sectors including functional foods and beverages, health and wellness, pharmaceuticals, sports nutrition, and cosmetics. As your strategic partner, we champion the sourcing, supply, and distribution of more than 3000 rigorously tested and premium quality ingredients, ranging from amino acids, vitamins and minerals to herbal extracts, enzymes, probiotics, proteins, carbohydrates, and nutraceutical specialities. With a network of over 500 global partners, 50+ proprietary ingredient brands, and one of Europe's largest inventories, we are proud to also offer renowned ingredient brands like Advifolate, BioK2, CurQreal, Zymate, KSM-66 Ashwagandha, BCM-95, and Oxystorm. Our Services At Vita Actives, our experienced team and state-of-the-art innovation centre stand ready to serve you. We provide an array of services, from the conception of novel product formulations and enhancement of existing products to guidance in navigating industry challenges, including regulatory assistance, clinical trials and contract research and manufacturing. Quality Vita Actives is recognised with numerous quality certifications, such as BRCGS (GFSI), ISO9001:2015, HACCP, HALAL, and KOSHER. Leveraging the SAP system and investing in the most dependable technologies, we guarantee 100% traceability for every product. Our dedication extends to upholding the highest quality standards, ensuring product traceability, and meeting both statutory and regulatory benchmarks.",Asia; Central/South America; Eastern Europe; Middle East; North America; Western Europe,Raw Material Supplier,"Additives incl. Flavourings & Colours: Emulsifiers, Stabilisers, Thickeners | Algae, Botanicals, Carotenoids, Flavonoids: Botanicals, Carotenoids | Bioactive Compounds - Other | Dietary Fibres, Prebiotics | Fats & Oils | Fruit, Seeds, Nuts & Peanuts, Vegetables | Fungi & Yeasts, Microorganisms & Probiotics, Mushrooms: Microorganisms & Probiotics | Ingredient Mixtures, Synbiotics: Synbiotics | Proteins, Enzymes, Amino Acids: Amino acids, Enzymes | Vitamins, Minerals | Finished Food Categories: Plant-based foods | Specialised Finished Products: Dietary supplements, Functional beverages, Functional food, Protein products | Contract manufacturing | Dosage Formats: Beverages, Oil, Powders | Physical Formats: Extracted | Bone & Joint Health | Cancer Risk Reduction | Cardiovascular Health | Cognitive & Mental Health | Digestive Health | Eye Health | Healthy Ageing | Immune Support | Metabolic Health | Skin Health | Sleep Health | Sports Nutrition | Weight Management | Women's Health",Fi Europe 2026 - 17-19 November 2026 - Visit us at stand 30G72 | Vitafoods Europe 2027 - 18-20 May 2027 - Visit us at stand 2D151 | Vitafoods Europe 2026 - 05 - 07 May 2026 - We were at stand 3C24 | Vitafoods Europe 2025 - 20 - 22 May 2025 - We were at stand 3J6,"Unit I, Baldonnel Business Park, D22YH57, Dublin, Ireland",sales@vitaactives.com,0035314690882,https://vitaactives.com/,Ireland,"Additives incl. Flavourings & Colours | Algae, Botanicals, Carotenoids, Flavonoids | Bioactive Compounds - Other | Dietary Fibres, Prebiotics | Fats & Oils | Fruit, Seeds, Nuts & Peanuts, Vegetables | Fungi & Yeasts, Microorganisms & Probiotics, Mushrooms | Ingredient Mixtures, Synbiotics | Proteins, Enzymes, Amino Acids | Vitamins, Minerals",Finished Food Categories | Plant-based foods | Specialised Finished Products | Dietary supplements | Functional beverages | Functional food | Protein products,Dosage Formats | Beverages | Oil | Powders | Physical Formats | Extracted,Bone & Joint Health | Cancer Risk Reduction | Cardiovascular Health | Cognitive & Mental Health | Digestive Health | Eye Health | Healthy Ageing | Immune Support | Metabolic Health | Skin Health | Sleep Health | Sports Nutrition | Weight Management | Women's Health,Contract manufacturing,Allergen-free | Fair Trade | Gluten-free | Halal | Health & Safety | Natural | Non-GMO | Organic | Quality Assurance | Sustainable Seafood | Traceable | Vegan | Vegetarian,https://www.ingredientsnetwork.com/vita-actives-limited-comp273382.html
248949,GELITA AG,"Within the range of collagen proteins, GELITA supplies collagen peptides with proven body-stimulating capabilities and tailor-made gelatins. In today’s landscape of highest consumer demands, manufacturers of food products and dietary supplements rely on natural, healthy, non-allergenic ingredients for their developments. Collagen proteins from GELITA fulfill all of these requirements and are foodstuffs in their own right (no E-number). They also possess a set of unique technical and physiological properties. Collagen peptides enable manufacturers to add specific health aspects. GELITA has intensified its research in developing solutions for this important market segments: Physical mobility with FORTIGEL®, bone stability with FORTIBONE®, beauty from within solutions for nutricosmetics with VERISOL®, optimized body composition with BODYBALANCE®, TENDOFORTE® for strengthening ligaments and tendons and finally PeptENDURE® for mor endurance in sports. GELITA also provides a whole portfolio of capsule gelatines to define the fill release profile of the soft capsule from extremely fast (DELASOL®) and reduced cross-linking (RXL®) to very low or even enteric release (DELASOL®) and EASYSEAL® to improve capsule seals.",Africa; Asia; Australia; Central/South America; Eastern Europe; Middle East; North America; Western Europe,Manufacturer: Ingredients / Additives,"Additives incl. Flavourings & Colours: Emulsifiers, Stabilisers, Thickeners | Bioactive Compounds - Other | Ingredient Mixtures, Synbiotics | Proteins, Enzymes, Amino Acids | Finished Food Categories: Pet Food | Specialised Finished Products: Dietary supplements, Functional beverages, Functional food | Dosage Formats: Powders | Physical Formats: Flaked, Powdered | Bone & Joint Health | Eye Health | Healthy Ageing | Metabolic Health | Pet Health | Skin Health | Sports Nutrition | Weight Management",Fi Europe 2026 - 17-19 November 2026 - Visit us at stand 31H38 | Vitafoods Europe 2027 - 18-20 May 2027 - Visit us at stand 3C167 | Vitafoods Asia 2026 - 02 - 04 Sept 2026 - We were at stand H7-R09 | Vitafoods Europe 2026 - 05 - 07 May 2026 - We were at stand 3B88 | Vitafoods Europe 2025 - 20 - 22 May 2025 - We were at stand 3J104,"Uferstrasse 7, 69412, Eberbach, Germany",marketing@gelita.com,+49 6271 8401,https://www.gelita.com,Germany,"Additives incl. Flavourings & Colours | Bioactive Compounds - Other | Ingredient Mixtures, Synbiotics | Proteins, Enzymes, Amino Acids",Finished Food Categories | Pet Food | Specialised Finished Products | Dietary supplements | Functional beverages | Functional food,Dosage Formats | Powders | Physical Formats | Flaked | Powdered,Bone & Joint Health | Eye Health | Healthy Ageing | Metabolic Health | Pet Health | Skin Health | Sports Nutrition | Weight Management,,Gluten-free | Halal | Kosher | Natural | Non-GMO,https://www.ingredientsnetwork.com/gelita-ag-comp248949.html
307624,Venusroses Labsolutions Ltd,"VenusRoses Labsolutions Ltd. (founded in 2009) We are a BIOTECHNICAL Contract Research, Development, and Production COMPANY of innovative nutraceuticals, herbal medicines, and food supplements. INNOVATION: Novel encapsulation technology ""micropellets in oil"" and ""tablet in capsule"" QUALITY CERTIFICATES: GMP-certified production facility, USA FDA Food Facility Approval INGREDIENTS: Highly bioavailable active proprietary blends | Clinically studied branded ingredients | Our key ingredient is Bulgarian Rose oil PRODUCT PROVEN EFFICACY: Formula effectiveness study EU PROJECTS & COLLABORATIONS: Established collaboration with the academic sector - R&I EU-funded projects >> Improve Your Brand Recognition with VenusRoses Labsolutions' product lines, Women's Health ( I am this Woman), Men's Health ( I am this Man ), Mental & Physical Health... Find us in the New Products Zone and at stand 4C107.",Asia; Eastern Europe; North America; Western Europe,Contract Manufacturer,"Herbs, Spices | Finished Food Categories: Plant-based foods | Specialised Finished Products: Dietary supplements, Functional beverages, Functional confectionery, Functional food, Nutricosmetics, Protein products | Contract manufacturing | Encapsulating | Quality assurance | Dosage Formats: Capsules | Bone & Joint Health | Cardiovascular Health | Cognitive & Mental Health | Healthy Ageing | Men's Health | Metabolic Health | Skin Health | Sleep Health | Sports Nutrition | Women's Health",Vitafoods Europe 2027 - 18-20 May 2027 - Visit us at stand 3C21 | Vitafoods Europe 2026 - 05 - 07 May 2026 - We were at stand 4C107 | Vitafoods Europe 2025 - 20 - 22 May 2025 - We were at stand 3B218,"Krasno Selo 48 Gotze Deltchev Bulentr 1 Office 5, 1680, Sofia, Bulgaria",office@venusroses-labsolutions.eu,,https://www.venusroses-labsolutions.eu,Bulgaria,"Herbs, Spices",Finished Food Categories | Plant-based foods | Specialised Finished Products | Dietary supplements | Functional beverages | Functional confectionery | Functional food | Nutricosmetics | Protein products,Dosage Formats | Capsules,Bone & Joint Health | Cardiovascular Health | Cognitive & Mental Health | Healthy Ageing | Men's Health | Metabolic Health | Skin Health | Sleep Health | Sports Nutrition | Women's Health,Contract manufacturing | Encapsulating | Quality assurance,Fair Trade | Gluten-free | Halal | Health & Safety | Kosher | Natural | Quality Assurance | Sustainable | Sustainable Seafood | Traceable | Vegan | Vegetarian,https://www.ingredientsnetwork.com/venusroses-labsolutions-ltd-comp307624.html
319172,Il Granaio delle Idee,"Il Granaio delle Idee is a company specialized in blending that works globally offering a wide range of natural blends and improvers, as well as customized consulting services. With a strong know how in the enzymatic technology and in the use of live lactic ferments, the company offers only clean label solutions. Bakery, confectionery and pizza making, both artisan and industrial, are our reference sectors.",,Manufacturer: Ingredients / Additives,"Additives incl. Flavourings & Colours | Cereals & Grains, Pulses | Fruit, Seeds, Nuts & Peanuts, Vegetables | Fungi & Yeasts, Microorganisms & Probiotics, Mushrooms: Microorganisms & Probiotics | Herbs, Spices | Ingredient Mixtures, Synbiotics: Synbiotics | Proteins, Enzymes, Amino Acids | Finished Food Categories: Cereal and grain products | Specialised Finished Products: Functional food | Contract manufacturing | Dosage Formats: Powders | Digestive Health",Fi Europe 2026 - 17-19 November 2026 - Visit us at stand 31L100,"Via Trento 7, 35020, Padova, Italy",info@igdi.it,+39 – 049 – 8862824,https://www.ilgranaiodelleidee.com,Italy,"Additives incl. Flavourings & Colours | Cereals & Grains, Pulses | Fruit, Seeds, Nuts & Peanuts, Vegetables | Fungi & Yeasts, Microorganisms & Probiotics, Mushrooms | Herbs, Spices | Ingredient Mixtures, Synbiotics | Proteins, Enzymes, Amino Acids",Finished Food Categories | Cereal and grain products | Specialised Finished Products | Functional food,Dosage Formats | Powders,Digestive Health,Contract manufacturing,Halal | Kosher | Natural,https://www.ingredientsnetwork.com/il-granaio-delle-idee-comp319172.html
309038,ECA HealthCare Inc.,"ECA Healthcare Inc. produces and supplies premium quality, efficacious, innovative ingredients for nutritional and wellness industries. For nearly two decades, we have set the standard for product excellence in the field of ingredient science with our cutting-edge technology, global expertise, and state-of-the-art facilities. Our NSF-certified GMP & cGMP bases can produce high-quality ingredients for enzymatic synthesis and extraction. We are capable of meeting the high demand for dietary supplements (tablets, hard & soft capsules, gummies, and premixes) Nutritional industry leaders widely use our distinctive ingredients and formulations for sports nutrition, immune support, food and beverage,cosmetics, dietary supplements, age-related cognitive decline, medical nutrition, active and performance nutrition, and nutrition improvement. DHAPS®, SunPS®, BioPs®, β-NMN, PurePQQ®, MoleQ10®, ReaLipo™ C Liposomal Vitamin C and Vegan Vitamin D3 are some of our signature ingredients. Our sister company ZymeBase Inc. produces premium plant-based ingredients. ZymeBase is renowned for AquOat® Instant Oat Powder, SusCarb™ Dextrin-HBCD, and Fibalance™ (PHGG). They offer nutritious Plant-Based ingredients for PBDA (Plant-Based Dairy Alternatives) and PBF (Plant-based Foods).",Africa; Asia; Australia; Central/South America; Eastern Europe; Middle East; North America; Western Europe,Raw Material Supplier,"Additives incl. Flavourings & Colours | Bioactive Compounds - Other: Bioactives Other | Carbohydrates, Sugars: Oligo- and polysaccharides | Cereals & Grains, Pulses | Dietary Fibres, Prebiotics | Eggs & Egg Products | Fats & Oils: Fats & Oils - Algae | Ingredient Mixtures, Synbiotics | Proteins, Enzymes, Amino Acids | Vitamins, Minerals | Finished Food Categories: Dairy, Pet Food, Plant-based foods | Specialised Finished Products: Dietary supplements, Functional food | Consulting | Contract manufacturing | Encapsulating | Quality assurance | Dosage Formats: Capsules, Gummies, Oil, Powders | Cognitive & Mental Health | Digestive Health | Healthy Ageing | Immune Support | Metabolic Health | Sports Nutrition",Vitafoods Europe 2027 - 18-20 May 2027 - Visit us at stand 2G201 | Vitafoods Asia 2026 - 02 - 04 Sept 2026 - We were at stand H7-Q01 | Vitafoods Europe 2026 - 05 - 07 May 2026 - We were at stand 5D62 | Vitafoods Europe 2025 - 20 - 22 May 2025 - We were at stand 3K152,"3F, Bldg D12, 128 Shenfu Road, 201108, Shanghai, China",sales@eca-healthcare.com,,https://www.eca-healthcare.com,China,"Additives incl. Flavourings & Colours | Bioactive Compounds - Other | Carbohydrates, Sugars | Cereals & Grains, Pulses | Dietary Fibres, Prebiotics | Eggs & Egg Products | Fats & Oils | Ingredient Mixtures, Synbiotics | Proteins, Enzymes, Amino Acids | Vitamins, Minerals",Finished Food Categories | Dairy | Pet Food | Plant-based foods | Specialised Finished Products | Dietary supplements | Functional food,Dosage Formats | Capsules | Gummies | Oil | Powders,Cognitive & Mental Health | Digestive Health | Healthy Ageing | Immune Support | Metabolic Health | Sports Nutrition,Consulting | Contract manufacturing | Encapsulating | Quality assurance,Allergen-free | Halal | Kosher | Natural | Non-GMO | Organic | Sustainable | Traceable | Vegan,https://www.ingredientsnetwork.com/eca-healthcare-inc-comp309038.html
317902,FrieslandCampina Nederland BV,"FrieslandCampina Ingredients is a leader in proteins and prebiotics, providing innovative, nutritious ingredients to address health and well-being challenges worldwide. Its drive is to get the right ingredients to customers - so they can create highly nutritious and specialised applications that help their consumers get the most out of life, always. FrieslandCampina Ingredients operates globally across the Early Life Nutrition, Active, Performance, Medical and Cell Nutrition market segments. The company has regional sales offices in the Netherlands, the United States, Singapore, China and Brazil. It reported combined sales of €1.486 billion in 2025. For additional information, please visit: www.frieslandcampinaingredients.com .",Asia; Australia; Central/South America; Eastern Europe; Middle East; North America; Western Europe,Manufacturer: Ingredients / Additives,"Bioactive Compounds - Other: Bioactives Other | Dietary Fibres, Prebiotics | Proteins, Enzymes, Amino Acids | Specialised Finished Products: Biotic products, Functional beverages, Protein products | Dosage Formats: Beverages, Food bars, Other Dosage Formats, Powders, Shots, Sticks | Digestive Health | Healthy Ageing | Sports Nutrition | Weight Management",Fi Europe 2026 - 17-19 November 2026 - Visit us at stand 31G38 | Vitafoods Europe 2026 - 05 - 07 May 2026 - We were at stand 3L162 | Vitafoods Europe 2025 - 20 - 22 May 2025 - We were at stand 3J109,"Stationsplein 4, 3818LE, Amersfoort, Netherlands",info@frieslandcampinaingredients.com,+31 33 71 33 333,https://www.frieslandcampinaingredients.com,Netherlands,"Bioactive Compounds - Other | Dietary Fibres, Prebiotics | Proteins, Enzymes, Amino Acids",Specialised Finished Products | Biotic products | Functional beverages | Protein products,Dosage Formats | Beverages | Food bars | Other Dosage Formats | Powders | Shots | Sticks,Digestive Health | Healthy Ageing | Sports Nutrition | Weight Management,,,https://www.ingredientsnetwork.com/frieslandcampina-nederland-bv-comp317902.html
263881,LEHVOSS Nutrition,"LEHVOSS Nutrition is a business activity of the LEHVOSS Group, dedicated to the marketing and distribution of nutraceutical ingredients and minerals for Food Supplements, Functional Foods and Animal Nutrition. We specialise in scientifically proven, trademarked ingredients manufactured by top worldwide companies. Our brands portfolio covers Healthy Aging, Beauty from Within, Sport Nutrition, Joint Health, Immune, Cognitive, Gut Health Support and more. We also provide a selection of carefully chosen ingredients from our Essentials range, along with natural, plant-based solutions from our PlantNutra® line and a variety of high quality minerals from our PHARMAGNESIA® range.",Eastern Europe; Western Europe,Distributor,"Additives incl. Flavourings & Colours: Antioxidants | Algae, Botanicals, Carotenoids, Flavonoids: Algae, Botanicals, Flavonoids | Bioactive Compounds - Other: Bioactives Other | Carbohydrates, Sugars | Dietary Fibres, Prebiotics: Prebiotics | Fats & Oils | Fruit, Seeds, Nuts & Peanuts, Vegetables | Fungi & Yeasts, Microorganisms & Probiotics, Mushrooms | Ingredient Mixtures, Synbiotics: Functional (formulated) Ingredient Mixtures, Synbiotics | Proteins, Enzymes, Amino Acids: Amino acids, Enzymes | Vitamins, Minerals | Specialised Finished Products: Dietary supplements, Functional food, Pet Dietary Supplements | Analysis/ Testing | Certification | Quality assurance | Dosage Formats: Oil, Powders | Physical Formats: Extracted | Bone & Joint Health | Cardiovascular Health | Cognitive & Mental Health | Digestive Health | Eye Health | Healthy Ageing | Immune Support | Men's Health | Metabolic Health | Pet Health | Skin Health | Sleep Health | Sports Nutrition | Women's Health",Vitafoods Europe 2027 - 18-20 May 2027 - Visit us at stand 2G207 | Vitafoods Europe 2026 - 05 - 07 May 2026 - We were at stand 3C72 | Vitafoods Europe 2025 - 20 - 22 May 2025 - We were at stand 3J70,"40 Holmes Chapel Road, CW12 4NG, Congleton, United Kingdom",marketing@lehvoss.co.uk,+44(0)1260291000,https://www.lehvoss-nutrition.com/,United Kingdom,"Additives incl. Flavourings & Colours | Algae, Botanicals, Carotenoids, Flavonoids | Bioactive Compounds - Other | Carbohydrates, Sugars | Dietary Fibres, Prebiotics | Fats & Oils | Fruit, Seeds, Nuts & Peanuts, Vegetables | Fungi & Yeasts, Microorganisms & Probiotics, Mushrooms | Ingredient Mixtures, Synbiotics | Proteins, Enzymes, Amino Acids | Vitamins, Minerals",Specialised Finished Products | Dietary supplements | Functional food | Pet Dietary Supplements,Dosage Formats | Oil | Powders | Physical Formats | Extracted,Bone & Joint Health | Cardiovascular Health | Cognitive & Mental Health | Digestive Health | Eye Health | Healthy Ageing | Immune Support | Men's Health | Metabolic Health | Pet Health | Skin Health | Sleep Health | Sports Nutrition | Women's Health,Analysis/ Testing | Certification | Quality assurance,Health & Safety | Natural | Organic | Quality Assurance | Sustainable | Sustainable Seafood | Traceable | Upcycled,https://www.ingredientsnetwork.com/lehvoss-nutrition-comp263881.html
272812,Savencia Ingredients & Nutritional Solutions,"Armor Protéines is part of the Savencia Fromage & Dairy division , one of the world’s leading milk processors, the second largest cheese group in France and the fifth largest in the world. Armor Protéines is the French brand for speciality dairy ingredients . Over the years, the brand has expanded by offering tailored solutions for functional and nutritional ingredients, derived from milk and whey. We offer a wide range of dairy ingredients such as milk proteins (casein(ates)), bioactive proteins like our infant grade lactoferrin, hydrolysates and milk minerals (calcium). Our mission is to create and provide high-quality and technical nutritional and functional solutions, with a positive impact on our environment to feed people better every day. Our ambition is to come up with innovative solutions and high-quality products to respond to the strategic demands of our clients in the human nutrition and agri-food industries.",,Manufacturer: Ingredients / Additives,"Bioactive Compounds - Other: Bioactives Other | Dairy Ingredients: Cow Dairy Ingredients, Other Dairy Ingredients | Ingredient Mixtures, Synbiotics | Proteins, Enzymes, Amino Acids: Amino acids | Vitamins, Minerals: Minerals | Finished Food Categories: Dairy, Infant & Baby food | Specialised Finished Products: Dietary supplements, Functional food | Bone & Joint Health | Cardiovascular Health | Cognitive & Mental Health | Digestive Health | Healthy Ageing | Immune Support | Sleep Health | Sports Nutrition",Fi Europe 2026 - 17-19 November 2026 - Visit us at stand 30J8 | Vitafoods Europe 2026 - 05 - 07 May 2026 - We were at stand 3J154G | Vitafoods Europe 2025 - 20 - 22 May 2025 - We were at stand 3J136D,"19 bis rue de la libération Saint Brice en Coglès, 35460, Maen Roch, France",,+ 33 2 99 18 39 29,https://www.armor-pharma.com,France,"Bioactive Compounds - Other | Dairy Ingredients | Ingredient Mixtures, Synbiotics | Proteins, Enzymes, Amino Acids | Vitamins, Minerals",Finished Food Categories | Dairy | Infant & Baby food | Specialised Finished Products | Dietary supplements | Functional food,,Bone & Joint Health | Cardiovascular Health | Cognitive & Mental Health | Digestive Health | Healthy Ageing | Immune Support | Sleep Health | Sports Nutrition,,,https://www.ingredientsnetwork.com/savencia-ingredients-nutritional-solutions-comp272812.html
251476,BK,"ICL Food Specialties is a global leader in providing high-quality functional ingredient systems that deliver exceptional texture and stability to food and beverage products. Their diverse ingredients phosphate portfolio delivers buffering, pH adjustment, water binding and shelf-life enhancement across multiple markets, including meat, poultry, seafood, dairy, beverage, bakery, and alternative proteins. To further expand their reach, ICL Food Specialties is focused on the rapidly growing market for alternative proteins and cleaner-label solutions. Their innovative technology enables the production of plant-based meat and dairy substitutes that are welcome alternatives to conventional animal products. Ideal for flexitarians, vegans and health-conscious consumers who wish to reduce meat consumption without compromising taste or texture. ICL’s award-winning ROVITARIS® lines use plant-based proteins to create products that are virtually indistinguishable from traditional meat. These highly versatile solutions provide a wide variety of texture, color and taste applications that can be vegetarian, vegan or allergy free. Whether providing key ingredient solutions, training, formulation assistance or troubleshooting processing issues, ICL’s technical experts are committed to developing on-trend solutions that bring the best products of today and tomorrow to the market.",Africa; Asia; Australia; Central/South America; Eastern Europe; Middle East; North America; Western Europe,Manufacturer: Ingredients / Additives,"Additives incl. Flavourings & Colours: Antioxidants, Emulsifiers, Stabilisers, Thickeners | Dietary Fibres, Prebiotics: Dietary Fibres | Ingredient Mixtures, Synbiotics: Functional (formulated) Ingredient Mixtures | Proteins, Enzymes, Amino Acids: Proteins - Plant | Vitamins, Minerals | Finished Food Categories: Dairy, Meat, Poultry & Fish, Plant-based foods | Specialised Finished Products: Functional beverages | Metabolic Health",Fi Europe 2026 - 17-19 November 2026 - Visit us at stand 31B6,"Dr. Albert Reimann Str. 2, 68526, Ladenburg, Germany",,+49 6203 77 7632,https://www.iclfood.com,Germany,"Additives incl. Flavourings & Colours | Dietary Fibres, Prebiotics | Ingredient Mixtures, Synbiotics | Proteins, Enzymes, Amino Acids | Vitamins, Minerals","Finished Food Categories | Dairy | Meat, Poultry & Fish | Plant-based foods | Specialised Finished Products | Functional beverages",,Metabolic Health,,Natural | Vegan | Vegetarian,https://www.ingredientsnetwork.com/bk-comp251476.html
296023,Guangdong Qingyunshan Pharmaceutical Co.,"Guangdong Qingyunshan Pharmaceutical is a GMP certificate enterprise, founded in 1989, located in Guangdong, China. We have production lines for plant extraction, granules, capsules and tablets with NSF/ISO9001/ISO22000/HACCP/KOSHER/HALAL certification. Qingyunshan is a government certified High-tech Enterprise integrating R&D, production and sales of plant extract, functional foods health food and medicine. We have nearly 200 employees, including 50 R&D personnel, and 30 quality management personnel. For a long time, Qingyunshan Pharmaceutical has given full play to the advantages of experience in the field of plant extraction and separation based on the concept of ""technological innovation is the core driving force of enterprise development"". Qingyunshan is committed to providing high-quality products and excellent customer service.",Africa; Asia; Australia; Central/South America; Eastern Europe; Middle East; North America; Western Europe,Manufacturer: Ingredients / Additives,"Additives incl. Flavourings & Colours: Emulsifiers, Stabilisers, Thickeners, Flavourings | Algae, Botanicals, Carotenoids, Flavonoids: Botanicals, Carotenoids, Flavonoids | Bioactive Compounds - Other: Bioactives Other | Carbohydrates, Sugars | Dietary Fibres, Prebiotics | Eggs & Egg Products | Fruit, Seeds, Nuts & Peanuts, Vegetables | Fungi & Yeasts, Microorganisms & Probiotics, Mushrooms: Microorganisms & Probiotics | Herbs, Spices | Ingredient Mixtures, Synbiotics: Functional (formulated) Ingredient Mixtures | Proteins, Enzymes, Amino Acids: Amino acids | Syrups & Others | Vitamins, Minerals | Finished Food Categories: Beverages / Juices, Confectionery, Dairy, Pet Food, Plant-based foods | Specialised Finished Products: Biotic products, Dietary supplements, Energy drinks, Functional beverages, Functional confectionery, Functional food, Functional powders, Nutricosmetics, Protein products, Sugar replacers / Sweeteners | Blending & mixing | Bottling | Co-packing | Consulting | Contract manufacturing | Encapsulating | Extracting | Freeze drying | Granulating/ grinding/ milling / mixing | Packaging | Saccharification | Spray drying | Dosage Formats: Beverages, Capsules, Chewables, Effervescents, Granules, Gummies, Liquids, Powders, Sachets, Sticks, Syrups, Tablets | Physical Formats: Dried - freeze dried, Extracted, Liquid | Bone & Joint Health | Cancer Risk Reduction | Cardiovascular Health | Cognitive & Mental Health | Digestive Health | Eye Health | Healthy Ageing | Immune Support | Men's Health | Metabolic Health | Skin Health | Sleep Health | Sports Nutrition | Weight Management | Women's Health",Vitafoods Europe 2027 - 18-20 May 2027 - Visit us at stand 2F223 | Vitafoods Europe 2026 - 05 - 07 May 2026 - We were at stand UWB18 | Vitafoods Europe 2025 - 20 - 22 May 2025 - We were at stand 3F171,"No.369, Huanchengbei Road, 512600, Shaoguan, China",emma.hsin@taiyi-nb.com,86-574-87432607,https://web.qys.cn,China,"Additives incl. Flavourings & Colours | Algae, Botanicals, Carotenoids, Flavonoids | Bioactive Compounds - Other | Carbohydrates, Sugars | Dietary Fibres, Prebiotics | Eggs & Egg Products | Fruit, Seeds, Nuts & Peanuts, Vegetables | Fungi & Yeasts, Microorganisms & Probiotics, Mushrooms | Herbs, Spices | Ingredient Mixtures, Synbiotics | Proteins, Enzymes, Amino Acids | Syrups & Others | Vitamins, Minerals",Finished Food Categories | Beverages / Juices | Confectionery | Dairy | Pet Food | Plant-based foods | Specialised Finished Products | Biotic products | Dietary supplements | Energy drinks | Functional beverages | Functional confectionery | Functional food | Functional powders | Nutricosmetics | Protein products | Sugar replacers / Sweeteners,Dosage Formats | Beverages | Capsules | Chewables | Effervescents | Granules | Gummies | Liquids | Powders | Sachets | Sticks | Syrups | Tablets | Physical Formats | Dried - freeze dried | Extracted | Liquid,Bone & Joint Health | Cancer Risk Reduction | Cardiovascular Health | Cognitive & Mental Health | Digestive Health | Eye Health | Healthy Ageing | Immune Support | Men's Health | Metabolic Health | Skin Health | Sleep Health | Sports Nutrition | Weight Management | Women's Health,Blending & mixing | Bottling | Co-packing | Consulting | Contract manufacturing | Encapsulating | Extracting | Freeze drying | Granulating/ grinding/ milling / mixing | Packaging | Saccharification | Spray drying,Halal | Health & Safety | Kosher | Natural | Organic | Other Certifications | Quality Assurance | Traceable | Vegan,https://www.ingredientsnetwork.com/guangdong-qingyunshan-pharmaceutical-co-comp296023.html
284802,Herbstreith & Fox KG Pektin-Fabriken,"H&F Group - Inspired by nature. Our plant-based ingredients provide outstanding functionality and precise quality, second to none. We achieve the holistic utilization of our raw materials in our value chain. We are pioneers for side-stream valorization since 1934. Herbstreith & Fox - The Specialists for Pectin. Herbstreith & Fox has been manufacturing high-quality pectins for the food and non-food industry since 1934. H&F primarily produces highly specialized pectins from apples and citrus fruits for a wide range of applications. As a universal gelling agent , thickener and stabilizer , pectin is an indispensable part of many different products today. Herbafood Ingredients - Specialist in Fruit Fibers & Apple Extracts. As a pioneer in the field of multifunctional products, we offer a comprehensive range of functional dietary fibers with a focus on fruit-derived fibers such as citrus fibers or apple fibers. Our HERBACEL® multifunctional fibers fit perfectly into ""clean & simple"" concepts such as the creation of vegan emulsions based on our fibers only, as well as stabilization, texturization, viscosity increase, etc. in various food & beverage applications. Our coloring and flavoring apple extracts are gently dried after extracting the juice. Depending on the type and dosage, the color spectrum of HERBAROM® ranges from a golden yellow, to a medium brown, to a deep, dark-brown shade.",Africa; Asia; Australia; Central/South America; Eastern Europe; Middle East; North America; Western Europe,Manufacturer: Ingredients / Additives,"Additives incl. Flavourings & Colours: Emulsifiers, Stabilisers, Thickeners, Flavourings | Algae, Botanicals, Carotenoids, Flavonoids | Dietary Fibres, Prebiotics: Dietary Fibres | Fruit, Seeds, Nuts & Peanuts, Vegetables | Finished Food Categories: Plant-based foods | Specialised Finished Products: Functional food | Dosage Formats: Powders | Digestive Health",Fi Europe 2026 - 17-19 November 2026 - Visit us at stand 42M6,"Turnstr. 37, 75305, Neuenbürg/Württ, Germany",info@herbstreith-fox.de,+49 708279130,https://www.herbstreith-fox.de,Germany,"Additives incl. Flavourings & Colours | Algae, Botanicals, Carotenoids, Flavonoids | Dietary Fibres, Prebiotics | Fruit, Seeds, Nuts & Peanuts, Vegetables",Finished Food Categories | Plant-based foods | Specialised Finished Products | Functional food,Dosage Formats | Powders,Digestive Health,,Natural | Vegan | Vegetarian,https://www.ingredientsnetwork.com/herbstreith-fox-kg-pektin-fabriken-comp284802.html
248811,AlzChem Trostberg GmbH,"Creapure® is recognized as the premium brand of creatine worldwide. Careful selection of raw materials, manufacturing to GMP regulations, and precise analytical control ensure products of the highest purity. Creapure® is the brand of creatine monohydrate manufactured in Germany by Alzchem Trostberg GmbH. Our plant is located in Trostberg in Bavaria. We make Creapure® in a purpose-built plant that sets the highest standards in terms of quality, purity and safety. Creapure® is an economical form of supplementary creatine. Compared to other types of creatine it has received by far the greatest amount of scientific study and is proven to be both safe and effective. Not all creatine supplements have the same stringent manufacturing standards as Creapure®. With genuine Creapure® from Germany you can be absolutely sure that you are getting the best and the safest product.",Africa; Asia; Australia; Central/South America; Eastern Europe; Middle East; North America; Western Europe,Manufacturer: Ingredients / Additives,"Additives incl. Flavourings & Colours | Bioactive Compounds - Other | Proteins, Enzymes, Amino Acids | Specialised Finished Products: Dietary supplements, Functional food | Sports Nutrition",Vitafoods Europe 2027 - 18-20 May 2027 - Visit us at stand 2A174 | Vitafoods Europe 2026 - 05 - 07 May 2026 - We were at stand 3H236 | Vitafoods Europe 2025 - 20 - 22 May 2025 - We were at stand 4K6,"Dr.-Albert - Frank str. 32, 83308, Trostberg, Germany",info@alzchem.om,+49 8621 86 2656,https://www.alzchem.com,Germany,"Additives incl. Flavourings & Colours | Bioactive Compounds - Other | Proteins, Enzymes, Amino Acids",Specialised Finished Products | Dietary supplements | Functional food,,Sports Nutrition,,Gluten-free | Halal | Health & Safety | Kosher | Quality Assurance | Sustainable | Vegan | Vegetarian,https://www.ingredientsnetwork.com/alzchem-trostberg-gmbh-comp248811.html
249575,dsm-firmenich,"As innovators in nutrition, health, and beauty, dsm-firmenich reinvents, manufactures, and combines vital nutrients, flavors, and fragrances for the world’s growing population to thrive. With our comprehensive range of solutions, with natural and renewable ingredients and renowned science and technology capabilities, we work to create what is essential for life, desirable for consumers, and more sustainable for the planet.",,Manufacturer: Ingredients / Additives,"Additives incl. Flavourings & Colours | Algae, Botanicals, Carotenoids, Flavonoids: Carotenoids | Bioactive Compounds - Other | Dietary Fibres, Prebiotics | Fats & Oils | Fruit, Seeds, Nuts & Peanuts, Vegetables | Ingredient Mixtures, Synbiotics: Functional (formulated) Ingredient Mixtures | Proteins, Enzymes, Amino Acids | Vitamins, Minerals | Finished Food Categories: Cereal and grain products, Dairy, Infant & Baby food | Specialised Finished Products: Dietary supplements, Functional food, Protein products | Dosage Formats: Oil, Powders | Physical Formats: Concentrated, Powdered | Bone & Joint Health | Cardiovascular Health | Children's Health | Cognitive & Mental Health | Digestive Health | Eye Health | Healthy Ageing | Immune Support | Metabolic Health | Pet Health | Skin Health | Sports Nutrition | Weight Management | Women's Health",Vitafoods Europe 2027 - 18-20 May 2027 - Visit us at stand 2D175 | Vitafoods Europe 2026 - 05 - 07 May 2026 - We were at stand 3C88 | Vitafoods Europe 2025 - 20 - 22 May 2025 - We were at stand 3G58,"Wurmisweg 576, 4303, Kaiseraugst, Switzerland",pariya.soltani@dsm-firmenich.com,+41 61 815 7777,https://www.dsm.com/pharma/en/home.html,Switzerland,"Additives incl. Flavourings & Colours | Algae, Botanicals, Carotenoids, Flavonoids | Bioactive Compounds - Other | Dietary Fibres, Prebiotics | Fats & Oils | Fruit, Seeds, Nuts & Peanuts, Vegetables | Ingredient Mixtures, Synbiotics | Proteins, Enzymes, Amino Acids | Vitamins, Minerals",Finished Food Categories | Cereal and grain products | Dairy | Infant & Baby food | Specialised Finished Products | Dietary supplements | Functional food | Protein products,Dosage Formats | Oil | Powders | Physical Formats | Concentrated | Powdered,Bone & Joint Health | Cardiovascular Health | Children's Health | Cognitive & Mental Health | Digestive Health | Eye Health | Healthy Ageing | Immune Support | Metabolic Health | Pet Health | Skin Health | Sports Nutrition | Weight Management | Women's Health,,Sustainable | Vegetarian,https://www.ingredientsnetwork.com/dsm-firmenich-comp249575.html
307513,Marinova Pty Ltd,"Marinova is an Australian biotechnology company dedicated to the development and production of high purity seaweed extracts for the betterment of human health. Marinova specialises in the research, development and manufacture of fucoidan compounds – highly bioactive polysaccharides derived from select species of brown seaweed.­ As the global leader in fucoidan science, Marinova is the supplier of choice to world-renowned research institutions. The company's reputation is built on the unrivalled quality and efficacy of its bioactive fucoidan extracts and two decades of rigorous scientific investigation. Marinova is home to the range of unique Maritech® organic fucoidan extracts - high purity fucoidans developed specifically for nutritional, cosmetic and animal health applications. No one knows fucoidan like Marinova – the fucoidan experts.",Asia; Australia; Eastern Europe; North America; Western Europe,Raw Material Supplier,"Algae, Botanicals, Carotenoids, Flavonoids | Bioactive Compounds - Other: Bioactives Other | Carbohydrates, Sugars | Specialised Finished Products: Dietary supplements | Cardiovascular Health | Immune Support | Men's Health | Pet Health | Skin Health",Vitafoods Europe 2027 - 18-20 May 2027 - Visit us at stand 4A41 | Vitafoods Europe 2026 - 05 - 07 May 2026 - We were at stand 3J227 | Vitafoods Europe 2025 - 20 - 22 May 2025 - We were at stand CC.B48,"249 Kennedy Drive, 7170, Cambridge, Australia",info@marinova.com.au,,https://www.marinova.com.au,Australia,"Algae, Botanicals, Carotenoids, Flavonoids | Bioactive Compounds - Other | Carbohydrates, Sugars",Specialised Finished Products | Dietary supplements,,Cardiovascular Health | Immune Support | Men's Health | Pet Health | Skin Health,,Natural | Organic | Quality Assurance | Sustainable,https://www.ingredientsnetwork.com/marinova-pty-ltd-comp307513.html
248814,Aromsa,"Aromsa is the leading flavour company for the food and beverage industry. We offer unique and creative flavours, extracts , sauces, fruit preparations, toppings, caramelized sugar, caramel colorants, fruit powders, enzyme modified dairy ingredients, seasoning and spice mixes. We provide an innovative and sustainable business model from creating recipes to product design, from test production to sensory analysis; combining our passion with science and advanced technology. The brand-new flavours that we design and produce for the world’s most liked brands reach millions of consumers. Aromsa is always your creative flavour partner. Production plants and R&D Center in Germany and Turkey. BRC-AA Grade, ISO 9001, ISO 14001, FSSC 22000 (Aromsa GmbH), ISO 27001, ISO 10002, ISO 45001 certified",Africa; Asia; Australia; Eastern Europe; Middle East; Western Europe,Manufacturer: Ingredients / Additives,"Additives incl. Flavourings & Colours | Algae, Botanicals, Carotenoids, Flavonoids | Carbohydrates, Sugars | Dairy Ingredients: Other Dairy Ingredients | Fruit, Seeds, Nuts & Peanuts, Vegetables | Herbs, Spices | Ingredient Mixtures, Synbiotics | Finished Food Categories: Beverages / Juices, Cereal and grain products, Confectionery, Dairy, Meat, Poultry & Fish, Plant-based foods, Sauces & Seasonings | Specialised Finished Products: Dietary supplements, Functional beverages, Functional food | Encapsulating | Extracting | Dosage Formats: Liquids | Physical Formats: Extracted | Cardiovascular Health",Fi Europe 2026 - 17-19 November 2026 - Visit us at stand 31A4,"Gebze Organize Sanayi Bölgesi Ihsan dede Cad.700 sok.No.704, 41400, Gebze / Kocaeli., Türkiye",aromsa@aromsa.com,+90 262 326 11 11,https://www.aromsa.com,Türkiye,"Additives incl. Flavourings & Colours | Algae, Botanicals, Carotenoids, Flavonoids | Carbohydrates, Sugars | Dairy Ingredients | Fruit, Seeds, Nuts & Peanuts, Vegetables | Herbs, Spices | Ingredient Mixtures, Synbiotics","Finished Food Categories | Beverages / Juices | Cereal and grain products | Confectionery | Dairy | Meat, Poultry & Fish | Plant-based foods | Sauces & Seasonings | Specialised Finished Products | Dietary supplements | Functional beverages | Functional food",Dosage Formats | Liquids | Physical Formats | Extracted,Cardiovascular Health,Encapsulating | Extracting,,https://www.ingredientsnetwork.com/aromsa-comp248814.html
303625,Alvinesa Natural Ingredients,"Alvinesa Natural Ingredients is a pioneer in the circular economy, spearheading the advancement in sustainable plant-based ingredients. Through innovative upcycling practices, we transform organic byproducts into valuable natural ingredients that promote healthier living. Our extensive range includes Hytolive, an olive extract standardized in Hydroxytyrosol, and Vintera, a grape extract standardized in proanthocyanidins, monomers, and anthocyanins. With a commitment to sustainability, we cater to various industries such as nutraceuticals, food, beverages, animal nutrition, and wine-making. Our portfolio boasts a wide selection of polyphenols, natural color from grape, natural tartaric acid,wine concentrate, grapeseed oil, and alcohols. At Alvinesa, we ensure a sustainable, traceable, and waste-prevention supply chain, sourcing only the highest quality raw materials. With three decades of technical expertise, we manufacture ingredients to unsurpassed quality standards at our low carbon footprint, state-of-the-art facility. Our extraction process utilizes only water, preserving the natural goodness of our ingredients. Moreover, 95% of our energy is self-produced from renewable sources, including our biomass and solar electric facilities in Ciudad Real, Spain. Recently, we proudly attained B Corp Certification, a testament to our unwavering commitment to sustainable practices and ethical standards. This certification underscores our role as stewards of the environment and communities we serve, reinforcing our pledge to operate with integrity and accountability. With a global presence spanning over 30 countries, Alvinesa continues to lead the charge towards a more sustainable future. Explore our offerings at Alvinesa.com and join us in shaping a world where sustainability and quality converge seamlessly.",Africa; Asia; Australia; Central/South America; Eastern Europe; Middle East; North America; Western Europe,Manufacturer: Ingredients / Additives,"Additives incl. Flavourings & Colours | Algae, Botanicals, Carotenoids, Flavonoids | Fats & Oils: Fats & Oils - Algae | Fruit, Seeds, Nuts & Peanuts, Vegetables | Ingredient Mixtures, Synbiotics | Finished Food Categories: Beverages / Juices, Dairy, Meat, Poultry & Fish, Pet Food, Plant-based foods | Specialised Finished Products: Dietary supplements, Functional beverages, Functional food | Physical Formats: Extracted | Cardiovascular Health | Cognitive & Mental Health | Healthy Ageing | Immune Support | Pet Health | Skin Health",Fi Europe 2026 - 17-19 November 2026 - Visit us at stand 41B17 | Vitafoods Europe 2027 - 18-20 May 2027 - Visit us at stand 3A208 | Vitafoods Europe 2026 - 05 - 07 May 2026 - We were at stand 3A220 | Vitafoods Europe 2025 - 20 - 22 May 2025 - We were at stand CC.A18,"El campilloCtra. de Valdepeñas, Km 4,8, Pol. Ind. “El Campi, 13250, Daimiel, Spain",sales@alvinesa.com,+33637149341,https://www.alvinesa.com,Spain,"Additives incl. Flavourings & Colours | Algae, Botanicals, Carotenoids, Flavonoids | Fats & Oils | Fruit, Seeds, Nuts & Peanuts, Vegetables | Ingredient Mixtures, Synbiotics","Finished Food Categories | Beverages / Juices | Dairy | Meat, Poultry & Fish | Pet Food | Plant-based foods | Specialised Finished Products | Dietary supplements | Functional beverages | Functional food",Physical Formats | Extracted,Cardiovascular Health | Cognitive & Mental Health | Healthy Ageing | Immune Support | Pet Health | Skin Health,,B corporation | Halal | Kosher | Natural | Organic | Sustainable | Upcycled,https://www.ingredientsnetwork.com/alvinesa-natural-ingredients-comp303625.html
248900,Corbion,"Corbion creates innovative ingredient solutions for leading food manufacturers around the world. Our expertise inspires customers to craft foods that start flavorful, stay fresh and remain safe, from date of production to date of consumption. Using sustainable solutions that deliver real, consumer-focused value, we work side-by-side with customers, helping them grow and create delicious food that capture peoples’ palates and earn their trust. At Corbion our priorities as consumers shape the solutions we create, and as a result, feel confidence and pride in serving our own families and friends the products we help make possible.",Africa; Asia; Australia; Central/South America; Eastern Europe; Middle East; North America; Western Europe,Manufacturer: Ingredients / Additives,"Additives incl. Flavourings & Colours: Antioxidants, Other Additives, Preservatives | Fungi & Yeasts, Microorganisms & Probiotics, Mushrooms | Ingredient Mixtures, Synbiotics | Syrups & Others | Vitamins, Minerals | Blending & mixing | Consulting | Flavour development | Dosage Formats: Liquids, Powders | Metabolic Health",Vitafoods Europe 2027 - 18-20 May 2027 - Visit us at stand 3D269 | Vitafoods Europe 2026 - 05 - 07 May 2026 - We were at stand 5B14 | Vitafoods Europe 2025 - 20 - 22 May 2025 - We were at stand 4D2,"Arkelsedijk 46, 4206 AC, Gorinchem, Netherlands",pnl@corbion.com,+31 183695695,https://www.corbion.com/,Netherlands,"Additives incl. Flavourings & Colours | Fungi & Yeasts, Microorganisms & Probiotics, Mushrooms | Ingredient Mixtures, Synbiotics | Syrups & Others | Vitamins, Minerals",,Dosage Formats | Liquids | Powders,Metabolic Health,Blending & mixing | Consulting | Flavour development,Natural,https://www.ingredientsnetwork.com/corbion-comp248900.html
249014,Havero Hoogwegt Meelunie,"Hoogwegt provides an extensive range of milk powders, butter fats, and whey products for the world dairy market. Hoogwegt is the world’s largest privately owned supplier of dairy products. We are supported by a unique global network of partners, 50 years of experience and a team of 80 commercial, technical and logistics experts. This enables us to add vision and value to your business, providing you with consistently high-quality products, real-time market intelligence, smart logistic services and tailored risk management solutions. Havero Hoogwegt presents its complete portfolio of dairy ingredients with focus on:- Hapro Yo functional dairy proteins for yoghurt; Hapro Ice dairy formulations for cost price reduction in ice; Hapro Cheese ready to use, based on milk protein, for analogue cheese; Dairy proteins rennet and acid casein - caseinate, MPC 50 - 85; Whey derivatives -whey protein concentrate 30 - 80, whey protein isolate, whey protein hydrolysate, whey permeate and milk permeate. We are selling for usage in following applications:- yoghurt, ice cream, chocolate, cheese, bakery, sweets, desserts, health & sports nutrition. Both Hoogwegt companies at FiE are ISO 22000 certified and IFS Broker certified.",Africa; Asia; Australia; Central/South America; Eastern Europe; Middle East; North America; Western Europe,Raw Material Supplier,"Additives incl. Flavourings & Colours: Emulsifiers, Stabilisers, Thickeners | Carbohydrates, Sugars: Oligo- and polysaccharides | Dairy Ingredients: Other Dairy Ingredients | Fats & Oils: Fats & Oils - Plant | Fruit, Seeds, Nuts & Peanuts, Vegetables | Ingredient Mixtures, Synbiotics | Proteins, Enzymes, Amino Acids: Amino acids | Vitamins, Minerals | Finished Food Categories: Beverages / Juices, Confectionery, Dairy, Plant-based foods | Specialised Finished Products: Functional beverages, Functional food | Dosage Formats: Powders | Children's Health | Immune Support | Metabolic Health | Sports Nutrition",Fi Europe 2026 - 17-19 November 2026 - Visit us at stand 51C8,"Amsterdamseweg 60, 6814 CP, Arnhem, Netherlands",info@havero.nl,+31 26 322 8520,https://www.havero.nl,Netherlands,"Additives incl. Flavourings & Colours | Carbohydrates, Sugars | Dairy Ingredients | Fats & Oils | Fruit, Seeds, Nuts & Peanuts, Vegetables | Ingredient Mixtures, Synbiotics | Proteins, Enzymes, Amino Acids | Vitamins, Minerals",Finished Food Categories | Beverages / Juices | Confectionery | Dairy | Plant-based foods | Specialised Finished Products | Functional beverages | Functional food,Dosage Formats | Powders,Children's Health | Immune Support | Metabolic Health | Sports Nutrition,,Gluten-free | Halal | Health & Safety | Kosher | Sustainable | Vegetarian,https://www.ingredientsnetwork.com/havero-hoogwegt-meelunie-comp249014.html
307618,U.G.A. NUTRACEUTICALS SRL UNIPERSONALE,"U.G.A. Nutraceuticals ia a leading italian manufacturer of high-quality omega-3 dietary supplements, Since 2005, the company has distinguished itself through advanced research and development of unique formulations, ensuring maximum bioavailability and digestibility. Using top-quality fish and selected ingredients , U.G.A. Nutraceuticals offers the most performing supplements, to help sustain the physical needs of different ages, specific gender support, new lifestyles choices, or prevention Prestigious certifications , such as IFOS and Friends Of The Sea, attest to the commitment of U.G.A. Nutraceuticals to quality and excellence. Our products target specific needs in areas of cardiology, pregnancy, infant nutrition, mental health, and wellness, with our lines, including Omegor, VitaDHA, Meaquor, Cardiol Forte, Endoplaq, Eulipid, Ferrolip and Restoraflor.",Africa; Asia; Eastern Europe; Middle East; Western Europe,Manufacturer: Finished Food Products,"Algae, Botanicals, Carotenoids, Flavonoids | Fats & Oils | Fungi & Yeasts, Microorganisms & Probiotics, Mushrooms | Finished Food Categories: Confectionery, Infant & Baby food | Specialised Finished Products: Biotic products, Dietary supplements, Functional beverages, Functional confectionery, Functional food, Functional powders, Protein products, Sugar replacers / Sweeteners | Dosage Formats: Beverages, Capsules, Chewables, Drops, Gummies, Liquids, Oil, Powders, Sachets, Syrups | Bone & Joint Health | Cardiovascular Health | Children's Health | Cognitive & Mental Health | Digestive Health | Eye Health | Healthy Ageing | Immune Support | Metabolic Health | Skin Health | Sports Nutrition | Women's Health",Vitafoods Europe 2027 - 18-20 May 2027 - Visit us at stand 2F65 | Vitafoods Europe 2026 - 05 - 07 May 2026 - We were at stand 3J64 | Vitafoods Europe 2025 - 20 - 22 May 2025 - We were at stand 3C44,"Via Leonardo Da Vinci 129/C, 06024, Gubbio, Italy",marketing@uganutraceuticals.com,,https://www.uganutraceuticals.com/,Italy,"Algae, Botanicals, Carotenoids, Flavonoids | Fats & Oils | Fungi & Yeasts, Microorganisms & Probiotics, Mushrooms",Finished Food Categories | Confectionery | Infant & Baby food | Specialised Finished Products | Biotic products | Dietary supplements | Functional beverages | Functional confectionery | Functional food | Functional powders | Protein products | Sugar replacers / Sweeteners,Dosage Formats | Beverages | Capsules | Chewables | Drops | Gummies | Liquids | Oil | Powders | Sachets | Syrups,Bone & Joint Health | Cardiovascular Health | Children's Health | Cognitive & Mental Health | Digestive Health | Eye Health | Healthy Ageing | Immune Support | Metabolic Health | Skin Health | Sports Nutrition | Women's Health,,Health & Safety | Organic | Vegan,https://www.ingredientsnetwork.com/u-g-a-nutraceuticals-srl-unipersonale-comp307618.html
248703,Brenntag Holding GmbH,"Brenntag Nutrition: Nourishing Innovation, Technology and Quality Welcome to Brenntag Nutrition – your trusted partner in the dynamic world of food, health, and nutritional ingredients. At Brenntag Nutrition, we are the expert of ingredients in every aspect and understand the importance of quality, innovation, and sustainability in nurturing a healthier tomorrow. Our global reach and local expertise allow us to source and supply a comprehensive range of high-quality nutritional ingredients to meet the evolving needs of our customers. Our Services: Ingredient Sourcing & Distribution : Leveraging our extensive global network, we source the finest nutritional ingredients from reputable suppliers worldwide. Custom Formulation & Solutions : Our team of experts work closely with clients to develop custom formulations that meet expectations and regulatory requirements. Market Insights & Trends : We provide valuable insights into market trends and consumer preferences, helping our clients stay ahead in the competitive nutrition industry. Regulatory Support & Compliance : compliance with regulatory standards is paramount. Our Commitment: Quality Assurance: We adhere to the highest standards of quality, safety, and efficacy in all our products and services. Sustainability: Committed to environmental stewardship, we prioritize sustainable practices across our operations and supply chain. Innovation: At the heart of Brenntag Nutrition lies our dedication to innovation, continually exploring new ingredients, technologies, and solutions to meet the nutritional needs of tomorrow. Why Choose Brenntag Nutrition? Global Expertise, Local Touch : Our global presence, combined with local market know...",Africa; Asia; Australia; Central/South America; Eastern Europe; Middle East; North America; Western Europe,Distributor,"Additives incl. Flavourings & Colours: Sweeteners | Carbohydrates, Sugars | Dietary Fibres, Prebiotics | Ingredient Mixtures, Synbiotics | Proteins, Enzymes, Amino Acids | Finished Food Categories: Cereal and grain products, Confectionery, Dairy, Plant-based foods | Specialised Finished Products: Functional food, Protein products | Consulting | Contract manufacturing | Storage & Logistics | Dosage Formats: Powders | Sports Nutrition | Weight Management",Fi Europe 2026 - 17-19 November 2026 - Visit us at stand 31H46 | Vitafoods Europe 2025 - 20 - 22 May 2025 - We were at stand 3G76,"Messeeallee 11, D 45131, Essen, Germany",,+351 914328108,https://www.brenntag.com,Germany,"Additives incl. Flavourings & Colours | Carbohydrates, Sugars | Dietary Fibres, Prebiotics | Ingredient Mixtures, Synbiotics | Proteins, Enzymes, Amino Acids",Finished Food Categories | Cereal and grain products | Confectionery | Dairy | Plant-based foods | Specialised Finished Products | Functional food | Protein products,Dosage Formats | Powders,Sports Nutrition | Weight Management,Consulting | Contract manufacturing | Storage & Logistics,,https://www.ingredientsnetwork.com/brenntag-holding-gmbh-comp248703.html
249849,FONTERRA (EUROPE) COOPERATIE U.A.,We are a New Zealand Co-operative made up of everyday good people who work together to do good things with dairy. Good things with the land we work on and good things for the people that our products end up with. We are passionate about doing amazing things with dairy.,Africa; Asia; Central/South America; Eastern Europe; Middle East; North America; Western Europe,Manufacturer: Ingredients / Additives,"Proteins, Enzymes, Amino Acids | Finished Food Categories: Dairy | Dosage Formats: Powders | Sports Nutrition",Fi Europe 2026 - 17-19 November 2026 - Visit us at stand 30F8,"Eurocenter 13th Floor, Barbara Strozzilaan 388, 1083 HN, Amsterdam, Netherlands",fonterra.europe@fonterra.com,+31 20 7075 300,https://www.fonterra.com,Netherlands,"Proteins, Enzymes, Amino Acids",Finished Food Categories | Dairy,Dosage Formats | Powders,Sports Nutrition,,,https://www.ingredientsnetwork.com/fonterra-europe-cooperatie-u-a-comp249849.html
249295,Uelzena EG,"Success needs best ingredients. Uelzena eG is a dairy cooperative located in Northern Germany near to Hamburg. Together with its subsidiary WS Warmsener Spezialitäten the milk specialist produces a high-quality milk based ""Uelzena Ingredients"" range and provides comprehensive contract processing services. The ingredients range for the baking, confectionery and delicatessen industry includes skimmed milk powder, buttermilk powder, anhydrous milk fat, sweetened condensed milk, cream and ice mixes as well as customized milk fat products and compounds. The contract processing services are focused on drying flavors, plant extracts and natural colours as well as vitamins and minerals. Contract processing of butter and anhydrous milkfat, fractionation as well as standardizing and manufacturing of cream products complete this services. Milk powder › Low Heat and Medium Heat skimmed milk powder › Standardised skimmed milk powder › Partly standardised skimmed milk powder › Non-standardised skimmed milk powder › Buttermilk powder Milk fats (standard) › Anhydrous milk fat › Butterfat with vanillin or carotene › Butterfat fine or softened with nitrogen › German best quality butter › Butter containing added vanillin or carotene Milk fats (individual) › Milk fat with defined melting point › Liquid (pumpable) milk fat › Premixes from milk fat and ingredients › Decolorized white milk fat › Milk fat fractions › Blends from milk and plant fats Milk products › Sweetened condensed milk with various levels of fat ...",Africa; Asia; Central/South America; Middle East; Western Europe,Manufacturer: Ingredients / Additives,"Carbohydrates, Sugars | Dairy Ingredients: Other Dairy Ingredients | Fats & Oils | Ingredient Mixtures, Synbiotics | Finished Food Categories: Beverages / Juices, Dairy, Prepared foods | Specialised Finished Products: Nutricosmetics | Analysis/ Testing | Contract manufacturing | Extracting | Quality assurance | Spray drying | Dosage Formats: Liquids, Powders",,"Im Neuen Felde 87, 29525, Uelzen, Germany",marketing@uelzena.de,+49 581 806 6162,https://www.ingredients.uelzena.com,Germany,"Carbohydrates, Sugars | Dairy Ingredients | Fats & Oils | Ingredient Mixtures, Synbiotics",Finished Food Categories | Beverages / Juices | Dairy | Prepared foods | Specialised Finished Products | Nutricosmetics,Dosage Formats | Liquids | Powders,,Analysis/ Testing | Contract manufacturing | Extracting | Quality assurance | Spray drying,Fair Trade | Halal | Kosher | Organic,https://www.ingredientsnetwork.com/uelzena-eg-comp249295.html
248921,Emsland Group,"The Emsland Group is an internationally operating company that sustainably manufactures innovative, plant-based products that are essential elements in a wide range of food, animal nutrition and technical applications. Founded in 1928, the company has grown to be Germany’s largest producer of potato starch and a global leader in producing modified starches, proteins, fibers, potato flakes and granules. “Using nature to create” is at the core of our value-creation model: working sustainably and in harmony with our natural resources in every idea we generate and each product we produce. With over seven production locations in Germany, the Emsland Group serves customers in over 100 countries and consists of approximately 1,500 employees worldwide. For more information about the Emsland Group, visit: www.emsland-group.com",Africa; Asia; Australia; Central/South America; Eastern Europe; Middle East; North America; Western Europe,Manufacturer: Ingredients / Additives,"Additives incl. Flavourings & Colours: Emulsifiers, Stabilisers, Thickeners | Carbohydrates, Sugars | Cereals & Grains, Pulses | Dietary Fibres, Prebiotics: Dietary Fibres | Fruit, Seeds, Nuts & Peanuts, Vegetables | Ingredient Mixtures, Synbiotics | Proteins, Enzymes, Amino Acids: Amino acids | Finished Food Categories: Dairy | Dosage Formats: Granules, Powders | Physical Formats: Flaked, Powdered | Digestive Health | Metabolic Health | Sports Nutrition",Fi Europe 2026 - 17-19 November 2026 - Visit us at stand 31H20 | Fi Asia Indonesia 2026 - 16-18 September 2026 - We were at stand C3L26,"Emslandstarke 58,, Germany",info@emsland-group.de,+49 59438130,,Germany,"Additives incl. Flavourings & Colours | Carbohydrates, Sugars | Cereals & Grains, Pulses | Dietary Fibres, Prebiotics | Fruit, Seeds, Nuts & Peanuts, Vegetables | Ingredient Mixtures, Synbiotics | Proteins, Enzymes, Amino Acids",Finished Food Categories | Dairy,Dosage Formats | Granules | Powders | Physical Formats | Flaked | Powdered,Digestive Health | Metabolic Health | Sports Nutrition,,Allergen-free | Gluten-free | Halal | Kosher | Natural | Non-GMO | Quality Assurance | Sustainable | Vegan | Vegetarian,https://www.ingredientsnetwork.com/emsland-group-comp248921.html
248775,Bayerische Milchindustrie eG,"The BMI offers, as a result of its efficient research and decades of experience in technical production processes related to powder products, whey derivatives under the brand ""Bayolan"". They are primarily utilised as different ingredients for the food industry. Apart from sweet whey powder, spray dried, for use in pastries/confectionaries, bars and drinks, is a wide range of special products included with excellent processing qualities and functionalities. Almost all products are available in organic, halal and kosher quality. We are one of the largest German manufacturers of whey powder and the largest provider of organic whey powder with expertise in all areas related to standardised semi-finished products. Customised solutions are our special subject.",Africa; Asia; Central/South America; Eastern Europe; Middle East; Western Europe,"Contract Manufacturer; Distributor; Food Safety, Quality and Service; Raw Material Supplier","Additives incl. Flavourings & Colours | Dairy Ingredients: Other Dairy Ingredients | Dietary Fibres, Prebiotics: Dietary Fibres | Proteins, Enzymes, Amino Acids: Proteins - Animal | Finished Food Categories: Dairy | Specialised Finished Products: Functional powders, Protein products | Dosage Formats: Powders | Children's Health | Sports Nutrition | Weight Management",Fi Europe 2026 - 17-19 November 2026 - Visit us at stand 30F86,"E.ON-Allee 1, 84036, Landshut, Germany",sales@bmi-eg.com,+49 8716850,https://www.bmi-eg.com,Germany,"Additives incl. Flavourings & Colours | Dairy Ingredients | Dietary Fibres, Prebiotics | Proteins, Enzymes, Amino Acids",Finished Food Categories | Dairy | Specialised Finished Products | Functional powders | Protein products,Dosage Formats | Powders,Children's Health | Sports Nutrition | Weight Management,,Halal | Kosher | Organic,https://www.ingredientsnetwork.com/bayerische-milchindustrie-eg-comp248775.html
249048,Interfiber Sp.z o.o.,"Interfiber is a premier global supplier of natural origin fibers, with an expansive presence in over 70 countries worldwide. Our commitment to excellence has positioned us as a trusted partner within the food industry, where we specialize in delivering innovative solutions designed to enhance product quality, optimize production processes, and support sustainable practices. Interfiber's innovative approach extends beyond product development. We collaborate closely with our clients to provide professional, customized service that addresses specific challenges and goals. Our team of experts is dedicated to supporting our partners with cutting-edge research, technical assistance, and continuous improvement initiatives. As a symbol of excellence, efficiency, and ingenuity, Interfiber is committed to advancing a healthier global food industry. We believe that through our natural fiber solutions, we can contribute to a more sustainable and nutritious food supply, benefiting both producers and consumers alike. Our vision is to lead the way in natural fiber innovation, setting new standards for quality and sustainability in the food industry The quality of our products is confirmed by the following certificates: BRCS, ISO 9001, ISO 22000, KOSHER, HALAL, HACCP, ISO 14001.",Africa; Asia; Australia; Central/South America; Eastern Europe; Middle East; North America; Western Europe,Manufacturer: Ingredients / Additives,"Additives incl. Flavourings & Colours: Emulsifiers, Stabilisers, Thickeners | Cereals & Grains, Pulses: Cereals & Grains | Dietary Fibres, Prebiotics: Dietary Fibres | Fruit, Seeds, Nuts & Peanuts, Vegetables | Ingredient Mixtures, Synbiotics | Proteins, Enzymes, Amino Acids | Finished Food Categories: Confectionery, Dairy, Meat, Poultry & Fish, Plant-based foods | Dosage Formats: Powders | Physical Formats: Ground | Digestive Health | Weight Management",Fi Europe 2026 - 17-19 November 2026 - Visit us at stand 31H32,"Wolominska 15, 05-205, Lipka, Poland",office@interfiber.com,+48 22 648 25 09,https://www.interfiber.com,Poland,"Additives incl. Flavourings & Colours | Cereals & Grains, Pulses | Dietary Fibres, Prebiotics | Fruit, Seeds, Nuts & Peanuts, Vegetables | Ingredient Mixtures, Synbiotics | Proteins, Enzymes, Amino Acids","Finished Food Categories | Confectionery | Dairy | Meat, Poultry & Fish | Plant-based foods",Dosage Formats | Powders | Physical Formats | Ground,Digestive Health | Weight Management,,Gluten-free | Halal | Health & Safety | Kosher | Natural | Non-GMO | Quality Assurance,https://www.ingredientsnetwork.com/interfiber-sp-z-o-o-comp249048.html
248738,Milei GmbH,"We at MILEI have focused intensively and exclusively on one task: The enrichment and fractionation of valuable ingredients from milk and whey. In an increasingly dynamic market, the diverse nutritional properties and technological functions of whey proteins are becoming even more important. Because of this, our goal is the development of innovative top-quality products that are precisely tailored to the different requirements and application areas of our customers.",Africa; Asia; Australia; Central/South America; Eastern Europe; Middle East; North America; Western Europe,Manufacturer: Ingredients / Additives,"Additives incl. Flavourings & Colours | Carbohydrates, Sugars | Dairy Ingredients | Fats & Oils | Fungi & Yeasts, Microorganisms & Probiotics, Mushrooms | Ingredient Mixtures, Synbiotics | Proteins, Enzymes, Amino Acids: Amino acids | Finished Food Categories: Dairy | Specialised Finished Products: Dietary supplements | Dosage Formats: Powders | Physical Formats: Ground, Milled | Bone & Joint Health | Cardiovascular Health | Children's Health | Digestive Health | Healthy Ageing | Immune Support | Metabolic Health | Sports Nutrition",Fi Europe 2026 - 17-19 November 2026 - Visit us at stand 30H48 | Vitafoods Europe 2027 - 18-20 May 2027 - Visit us at stand 2G143,"Kemptener Str. 91, 88299, Leutkirch, Germany",info@milei.de,+49 7561 85 0,https://www.milei.de,Germany,"Additives incl. Flavourings & Colours | Carbohydrates, Sugars | Dairy Ingredients | Fats & Oils | Fungi & Yeasts, Microorganisms & Probiotics, Mushrooms | Ingredient Mixtures, Synbiotics | Proteins, Enzymes, Amino Acids",Finished Food Categories | Dairy | Specialised Finished Products | Dietary supplements,Dosage Formats | Powders | Physical Formats | Ground | Milled,Bone & Joint Health | Cardiovascular Health | Children's Health | Digestive Health | Healthy Ageing | Immune Support | Metabolic Health | Sports Nutrition,,Halal | Health & Safety | Kosher | Sustainable | Sustainable Seafood,https://www.ingredientsnetwork.com/milei-gmbh-comp248738.html
249492,"REEPHOS CHEMICAL(LYG) CO.,LTD.","Reephos chemical co., ltd is a leading Chinese manufacturer of food grade phosphates, phosphates blends and minerals with applications in meat, poultry, fish, seafood, baking, beverage, cheese, dairy, noodles, and nutritional supplements. Step by step, reephos is growing into a global phosphates supplier offering strong technical support to our customer all over the world.",Africa; Asia; Australia; Central/South America; Eastern Europe; Middle East; North America; Western Europe,"Food Safety, Quality and Service","Additives incl. Flavourings & Colours: Acidulants, Anti-caking agents, Emulsifiers, Stabilisers, Thickeners, Flavour Enhancers | Vitamins, Minerals: Minerals | Specialised Finished Products: Dietary supplements | Physical Formats: Powdered | Bone & Joint Health | Cardiovascular Health",Fi Europe 2026 - 17-19 November 2026 - Visit us at stand 30G20,"No.26 Linpu Road, 222000, Lianyungang Jiangsu, China",sales@reephos.com,+86 51 885616669,https://www.reephos.com,China,"Additives incl. Flavourings & Colours | Vitamins, Minerals",Specialised Finished Products | Dietary supplements,Physical Formats | Powdered,Bone & Joint Health | Cardiovascular Health,,,https://www.ingredientsnetwork.com/reephos-chemicallyg-co-ltd-comp249492.html
306502,AB-BIOTICS,"AB-BIOTICS is a leading probiotics player inspired by developing probiotic solutions at the forefront of an expanding field. Whether you are interested in unique, patented strains with characterized mechanisms of action, premium probiotic solutions targeting specific therapeutic areas, or finished products with easily-communicated benefits, our agile approach allows us to adapt to your needs. With science at the heart of everything we do, our strains, blends and market-ready products are supported by robust scientific documentation. Our global footprint gives us a unique view of the ever-changing probiotic landscape enabling us to offer regulatory support in not only supplements, and functional foods but also OTC and medical applications to meet the needs of consumers worldwide.",Asia; Australia; Central/South America; Eastern Europe; Middle East; Western Europe,Manufacturer: Ingredients / Additives,"Carbohydrates, Sugars: Oligo- and polysaccharides | Dietary Fibres, Prebiotics | Fungi & Yeasts, Microorganisms & Probiotics, Mushrooms | Vitamins, Minerals | Finished Food Categories: Infant & Baby food | Specialised Finished Products: Biotic products, Dietary supplements, Functional food | Dosage Formats: Tablets | Cardiovascular Health | Children's Health | Cognitive & Mental Health | Digestive Health | Eye Health | Healthy Ageing | Immune Support | Skin Health | Weight Management | Women's Health",Vitafoods Europe 2027 - 18-20 May 2027 - Visit us at stand 2D69 | Vitafoods Asia 2026 - 02 - 04 Sept 2026 - We were at stand H6-K42 | Vitafoods Europe 2026 - 05 - 07 May 2026 - We were at stand 3K24 | Vitafoods Europe 2025 - 20 - 22 May 2025 - We were at stand 3G87,"Av. Can Fatjó dels Aurons, 3, MAPRE CUBS 1, 4 floor Sant Cugat del Vallès, 08174, Barcelona, Spain",,+34 902 903 844,https://www.ab-biotics.com,Spain,"Carbohydrates, Sugars | Dietary Fibres, Prebiotics | Fungi & Yeasts, Microorganisms & Probiotics, Mushrooms | Vitamins, Minerals",Finished Food Categories | Infant & Baby food | Specialised Finished Products | Biotic products | Dietary supplements | Functional food,Dosage Formats | Tablets,Cardiovascular Health | Children's Health | Cognitive & Mental Health | Digestive Health | Eye Health | Healthy Ageing | Immune Support | Skin Health | Weight Management | Women's Health,,,https://www.ingredientsnetwork.com/ab-biotics-comp306502.html
279192,ABF Ingredients Group,"ABF Ingredients offers innovative, differentiated products and services to the Food, Health and Nutrition, Pharmaceutical, Animal Health and Industrial sectors. It comprises of seven businesses operating worldwide under their own identities: AB Biotek Human Nutrition & Health (microbiome modulating solutions), AB Enzymes (enzymes), ABITEC Corp. (specialty lipids and surfactants), Fytexia (polyphenols), Ohly (yeast extracts and culinary powders), PGP International (extruded ingredients and specialty flours) and SPI Pharma (pharmaceutical excipients and antacids).",Africa; Asia; Australia; Central/South America; Eastern Europe; Middle East; North America; Western Europe,Manufacturer: Ingredients / Additives,"Additives incl. Flavourings & Colours: Emulsifiers, Stabilisers, Thickeners, Flavourings, Other Additives | Cereals & Grains, Pulses | Dietary Fibres, Prebiotics | Fungi & Yeasts, Microorganisms & Probiotics, Mushrooms | Ingredient Mixtures, Synbiotics | Proteins, Enzymes, Amino Acids: Enzymes | Syrups & Others | Finished Food Categories: Cereal and grain products, Plant-based foods, Prepared foods | Specialised Finished Products: Biotic products, Dietary supplements, Functional beverages, Functional food, Protein products | Contract manufacturing | Encapsulating | Dosage Formats: Powders | Physical Formats: Extruded | Sports Nutrition",Fi Europe 2026 - 17-19 November 2026 - Visit us at stand 31D20,"1 Samson Place, PE7 8QJ, Peterborough, United Kingdom",info@abfingredients.com,+44 (0) 1733 427816,https://www.abfingredients.com,United Kingdom,"Additives incl. Flavourings & Colours | Cereals & Grains, Pulses | Dietary Fibres, Prebiotics | Fungi & Yeasts, Microorganisms & Probiotics, Mushrooms | Ingredient Mixtures, Synbiotics | Proteins, Enzymes, Amino Acids | Syrups & Others",Finished Food Categories | Cereal and grain products | Plant-based foods | Prepared foods | Specialised Finished Products | Biotic products | Dietary supplements | Functional beverages | Functional food | Protein products,Dosage Formats | Powders | Physical Formats | Extruded,Sports Nutrition,Contract manufacturing | Encapsulating,,https://www.ingredientsnetwork.com/abf-ingredients-group-comp279192.html
285498,Chongqing Chuandong Chemical (Group) Co.,"The leading manufacturer of Phosphoric Acid + Poly Phosphoric Acid 105% + Sodium Tripolyphosphate ( STPP ) + Sodium Hexametaphosphate ( SHMP ) + Formic Acid in China and the world. Chongqing Chuandong Chemical (Group) Co., Ltd., founded in 1958.There are five production bases in Chongqing, Guizhou, Sichuan and Guangxi. The main products are phosphate, formate and fine chemicals (chemical reagents, pharmaceutical intermediates, electronic chemicals). The products are mainly sold to more than 20 domestic provinces and cities and have been exported to Europe, America, Japan, South Korea and the countries and regions in Southeast Asia. The company is China chemical enterprise Top 500, China inorganic salt Top 50, China private enterprise Top 500, China phosphorus chemical industry Top 10, China petrochemical excellent private enterprise, Chongqing private enterprise Top 50 and Chongqing the first famous brand enterprise. The main product sodium tripolyphosphate was awarded China top brand product, and the formic acid and sodium hexametaphosphate were awarded Chongqing top brand products. The company takes quality, technology and brand as the keyvalue. The company quality management system is based on ISO9001 which is systematic, scientific, strong controllability. The company has always focused on using technology innovation to improve the adaptability of the products, cultivating brand competitiveness, there are new products and technological transformation project every year. Now three patents have been used in production . The company owns phosphate rock that achieves the perfect combination of resources and technology. The main product sodium tripolyphosphate has established and enjoyed good reputation in domestic and world market. Products Phosphoric Acid 85%min. Poly Phosphoric Acid 105%min. Sodium Tripolyphosphate ( STPP ) tech. grade + food grade Sodium Hexametaphosphate ( SHMP ) tech. grade + food grade Trisodium Phosphate Formic Acid",Africa; Asia; Australia; Central/South America; Eastern Europe; Western Europe,Manufacturer: Ingredients / Additives,"Additives incl. Flavourings & Colours: Emulsifiers, Stabilisers, Thickeners, Other Additives | Vitamins, Minerals | Dosage Formats: Powders | Physical Formats: Powdered",Fi Europe 2026 - 17-19 November 2026 - Visit us at stand 42J6 | Fi Asia Indonesia 2026 - 16-18 September 2026 - We were at stand D2C14,"No 70 Danzishi New Street, Nanan District, 400000, Chongqing, China",export3@cd1958.com,+8613594080824,https://en.cd1958.com,China,"Additives incl. Flavourings & Colours | Vitamins, Minerals",,Dosage Formats | Powders | Physical Formats | Powdered,,,,https://www.ingredientsnetwork.com/chongqing-chuandong-chemical-group-co-comp285498.html
271743,Epax Norway AS,"Part of Norwegian fishery giant Pelagia AS, Epax Norway AS is a leading manufacturer of concentrated marine oils. Epax has been an innovator for over 180 years. Since 1838, when it began producing premium quality cod liver oil, Epax has transformed the marine ingredients sector. It invented the technology to concentrate fish oil as an ethyl ester, and to re-esterify oils back to TG-form. It was also the first company to create condition-specific EPA/DHA ingredients backed by science. Today Epax continues to deliver Omega-3 and new, innovative marine ingredients of unmatched purity and quality. The Epax production facility in Aalesund, Norway has, in addition to all standard manufacturing certifications/approvals, been approved by the US FDA for manufacture of Pharmaceutical Intermediates and by the Norwegian Medical Products Agency (Direktoratet for medisinske produkter) for the production of Active Pharmaceutical Ingredients (APIs).",Africa; Asia; Australia; Central/South America; Eastern Europe; Middle East; North America; Western Europe,Manufacturer: Ingredients / Additives,"Additives incl. Flavourings & Colours | Bioactive Compounds - Other | Fats & Oils | Proteins, Enzymes, Amino Acids: Amino acids | Extracting | Dosage Formats: Oil | Bone & Joint Health | Cardiovascular Health | Children's Health | Cognitive & Mental Health | Eye Health | Men's Health | Skin Health | Sports Nutrition | Women's Health",Vitafoods Europe 2027 - 18-20 May 2027 - Visit us at stand 3D209 | Vitafoods Asia 2026 - 02 - 04 Sept 2026 - We were at stand H7-N25A | Vitafoods Europe 2026 - 05 - 07 May 2026 - We were at stand 3J137 | Vitafoods Europe 2025 - 20 - 22 May 2025 - We were at stand 3J58,"Aarsæthervegen 17, Ålesund, Norway",sarah.christianslund@pelagia.com,+47 70 135 960,https://www.epax.com,Norway,"Additives incl. Flavourings & Colours | Bioactive Compounds - Other | Fats & Oils | Proteins, Enzymes, Amino Acids",,Dosage Formats | Oil,Bone & Joint Health | Cardiovascular Health | Children's Health | Cognitive & Mental Health | Eye Health | Men's Health | Skin Health | Sports Nutrition | Women's Health,Extracting,Halal | Health & Safety | Kosher | SQF certified | Sustainable | Traceable,https://www.ingredientsnetwork.com/epax-norway-as-comp271743.html
264620,GOED,"GOED is the only organization focused specifically on increasing consumption of EPA and DHA omega-3s around the world. Our 200+ members represent the entire supply chain from fisheries and crude oil suppliers to refiners, concentrators and brands. GOED's extensive network helps members expand and grow their businesses. Our activities focus on maintaining quality standards, educating consumers and healthcare professionals, furthering the science, and advocating for members with governments and NGO’s throughout the world. We also offer comprehensive data on the global omega-3 supply chain, consumer market research in 20+ countries and scientific, regulatory and technical expertise.",Africa; Asia; Australia; Central/South America; Eastern Europe; Middle East; North America; Western Europe,Government /Pavilion Organiser /Trade Association,"Bioactive Compounds - Other | Fats & Oils: Fats & Oils - Algae | Specialised Finished Products: Dietary supplements, Functional beverages, Functional food | Cardiovascular Health",Vitafoods Europe 2027 - 18-20 May 2027 - Visit us at stand 3D235A | Vitafoods Europe 2026 - 05 - 07 May 2026 - We were at stand 4F52F | Vitafoods Europe 2025 - 20 - 22 May 2025 - We were at stand 4D38A,"222 South Main Street, Suite 500, 84101, Salt Lake City, United States",info@goedomega3.com,+1 (504) 224-9618,https://www.goedomega3.com,United States,Bioactive Compounds - Other | Fats & Oils,Specialised Finished Products | Dietary supplements | Functional beverages | Functional food,,Cardiovascular Health,,,https://www.ingredientsnetwork.com/goed-comp264620.html
272786,Golden Omega S.A.,"Golden Omega is a Chilean Company focused on producing high quality Omega-3 concentrates up to 75% of EPA and DHA obtained from fish oil. Golden Omega’s state-of-the-art production facilities are located in Northern Chile, close to the raw material source. This guarantees an assured supply of high quality fish oil. Our shareholders are Orizon S.A. and Corpesca S.A. Chilean leader fishing companies which belong to Empresas Copec S.A., one of the largest companies publicly traded in Chile, with operations worldwide in natural resources (forestry, fisheries) and energy (fuel and power generation).",,Contract Manufacturer,Fats & Oils | Cardiovascular Health,Vitafoods Europe 2027 - 18-20 May 2027 - Visit us at stand 3G193 | Vitafoods Europe 2026 - 05 - 07 May 2026 - We were at stand 3L140 | Vitafoods Europe 2025 - 20 - 22 May 2025 - We were at stand 5F52,"Avenida Comandante San Martin 3460 Lote B2, 100819, Arica, Chile",claudio.aracena@goldenomega.cl,+56994352314,https://www.goldenomega.cl,Chile,Fats & Oils,,,Cardiovascular Health,,,https://www.ingredientsnetwork.com/golden-omega-s-a-comp272786.html
248828,HALAVET GIDA SAN VE TIC A.S.,"Halavet Gıda, established in 2011, is the largest edible bovine gelatin producer in Europe. The company, operating in Istanbul and Bolu with its factories, manufactures halal gelatin and collagen peptides, and distributes its products to more than 70 countries worldwide.Halavet Gıda produces high value products such as edible bovine skin gelatin and collagen peptides with annual 20.000 MT gelatin and 7.000 MT collagen peptide production capacity.The company conducts environmentally friendly production with dynamic expert teams and modern technology. Specializing in collagen-based products, Halavet Gıda serves as an indispensable partner to companies in the food, pharmaceutical, and cosmetic industries, positioning itself as a globalized company. With a skilled workforce, Halavet Gıda exceeds customer expectations by producing high-quality products in environmentally friendly, modern, and innovative production processes.",Africa; Asia; Australia; Central/South America; Eastern Europe; Middle East; North America; Western Europe,Manufacturer: Ingredients / Additives,"Proteins, Enzymes, Amino Acids: Proteins - Animal | Bone & Joint Health | Healthy Ageing | Skin Health",Fi Europe 2026 - 17-19 November 2026 - Visit us at stand 31H56 | Vitafoods Europe 2027 - 18-20 May 2027 - Visit us at stand 2F163 | Vitafoods Europe 2026 - 05 - 07 May 2026 - We were at stand 3B56 | Vitafoods Europe 2025 - 20 - 22 May 2025 - We were at stand 3J46,"Deri Org. San. Bolgesi 12 Yol L3-4C Parcel Tuzia Istanbul, 34956, Istanbul, Türkiye",info@halavet.com,+902163941995,https://www.halavet.com,Türkiye,"Proteins, Enzymes, Amino Acids",,,Bone & Joint Health | Healthy Ageing | Skin Health,,Gluten-free | Halal | Health & Safety | Kosher,https://www.ingredientsnetwork.com/halavet-gida-san-ve-tic-a-s-comp248828.html
279072,Health Sources Nutrition Co Ltd.,"Since our inception in 2010, our tech-focused company has consistently placed a strong emphasis on exceptional customer service and product usability. Our commitment to delivering top-notch market service capabilities is evident in our streamlined logistics, competitive pricing strategies, flexible payment options, and reliable product supply chain. Through innovative techniques such as microencapsulation, dilution, granulation, and premixing, we optimize the usability of ingredients to facilitate seamless product processing. Our primary mission revolves around providing customers with user-friendly products that meet their evolving needs. With prestigious certifications including BRCGS (A+ Grade), HACCP, and ISO22000, we uphold rigorous standards of quality and safety across all our operations. These certifications underscore our unwavering dedication to maintaining excellence in all aspects of our business. Whether you are embarking on the development of a new product or seeking to enhance an existing one, we stand ready to collaborate with you to bring your product vision to life. By partnering with us, you can streamline your supply chain, accelerate product launches, and implement robust quality control measures to fortify your market position.",Asia; Australia; Eastern Europe; North America; Western Europe,Raw Material Supplier,"Additives incl. Flavourings & Colours | Algae, Botanicals, Carotenoids, Flavonoids: Carotenoids | Bioactive Compounds - Other | Carbohydrates, Sugars | Dietary Fibres, Prebiotics: Prebiotics | Ingredient Mixtures, Synbiotics | Proteins, Enzymes, Amino Acids | Vitamins, Minerals | Finished Food Categories: Plant-based foods | Specialised Finished Products: Dietary supplements | Contract manufacturing | Dosage Formats: Capsules, Granules, Gummies, Oil, Pearls, Powders | Physical Formats: Ground | Bone & Joint Health | Cardiovascular Health | Children's Health | Cognitive & Mental Health | Digestive Health | Eye Health | Immune Support | Metabolic Health | Sleep Health | Sports Nutrition",Fi Europe 2026 - 17-19 November 2026 - Visit us at stand 30N74 | Vitafoods Europe 2027 - 18-20 May 2027 - Visit us at stand 2A218 | Vitafoods Asia 2026 - 02 - 04 Sept 2026 - We were at stand H3-M31 | Vitafoods Europe 2026 - 05 - 07 May 2026 - We were at stand 3B161 | Vitafoods Europe 2025 - 20 - 22 May 2025 - We were at stand 3B158,"4A-Building A3, 2nd Liheng Industrial Park Fanhua Road, 230092, Hefei, China",sam@health-sources.com,+86 18955115990,https://www.health-sources.com,China,"Additives incl. Flavourings & Colours | Algae, Botanicals, Carotenoids, Flavonoids | Bioactive Compounds - Other | Carbohydrates, Sugars | Dietary Fibres, Prebiotics | Ingredient Mixtures, Synbiotics | Proteins, Enzymes, Amino Acids | Vitamins, Minerals",Finished Food Categories | Plant-based foods | Specialised Finished Products | Dietary supplements,Dosage Formats | Capsules | Granules | Gummies | Oil | Pearls | Powders | Physical Formats | Ground,Bone & Joint Health | Cardiovascular Health | Children's Health | Cognitive & Mental Health | Digestive Health | Eye Health | Immune Support | Metabolic Health | Sleep Health | Sports Nutrition,Contract manufacturing,Non-GMO | Organic | Traceable | Vegan,https://www.ingredientsnetwork.com/health-sources-nutrition-co-ltd-comp279072.html
249441,HERONSBILL,"Beijing Heronsbill Food Material Co Ltd is a high-tech enterprise involved in manufacturing, sales, research and development. Heronsbill sells various food ingredients and food additives, including :- Instant tea powder series, Food grade flavor series, Concentrated fruit and vegetable juice series and Food additives series. The food additives mainly consist of sweeteners, vitamins, Mal-β-CD , pectin, etc. Our products have been sold to Europe and America, Africa, Japan and South Korea, and Australia.",Africa; Asia; Central/South America; Eastern Europe; North America; Western Europe,,"Additives incl. Flavourings & Colours: Flavourings | Algae, Botanicals, Carotenoids, Flavonoids: Botanicals | Bioactive Compounds - Other | Fruit, Seeds, Nuts & Peanuts, Vegetables: Fruit | Fungi & Yeasts, Microorganisms & Probiotics, Mushrooms | Ingredient Mixtures, Synbiotics | Syrups & Others | Vitamins, Minerals | Finished Food Categories: Bakery, Beverages / Juices, Dairy, Fruits & Vegetables, Prepared foods | Specialised Finished Products: Dietary supplements, Functional beverages, Functional powders | Dosage Formats: Liquids, Powders | Physical Formats: Concentrated, Extracted, Liquid | Cardiovascular Health | Cognitive & Mental Health | Immune Support | Metabolic Health",Fi Europe 2026 - 17-19 November 2026 - Visit us at stand 31A90 | Vitafoods Europe 2026 - 05 - 07 May 2026 - We were at stand 4A98A,"Room1901,Building No.1 King Mansion Plaza, 100176, RongHua South, China",sales@bjheronsbill.cn,+86 010-87220517,https://www.bjheronsbill.cn,China,"Additives incl. Flavourings & Colours | Algae, Botanicals, Carotenoids, Flavonoids | Bioactive Compounds - Other | Fruit, Seeds, Nuts & Peanuts, Vegetables | Fungi & Yeasts, Microorganisms & Probiotics, Mushrooms | Ingredient Mixtures, Synbiotics | Syrups & Others | Vitamins, Minerals",Finished Food Categories | Bakery | Beverages / Juices | Dairy | Fruits & Vegetables | Prepared foods | Specialised Finished Products | Dietary supplements | Functional beverages | Functional powders,Dosage Formats | Liquids | Powders | Physical Formats | Concentrated | Extracted | Liquid,Cardiovascular Health | Cognitive & Mental Health | Immune Support | Metabolic Health,,,https://www.ingredientsnetwork.com/heronsbill-comp249441.html
249064,Jayanti,"For over eight decades, Jayanti has supplied herbs, spices and botanicals to food and beverage brands worldwide. Today, we're a diversified agri-commodities partner serving both B2B and retail markets, and our customers rely on us for consistent quality, dependable supply and integrity at every step. We work close to where our crops grow. With manufacturing in India and Turkiye, our facilities sit next to some of the world's richest growing regions for spices and herbs. That proximity means fresher produce, faster processing and shorter, more efficient supply chains, so we can respond quickly when your needs change. At Fi Europe 2026, meet the Jayanti team to explore how our ingredients and expertise can support your next product. Whether you're securing reliable supply, managing costs or developing something new, we're ready to help you get there, while creating lasting value for our farming communities, our people and the planet.",Asia; Australia; Central/South America; Eastern Europe; Middle East; North America; Western Europe,Manufacturer: Food & Beverage Finished Products,"Additives incl. Flavourings & Colours: Colours, Flavourings, Other Additives | Algae, Botanicals, Carotenoids, Flavonoids: Botanicals | Dietary Fibres, Prebiotics | Herbs, Spices: Herbs, Spices | Vitamins, Minerals | Finished Food Categories: Sauces & Seasonings | Specialised Finished Products: Sugar replacers / Sweeteners | Dosage Formats: Granules, Kernels, Powders | Physical Formats: Chunked, Dried - air dried, Ground, Other Physical Formats, Shelled | Weight Management",Fi Europe 2026 - 17-19 November 2026 - Visit us at stand 42L6,"Route des Gouttes-d'Or 24a, 2000, Neuchâtel, Switzerland",info@jayanti.com,+41 32 96 79 595,https://www.jayanti.com,Switzerland,"Additives incl. Flavourings & Colours | Algae, Botanicals, Carotenoids, Flavonoids | Dietary Fibres, Prebiotics | Herbs, Spices | Vitamins, Minerals",Finished Food Categories | Sauces & Seasonings | Specialised Finished Products | Sugar replacers / Sweeteners,Dosage Formats | Granules | Kernels | Powders | Physical Formats | Chunked | Dried - air dried | Ground | Other Physical Formats | Shelled,Weight Management,,Halal | Health & Safety | Kosher | Natural,https://www.ingredientsnetwork.com/jayanti-comp249064.html
307595,Solutex GC SL,"Pioneering omega-3 ingredient excellence since 2004 A leading omega-3 supplier to the global dietary supplements, medical nutrition, and pharmaceutical industries, our vision is to deliver healthier lives for all through sustainable innovation. The health benefits and nutritional potential of highly concentrated omega-3 EPA and DHA fatty acids and their derivatives are almost limitless. That’s why we specialize in omega-3 technology and ingredient development – it’s everything we do, and we believe there’s still even more to discover. Made in Europe. Delivered globally. At Solutex, we create unique, high-quality fish and algae-sourced omega-3 ingredients, manufactured in Europe for brands all over the world. Our unrivaled range of formulation and purification ingredient options are designed to meet every customer’s need. Driving the future of omega-3s We’re always asking: “What’s next?” We constantly challenge ourselves to seek new ways to advance human health through biolipid research and technology while considering the impact on our planet. Take our supercritical CO2 purification process, which isolates EPA and DHA from omega-3 oil sources – it delivers unrivaled quality and product differentiation through proven green chemistry. Plus, we’re pioneers in Specialized Pro-Resolving Mediators (SPMs) for immune-nutrition support – delivered via our IP-protected Lipinova® ingredient brand and our Resolution Physiology Laboratory in Spain that allows us to observe SPM levels of activity, and inflammatory parameters in biological samples.",Asia; Australia; Eastern Europe; Middle East; North America; Western Europe,Manufacturer: Ingredients / Additives,"Additives incl. Flavourings & Colours | Algae, Botanicals, Carotenoids, Flavonoids | Bioactive Compounds - Other | Fats & Oils: Fats & Oils - Algae | Proteins, Enzymes, Amino Acids | Finished Food Categories: Plant-based foods | Specialised Finished Products: Dietary supplements | Dosage Formats: Oil | Physical Formats: Concentrated | Cardiovascular Health | Cognitive & Mental Health | Eye Health | Healthy Ageing | Immune Support | Sports Nutrition",Vitafoods Europe 2027 - 18-20 May 2027 - Visit us at stand 3G182 | Vitafoods Asia 2026 - 02 - 04 Sept 2026 - We were at stand H7-N25F | Vitafoods Europe 2026 - 05 - 07 May 2026 - We were at stand 3F138 | Vitafoods Europe 2025 - 20 - 22 May 2025 - We were at stand 3K120,"Av. de la Transición Española, 24, Planta 3, 28108, Alcobendas, Spain",sales@solutexcorp.com,+34 91 806 04 77,,Spain,"Additives incl. Flavourings & Colours | Algae, Botanicals, Carotenoids, Flavonoids | Bioactive Compounds - Other | Fats & Oils | Proteins, Enzymes, Amino Acids",Finished Food Categories | Plant-based foods | Specialised Finished Products | Dietary supplements,Dosage Formats | Oil | Physical Formats | Concentrated,Cardiovascular Health | Cognitive & Mental Health | Eye Health | Healthy Ageing | Immune Support | Sports Nutrition,,Health & Safety | Kosher | Natural | Non-GMO | Organic | SQF certified | Sustainable | Sustainable Seafood | Vegan,https://www.ingredientsnetwork.com/solutex-gc-sl-comp307595.html
307628,Concordix by Vitux,"Concordix is the first and only dietary supplement Designed for Your Body. Developed using high-tech Nordic food science, Concordix Supplements utilize our patented emulsion technology to deliver nutrients within billions of oil droplets in a gelatin matrix, mirroring the structure of food for optimal digestion and nutrient absorption. This eliminates the unpleasant side effects typically associated with less digestible supplement formats and has been clinically shown to increase nutrient uptake by 44.9% compared to softgels. Concordix Supplements can hold up to 800 mg of fish oil and 600 mg of omega-3 in a single piece, equivalent to taking approximately 20 standard gummy vitamins, but without any sugar. Additionally, Concordix Supplements are individually sealed in blister sheets to protect the delicate nutrients from oxidation and ensure stability throughout the product's shelf life.",Africa; Asia; Australia; Central/South America; Eastern Europe; Middle East; North America; Western Europe,Contract Manufacturer,"Additives incl. Flavourings & Colours | Algae, Botanicals, Carotenoids, Flavonoids: Algae | Fats & Oils | Vitamins, Minerals | Specialised Finished Products: Dietary supplements, Functional beverages, Functional confectionery, Functional food, Nutricosmetics, Other Specialised Finished Products, Protein products | Contract manufacturing | Dosage Formats: Chewables, Gummies | Bone & Joint Health | Cardiovascular Health | Children's Health | Cognitive & Mental Health | Eye Health | Healthy Ageing | Immune Support | Metabolic Health | Skin Health | Sleep Health | Sports Nutrition | Women's Health",Vitafoods Europe 2027 - 18-20 May 2027 - Visit us at stand 3D191 | Vitafoods Asia 2026 - 02 - 04 Sept 2026 - We were at stand H1-D07 | Vitafoods Europe 2026 - 05 - 07 May 2026 - We were at stand 3G122 | Vitafoods Europe 2025 - 20 - 22 May 2025 - We were at stand 3D91,"Brynsveien 11, 667, Oslo, Norway",info@concordix.com,,https://concordix.com/,Norway,"Additives incl. Flavourings & Colours | Algae, Botanicals, Carotenoids, Flavonoids | Fats & Oils | Vitamins, Minerals",Specialised Finished Products | Dietary supplements | Functional beverages | Functional confectionery | Functional food | Nutricosmetics | Other Specialised Finished Products | Protein products,Dosage Formats | Chewables | Gummies,Bone & Joint Health | Cardiovascular Health | Children's Health | Cognitive & Mental Health | Eye Health | Healthy Ageing | Immune Support | Metabolic Health | Skin Health | Sleep Health | Sports Nutrition | Women's Health,Contract manufacturing,Sustainable Seafood | Vegan | Vegetarian,https://www.ingredientsnetwork.com/concordix-by-vitux-comp307628.html
249171,Parmovo S.R.L,"Parmovo was founded in 1978 in Colorno, in the province of Parma, and has been conducting the business of selecting and selling eggs from the same place ever since. In 1980, Parmovo began transforming eggs into egg-product derivatives, pasteurized, homogenized, yolks, whites and whole eggs, intended as ingredients for food using a pasteurized egg base such as pasta, desserts, biscuits, ice-cream, mayonnaise, etc.",Asia; Australia; Central/South America; Eastern Europe; Middle East; North America; Western Europe,Raw Material Supplier,"Eggs & Egg Products | Proteins, Enzymes, Amino Acids | Finished Food Categories: Egg products | Specialised Finished Products: Protein products | Dosage Formats: Liquids, Powders",Fi Europe 2026 - 17-19 November 2026 - Visit us at stand 30D98,"Frazione Sanguigna 21/A, 43052, Colorno (Parma), Italy",info@parmovo.com,+39 0521 816421,https://www.parmovo.com,Italy,"Eggs & Egg Products | Proteins, Enzymes, Amino Acids",Finished Food Categories | Egg products | Specialised Finished Products | Protein products,Dosage Formats | Liquids | Powders,,,Animal welfare,https://www.ingredientsnetwork.com/parmovo-s-r-l-comp249171.html
280113,ADM,"At ADM, we unlock the power of nature to provide access to nutrition worldwide. With industry-advancing innovations, a complete portfolio of ingredients and solutions to meet any taste, and a commitment to sustainability, we give customers an edge in solving the nutritional challenges of today and tomorrow. We’re a global leader in human and animal nutrition and the world’s premier agricultural origination and processing company. Our breadth, depth, insights, facilities and logistical expertise give us unparalleled capabilities to meet needs for food, beverages, health and wellness, and more. From the seed of the idea to the outcome of the solution, we enrich the quality of life the world over.",Africa; Asia; Australia; Central/South America; Eastern Europe; Middle East; North America; Western Europe,Manufacturer: Food & Beverage Finished Products; Manufacturer: Ingredients / Additives,"Additives incl. Flavourings & Colours: Colours, Flavourings, Sweeteners | Algae, Botanicals, Carotenoids, Flavonoids | Dietary Fibres, Prebiotics | Fungi & Yeasts, Microorganisms & Probiotics, Mushrooms | Ingredient Mixtures, Synbiotics | Finished Food Categories: Cereal and grain products, Dairy, Plant-based foods | Specialised Finished Products: Biotic products, Dietary supplements, Functional beverages, Functional food | Blending & mixing | Co-packing | Consulting | Contract manufacturing | Flavour development | Quality assurance | Cardiovascular Health | Cognitive & Mental Health | Digestive Health | Immune Support | Metabolic Health | Sports Nutrition",Fi Europe 2026 - 17-19 November 2026 - Visit us at stand 31G90 | Vitafoods Europe 2026 - 05 - 07 May 2026 - We were at stand 3C210,"Rudolf-wild-Strasse 107-115, 69214, Heidelberg/ Eppelheim, Germany",esther.dechaud@adm.com,+49 6221 799 9488,,Germany,"Additives incl. Flavourings & Colours | Algae, Botanicals, Carotenoids, Flavonoids | Dietary Fibres, Prebiotics | Fungi & Yeasts, Microorganisms & Probiotics, Mushrooms | Ingredient Mixtures, Synbiotics",Finished Food Categories | Cereal and grain products | Dairy | Plant-based foods | Specialised Finished Products | Biotic products | Dietary supplements | Functional beverages | Functional food,,Cardiovascular Health | Cognitive & Mental Health | Digestive Health | Immune Support | Metabolic Health | Sports Nutrition,Blending & mixing | Co-packing | Consulting | Contract manufacturing | Flavour development | Quality assurance,Natural | Vegan,https://www.ingredientsnetwork.com/adm-comp280113.html
251181,"HIGH HOPE FOODS (NANJING) CO.,LTD.","HIGH HOPE FOODS is a leading supplier of Hydrocolloids and Cellulose Derivatives based in China, with over 20 years of experience serving international markets. Our main product lines include Carrageenan, Sodium Alginate, Konjac Gum and Cellulose Derivatives such as CMC, MCC, MCC Gel, MC, HPC and HPMC. These products are widely used in various food applications, including meat processing, dairy, bakery, and confectionery. We are committed to delivering high-quality products manufactured under internationally recognized management systems such as ISO, HACCP, and BRC. All our offerings are also certified HALAL and KOSHER, meeting the highest standards for global markets. Our dedication to quality, competitive pricing, and professional service has earned us long-term partnerships with reputable clients across Europe, North America, and other international regions. HIGH HOPE FOODS – the professional & reliable partner you can trust.",Asia; Australia; Eastern Europe; North America; Western Europe,Distributor,"Additives incl. Flavourings & Colours: Emulsifiers, Stabilisers, Thickeners, Other Additives | Dietary Fibres, Prebiotics: Dietary Fibres | Ingredient Mixtures, Synbiotics | Proteins, Enzymes, Amino Acids | Dosage Formats: Powders",Fi Europe 2026 - 17-19 November 2026 - Visit us at stand 41D31,"No.99 Changjiang Road, 210005, Nanjing, China",info@highhopefoods.cn,"+86 25 51860486, 51863496, 51865285",https://www.highhopefoods.cn,China,"Additives incl. Flavourings & Colours | Dietary Fibres, Prebiotics | Ingredient Mixtures, Synbiotics | Proteins, Enzymes, Amino Acids",,Dosage Formats | Powders,,,Halal | Kosher | Vegan | Vegetarian,https://www.ingredientsnetwork.com/high-hope-foods-nanjing-co-ltd-comp251181.html
267857,OMNIA,"Omnia Nisasta Sanayi ve Ticaret AS was established by Tosmur Group in 2014 , on 50.000 square mettres of indoor area, which is located at Organised Industrial Zone, ADANA/TURKEY Omnia Nisasta is the newest plant in the World, which produces ; Corn Syrups, Native Corn Starch, Maltodextrine and Crystalline Fructose by using state of the art technolgy. Tosmur Group is the supplier of several products to World Leading multinational companies such as ; Danone, Coca Cola, Pepsi, Agrana, Ferrero, Nestle, Unilever with an experience of 26 years in the production of corn based food stuffs. Omnia Nisasta is the second investment of Group’s corn based food stuff production. Omnia Nisasta is one of the six major Crystalline Fructose Producers in the World.Omnia Nisasta is also ,the only Maltodextrine producer in Turkey. Omnia Nisasta has ISO 9001, ISO 14001, OHSAS 18001, FSSC 22000, HALAL and KOSHER certificates.",Africa; Asia; Australia; Central/South America; Eastern Europe; Middle East; North America; Western Europe,,"Additives incl. Flavourings & Colours | Carbohydrates, Sugars: Oligo- and polysaccharides, Sugars | Cereals & Grains, Pulses | Fruit, Seeds, Nuts & Peanuts, Vegetables | Syrups & Others: Corn syrup | Finished Food Categories: Prepared foods | Fermentation | Dosage Formats: Powders | Physical Formats: Liquid | Sports Nutrition",Fi Europe 2026 - 17-19 November 2026 - Visit us at stand 31D64,"Haci Sabanci Osb Yunus Emre Cad N.8 Saricam, 01410, Adana, Türkiye",,0097254633886,,Türkiye,"Additives incl. Flavourings & Colours | Carbohydrates, Sugars | Cereals & Grains, Pulses | Fruit, Seeds, Nuts & Peanuts, Vegetables | Syrups & Others",Finished Food Categories | Prepared foods,Dosage Formats | Powders | Physical Formats | Liquid,Sports Nutrition,Fermentation,Non-GMO,https://www.ingredientsnetwork.com/omnia-comp267857.html
251426,Unigrà S.p.A.,"Unigrà S.p.A. is an Italian company with an international presence through five production plants (3 in Italy, 1 in Brazil and 1 in Malaysia), 34 foreign subsidiaries and a large network of distributors and importers. It is leader in the production and sales of vegetable fats and oils, margarines, UHT plant based toppings, ice-cream bases and pastes, vegetable extracts, chocolate and compound chocolate, spreadable creams, sugar pastes, powder mixes and improvers for bakery and confectionery industry and artisans. The “vertical” integration of all the productive and distributive departments allows Unigrà to take advantage of synergies among the different productions units and to get a better and deeper knowledge of the products offered. The Industry Business Unit manages the sales of specific products for this channel, also working closely with customers to develop tailor-made products.",Africa; Asia; Australia; Central/South America; Eastern Europe; Middle East; North America; Western Europe,Manufacturer: Food & Beverage Finished Products; Raw Material Supplier,"Additives incl. Flavourings & Colours: Other Additives | Algae, Botanicals, Carotenoids, Flavonoids | Cereals & Grains, Pulses | Fats & Oils: Fats & Oils - Animal, Fats & Oils - Plant | Fruit, Seeds, Nuts & Peanuts, Vegetables | Ingredient Mixtures, Synbiotics | Finished Food Categories: Confectionery, Cooking Fats & Oils, Plant-based foods | Specialised Finished Products: Dietary supplements | Dosage Formats: Beverages | Physical Formats: Chunked, Extracted, Extruded, Flaked",Fi Europe 2026 - 17-19 November 2026 - Visit us at stand 31D6,"Via Gardizza 9/B, 48017, Conselice (RA), Italy",info@unigra.it,+39 0545989511,https://www.unigra.it,Italy,"Additives incl. Flavourings & Colours | Algae, Botanicals, Carotenoids, Flavonoids | Cereals & Grains, Pulses | Fats & Oils | Fruit, Seeds, Nuts & Peanuts, Vegetables | Ingredient Mixtures, Synbiotics",Finished Food Categories | Confectionery | Cooking Fats & Oils | Plant-based foods | Specialised Finished Products | Dietary supplements,Dosage Formats | Beverages | Physical Formats | Chunked | Extracted | Extruded | Flaked,,,Gluten-free | Halal | Health & Safety | Kosher | Organic | Quality Assurance | Sustainable | Traceable,https://www.ingredientsnetwork.com/unigra-s-p-a-comp251426.html
248766,Ceamsa,"Founded in 1967, CEAMSA produces and delivers a complete range of high quality carrageenan, pectin, ﬁbre, alginate and refined locust bean gum to the food industry. CEAMSA products are demanded in the different markets due to their stabilizing, gel forming, thickening and texturizing properties. From its Headquarters in Porriño, the Company distributes its products all around the world with an exclusive customer service that offers tailor made solutions developed in the CEAMSA Innovation Center. Its production plants, located in Spain and in the Philippines, are based on self-developed technology, CEAMSA provides you its Know-How, Laboratories and a Professional Team to meet your needs and offer the best technical solution. CEAMSA is the perfect partner for your industry.",Africa; Asia; Australia; Central/South America; Eastern Europe; Middle East; North America; Western Europe,Manufacturer: Ingredients / Additives,"Additives incl. Flavourings & Colours: Emulsifiers, Stabilisers, Thickeners | Dietary Fibres, Prebiotics: Dietary Fibres | Fruit, Seeds, Nuts & Peanuts, Vegetables | Ingredient Mixtures, Synbiotics | Proteins, Enzymes, Amino Acids | Physical Formats: Powdered | Digestive Health",Fi Europe 2026 - 17-19 November 2026 - Visit us at stand 31G20,"As Gandaras, E36418, Atios-Porrino (Pontevedra), Spain",ceamsa@ceamsa.com,+34 986344089,https://www.ceamsa.com,Spain,"Additives incl. Flavourings & Colours | Dietary Fibres, Prebiotics | Fruit, Seeds, Nuts & Peanuts, Vegetables | Ingredient Mixtures, Synbiotics | Proteins, Enzymes, Amino Acids",,Physical Formats | Powdered,Digestive Health,,Vegan | Vegetarian,https://www.ingredientsnetwork.com/ceamsa-comp248766.html
249198,Foodology by Univar Solutions,"A global menu of food and beverage ingredients, insights and test kitchen innovations. Ingredients, flavors and more for the food and beverage industries. Our global food ingredient and nutrition group is dedicated to helping you create the next winning recipe and food innovation. Foodology by Univar Solutions is your trusted partner, with food and beverage ingredient solutions for every eating occasion. Together, let's shape the future of food.",Africa; Eastern Europe; Middle East; Western Europe,Distributor,"Additives incl. Flavourings & Colours: Acidulants, Flavourings, Other Additives | Algae, Botanicals, Carotenoids, Flavonoids | Carbohydrates, Sugars | Cereals & Grains, Pulses | Dietary Fibres, Prebiotics: Dietary Fibres, Prebiotics | Fungi & Yeasts, Microorganisms & Probiotics, Mushrooms | Herbs, Spices | Ingredient Mixtures, Synbiotics | Proteins, Enzymes, Amino Acids: Enzymes | Syrups & Others: Agave syrup, Other Syrups & Others | Vitamins, Minerals | Specialised Finished Products: Dietary supplements | Dosage Formats: Liquids, Powders | Digestive Health | Metabolic Health | Sports Nutrition | Weight Management",Fi Europe 2026 - 17-19 November 2026 - Visit us at stand 31K4,"Aquarius House 6 Mid Point Park, BD37AY, Thornbury, Bradford, United Kingdom",pippa.bevan@univareurope.com,+44 1274267300,https://www.univar.com,United Kingdom,"Additives incl. Flavourings & Colours | Algae, Botanicals, Carotenoids, Flavonoids | Carbohydrates, Sugars | Cereals & Grains, Pulses | Dietary Fibres, Prebiotics | Fungi & Yeasts, Microorganisms & Probiotics, Mushrooms | Herbs, Spices | Ingredient Mixtures, Synbiotics | Proteins, Enzymes, Amino Acids | Syrups & Others | Vitamins, Minerals",Specialised Finished Products | Dietary supplements,Dosage Formats | Liquids | Powders,Digestive Health | Metabolic Health | Sports Nutrition | Weight Management,,Gluten-free | Natural | Non-GMO | Organic | Vegan | Vegetarian,https://www.ingredientsnetwork.com/foodology-by-univar-solutions-comp249198.html
307508,LC Ingredients,"Young and vibrant distributor vertically integrated in the manufacturing of highly bioavailable Keratine Oligopeptides with clinical studies for Hair, Skin, Nails and Joints. Thanks to our network we are able to offer ready to market solutions for Supplement and Cosmetic market. In the recent years we have expanded our portfolio including other ingredients such as: -antioxidant -anti-inflamatory -herbal remedies -postbiotics -fibres -organic vitamins and minerals -plant based solutions Today we offer our multiple options to a wider range of customers: from bulk ingredients, te ready to market solutions and fully serviced products.",Eastern Europe; Western Europe,Distributor,"Additives incl. Flavourings & Colours: Antioxidants | Algae, Botanicals, Carotenoids, Flavonoids: Botanicals | Bioactive Compounds - Other: Bioactives Other | Dietary Fibres, Prebiotics: Prebiotics | Fruit, Seeds, Nuts & Peanuts, Vegetables | Fungi & Yeasts, Microorganisms & Probiotics, Mushrooms: Mushrooms | Ingredient Mixtures, Synbiotics | Proteins, Enzymes, Amino Acids: Amino acids | Vitamins, Minerals | Finished Food Categories: Pet Food, Plant-based foods | Specialised Finished Products: Biotic products, Dietary supplements, Functional food | Contract manufacturing | Encapsulating | Extracting | Dosage Formats: Gummies, Powders | Physical Formats: Dried - freeze dried | Bone & Joint Health | Cognitive & Mental Health | Digestive Health | Healthy Ageing | Immune Support | Men's Health | Metabolic Health | Skin Health | Sleep Health | Sports Nutrition | Weight Management | Women's Health",Vitafoods Europe 2027 - 18-20 May 2027 - Visit us at stand 2G187 | Vitafoods Europe 2026 - 05 - 07 May 2026 - We were at stand 3J145 | Vitafoods Europe 2025 - 20 - 22 May 2025 - We were at stand CC.B2,"392 avenue des Genevriers, 13600, La Ciotat, France",contact@lcingredients.com,+33 6 26 18 15 00,https://www.lcingredients.com,France,"Additives incl. Flavourings & Colours | Algae, Botanicals, Carotenoids, Flavonoids | Bioactive Compounds - Other | Dietary Fibres, Prebiotics | Fruit, Seeds, Nuts & Peanuts, Vegetables | Fungi & Yeasts, Microorganisms & Probiotics, Mushrooms | Ingredient Mixtures, Synbiotics | Proteins, Enzymes, Amino Acids | Vitamins, Minerals",Finished Food Categories | Pet Food | Plant-based foods | Specialised Finished Products | Biotic products | Dietary supplements | Functional food,Dosage Formats | Gummies | Powders | Physical Formats | Dried - freeze dried,Bone & Joint Health | Cognitive & Mental Health | Digestive Health | Healthy Ageing | Immune Support | Men's Health | Metabolic Health | Skin Health | Sleep Health | Sports Nutrition | Weight Management | Women's Health,Contract manufacturing | Encapsulating | Extracting,Allergen-free | Gluten-free | Halal | Health & Safety | Kosher | Natural | Organic | Quality Assurance | Sustainable | Sustainable Seafood | Vegan | Vegetarian,https://www.ingredientsnetwork.com/lc-ingredients-comp307508.html
251365,Shafi Gluco Chem,"Shafi Gluco Chem is the world's leading manufacturer and distributor of sweeteners and proteins . We have been specializing in Rice and Tapioca ingredients since 2003. Through our vision, strategic direction, and unwavering commitment, we are committed to producing the most dependable quality and innovative range of food ingredients covering the various segments of the food industry. In line with our organic philosophy, we have pioneered several innovations, driving the industry trends forward. We ensure top quality procurement from our organic fields; a chemical-free natural production process; and promise a simple and cleaner label while enabling numerous functionalities for all food and drink formulations. We are deeply committed to safety, quality, integrity, and excellence in everything we do! The Shafi range offers both Organic and Conventional: Rice Syrups Tapioca Syrups Rice Proteins (Food & Feed) Rice & Tapioca Maltodextrins and Syrup Solid Rice Flour Tapioca & Rice Starch Rice Milk Powder Organic Rice (Basmati, Long Grain, Broken)",Africa; Asia; Australia; Central/South America; Eastern Europe; Middle East; North America; Western Europe,Manufacturer: Ingredients / Additives,"Additives incl. Flavourings & Colours: Emulsifiers, Stabilisers, Thickeners, Other Additives | Carbohydrates, Sugars: Oligo- and polysaccharides | Cereals & Grains, Pulses | Dietary Fibres, Prebiotics: Dietary Fibres | Ingredient Mixtures, Synbiotics | Proteins, Enzymes, Amino Acids: Amino acids | Syrups & Others: Agave syrup, Corn syrup, Molasses, Other Syrups & Others | Finished Food Categories: Beverages / Juices, Cereal and grain products, Plant-based foods | Specialised Finished Products: Functional beverages, Functional food, Protein products | Dosage Formats: Liquids, Powders | Physical Formats: Liquid | Children's Health | Digestive Health | Metabolic Health | Sports Nutrition | Weight Management",Fi Europe 2026 - 17-19 November 2026 - Visit us at stand 30G86,"35 A/3 M.T. Khan Road Opposite Beach Luxury hotel, 74000, Karachi, Pakistan",sales@glucochem.com,+92 853 303719,https://glucochem.com,Pakistan,"Additives incl. Flavourings & Colours | Carbohydrates, Sugars | Cereals & Grains, Pulses | Dietary Fibres, Prebiotics | Ingredient Mixtures, Synbiotics | Proteins, Enzymes, Amino Acids | Syrups & Others",Finished Food Categories | Beverages / Juices | Cereal and grain products | Plant-based foods | Specialised Finished Products | Functional beverages | Functional food | Protein products,Dosage Formats | Liquids | Powders | Physical Formats | Liquid,Children's Health | Digestive Health | Metabolic Health | Sports Nutrition | Weight Management,,Gluten-free | Halal | Kosher | Natural | Non-GMO | Organic | Quality Assurance | Sustainable | Traceable | Vegan,https://www.ingredientsnetwork.com/shafi-gluco-chem-comp251365.html
251398,STOCKMEIER Food,"Stockmeier Food is a private owned German flavour house with more than 30 years of experience. A team of specialists in different food technologies support your development. We are a leading partner for customised flavor development and production. Our product portfolio contains sweet and savoury flavours with professional solutions and individual flavours and application service for snacks, confectionery, bakery, dairy, and savoury convenience products. Together with local partners we exported to more than 50 countries.",Africa; Asia; Australia; Central/South America; Eastern Europe; Middle East; North America; Western Europe,,"Additives incl. Flavourings & Colours: Flavourings | Carbohydrates, Sugars | Dietary Fibres, Prebiotics: Dietary Fibres | Herbs, Spices: Spices | Syrups & Others: Corn syrup | Finished Food Categories: Bakery, Confectionery, Dairy, Prepared foods | Blending & mixing | Contract manufacturing | Granulating/ grinding/ milling / mixing | Dosage Formats: Powders",Fi Europe 2026 - 17-19 November 2026 - Visit us at stand 41M6,"Zeppelinstraße 7, 32051, Herford,, Germany",food@stockmeier.de,+49 52 21 / 93 39 - 0,https://www.stockmeier-food.com,Germany,"Additives incl. Flavourings & Colours | Carbohydrates, Sugars | Dietary Fibres, Prebiotics | Herbs, Spices | Syrups & Others",Finished Food Categories | Bakery | Confectionery | Dairy | Prepared foods,Dosage Formats | Powders,,Blending & mixing | Contract manufacturing | Granulating/ grinding/ milling / mixing,,https://www.ingredientsnetwork.com/stockmeier-food-comp251398.html
268012,Tiba Starch & Glucose Manufacturing Co.,"Tiba Starch & glucose S.A.E is an Egyptian Manufacturer of Food and Beverage rice-based ingredients. We produce Modified and Native Starches, Proteins, sweeteners, and fats.Our range of products is Clean-label, non-GMO, Hypoallergenic, lactose-free, and Gluten-free. In 1997, Tiba was founded as a Rice mill. From that point on, we have gone through many development stages, leading to the current product range. our partners are present around the world in Germany, Belgium, Brazil, USA, Canada, Italy, Greece, Latvia, UK, Spain, Turkey, the Netherlands, Bulgaria, Austria, China, Taiwan, Russia, and North and East Africa. Tiba's Team develops customized solutions for different applications. This helped us be suited to many industries and build strong relationships with our partners.",Asia; Central/South America; Eastern Europe; Middle East; North America; Western Europe,Manufacturer: Ingredients / Additives,"Additives incl. Flavourings & Colours: Emulsifiers, Stabilisers, Thickeners | Carbohydrates, Sugars | Dietary Fibres, Prebiotics: Dietary Fibres | Fats & Oils | Ingredient Mixtures, Synbiotics | Proteins, Enzymes, Amino Acids: Amino acids | Syrups & Others: Corn syrup | Finished Food Categories: Cereal and grain products, Plant-based foods | Specialised Finished Products: Dietary supplements, Functional food, Protein products | Encapsulating | Dosage Formats: Powders | Immune Support | Sports Nutrition",Fi Europe 2026 - 17-19 November 2026 - Visit us at stand 31K90,"1st Industrial Zone- Piece No. 35&36&37 Al-Salheya Al-Gadeda, 44813, Sharkia, Egypt",info@tiba-eg.com,+2 055 320 1615,https://www.tiba-egy.com // www.tiba-trade.com,Egypt,"Additives incl. Flavourings & Colours | Carbohydrates, Sugars | Dietary Fibres, Prebiotics | Fats & Oils | Ingredient Mixtures, Synbiotics | Proteins, Enzymes, Amino Acids | Syrups & Others",Finished Food Categories | Cereal and grain products | Plant-based foods | Specialised Finished Products | Dietary supplements | Functional food | Protein products,Dosage Formats | Powders,Immune Support | Sports Nutrition,Encapsulating,Gluten-free | Non-GMO | Vegetarian,https://www.ingredientsnetwork.com/tiba-starch-glucose-manufacturing-co-comp268012.html
279313,Zentis,"Zentis, headquartered in Aachen, stands for unique expertise in the refinement of fruit and other natural raw materials. Founded in Aachen in 1893, the company is still family-owned and is now one of the leading manufacturers of fruit preparations and marzipan raw materials for the processing industry and trade. In addition to innovative ingredient solutions for the dairy and bakery industries and food service, Zentis is known for its fruity spreads and confectionery. With six production sites in Europe and the USA, Zentis is now active in over 60 countries.",Africa; Asia; Australia; Central/South America; Eastern Europe; Middle East; North America; Western Europe,Manufacturer: Ingredients / Additives,"Additives incl. Flavourings & Colours | Algae, Botanicals, Carotenoids, Flavonoids: Botanicals | Bioactive Compounds - Other: Bioactives Other | Cereals & Grains, Pulses | Fruit, Seeds, Nuts & Peanuts, Vegetables: Nuts & Peanuts, Vegetables | Herbs, Spices | Ingredient Mixtures, Synbiotics: Functional (formulated) Ingredient Mixtures | Finished Food Categories: Beverages / Juices, Cereal and grain products, Confectionery, Dairy, Fruits & Vegetables, Plant-based foods | Specialised Finished Products: Dietary supplements, Functional food | Blending & mixing | Contract manufacturing | Extracting",Fi Europe 2026 - 17-19 November 2026 - Visit us at stand 31L90,"Julicher Strasse 177, 52070, AACHEN, Germany",info@zentis.de,49 241 4760 0,https://zentis.com,Germany,"Additives incl. Flavourings & Colours | Algae, Botanicals, Carotenoids, Flavonoids | Bioactive Compounds - Other | Cereals & Grains, Pulses | Fruit, Seeds, Nuts & Peanuts, Vegetables | Herbs, Spices | Ingredient Mixtures, Synbiotics",Finished Food Categories | Beverages / Juices | Cereal and grain products | Confectionery | Dairy | Fruits & Vegetables | Plant-based foods | Specialised Finished Products | Dietary supplements | Functional food,,,Blending & mixing | Contract manufacturing | Extracting,Natural | Organic,https://www.ingredientsnetwork.com/zentis-comp279313.html
251479,Caldic,"""Because we care"", we touch the lives of hundreds of thousands of people every day. We inspire innovative and sustainable distribution solutions in life and material sciences for the food, pharma, personal care and industrial product formulation markets of the world. Our solutions, carefully sourced and customized to specifications whenever required, are backed by outstanding research & development, customer service, and technical & regulatory support, ensuring that they meet precisely determined needs at every stage of the value chain. Across 43 countries in Europe, Latin America, North America and Asia-Pacific, our approximately 3,500 employees go the extra mile day in, day out, to deliver added-value solutions for our customers. In our activities, we embrace the principles of sustainability, designing products, services and processes with these in mind. From formulation to delivery, from ingredient to packing, from supplier to customer, we care about every detail of what we do. Because every detail is in our care. For more information, please visit www.caldic.com",Asia; Australia; Central/South America; North America; Western Europe,Distributor,"Additives incl. Flavourings & Colours: Anti-caking agents, Antioxidants, Colours, Emulsifiers, Stabilisers, Thickeners, Flavour Enhancers, Flavourings, Other Additives | Algae, Botanicals, Carotenoids, Flavonoids | Bioactive Compounds - Other | Carbohydrates, Sugars: Oligo- and polysaccharides | Cereals & Grains, Pulses: Cereals & Grains | Dietary Fibres, Prebiotics: Dietary fibres | Fats & Oils: Fats & Oils - Animal, Fats & Oils - Plant | Fruit, Seeds, Nuts & Peanuts, Vegetables: Nuts & Peanuts, Seeds | Fungi & Yeasts, Microorganisms & Probiotics, Mushrooms: Fungi & Yeasts, Microorganisms & Probiotics | Herbs, Spices: Herbs, Spices | Ingredient Mixtures, Synbiotics | Proteins, Enzymes, Amino Acids: Amino acids, Enzymes, Proteins - Animal | Syrups & Others: Cane sugar, Honey, Molasses, Other Syrups & Others | Vitamins, Minerals | Finished Food Categories: Confectionery, Dairy, Plant-based foods | Specialised Finished Products: Dietary supplements | Analysis/ Testing | Blending & mixing | Contract manufacturing | Granulating/ grinding/ milling / mixing | Packaging | Quality assurance | Dosage Formats: Liquids, Powders | Physical Formats: Concentrated, Dried - air dried, Dried - freeze dried, Extracted, Ground, Liquid, Roasted | Bone & Joint Health | Cardiovascular Health | Digestive Health | Healthy Ageing | Immune Support | Metabolic Health",Fi Europe 2026 - 17-19 November 2026 - Visit us at stand 41K6,"Weena 800, 3014 DA, Rotterdam, Netherlands",info@caldic.nl,+31 (0)10 711 7258,https://www.caldic.com,Netherlands,"Additives incl. Flavourings & Colours | Algae, Botanicals, Carotenoids, Flavonoids | Bioactive Compounds - Other | Carbohydrates, Sugars | Cereals & Grains, Pulses | Dietary Fibres, Prebiotics | Fats & Oils | Fruit, Seeds, Nuts & Peanuts, Vegetables | Fungi & Yeasts, Microorganisms & Probiotics, Mushrooms | Herbs, Spices | Ingredient Mixtures, Synbiotics | Proteins, Enzymes, Amino Acids | Syrups & Others | Vitamins, Minerals",Finished Food Categories | Confectionery | Dairy | Plant-based foods | Specialised Finished Products | Dietary supplements,Dosage Formats | Liquids | Powders | Physical Formats | Concentrated | Dried - air dried | Dried - freeze dried | Extracted | Ground | Liquid | Roasted,Bone & Joint Health | Cardiovascular Health | Digestive Health | Healthy Ageing | Immune Support | Metabolic Health,Analysis/ Testing | Blending & mixing | Contract manufacturing | Granulating/ grinding/ milling / mixing | Packaging | Quality assurance,Fair Trade | Organic,https://www.ingredientsnetwork.com/caldic-comp251479.html
295606,DKSH,"For more than 160 years, DKSH has been delivering growth for companies in Asia Pacific, Europe, and North America across its Business Units Healthcare, Consumer Goods, Performance Materials, and Technology. As a leading Market Expansion Services provider, DKSH offers sourcing, market insights, marketing and sales, e-commerce, distribution and logistics as well as after-sales services, following its purpose of enriching people’s lives. DKSH is a participant of the United Nations Global Compact and adheres to its principles-based approach to responsible business. Listed on the SIX Swiss Exchange, DKSH operates in 35 markets with 26,840 specialists, generating net sales of CHF 11.1 billion in 2025. DKSH Business Unit Performance Materials distributes specialty chemicals and ingredients for food, pharmaceutical, personal care, and various industrial applications. With 62 innovation centers and regulatory support worldwide, DKSH creates cutting-edge formulations that comply with local regulations. With around 1,830 specialists, the Business Unit generated net sales of CHF 1.4 billion in 2025. www.dksh.com/pm DKSH is your leading global distributor of innovative ingredients and formulations for the food and beverage industry . Our functional products enhance your product performance and have a wide range of applications across major food segments . From food raw materials to food additives and institutional products , you can benefit from our exciting product portfolio an our range of tailored value-added services from regulatory support and consulting to sourcing new and hard-to-find ingredients and innovation and formulation capabilities.",Asia; Australia; Eastern Europe; North America; Western Europe,Distributor,"Additives incl. Flavourings & Colours: Emulsifiers, Stabilisers, Thickeners, Other Additives | Bioactive Compounds - Other | Carbohydrates, Sugars | Dietary Fibres, Prebiotics: Dietary Fibres | Fruit, Seeds, Nuts & Peanuts, Vegetables | Fungi & Yeasts, Microorganisms & Probiotics, Mushrooms | Ingredient Mixtures, Synbiotics | Proteins, Enzymes, Amino Acids: Amino acids | Finished Food Categories: Dairy, Nuts & Seeds products, Pet Food, Plant-based foods | Specialised Finished Products: Dietary supplements, Functional beverages, Functional food, Functional powders, Protein products | Quality assurance | Dosage Formats: Gummies, Powders | Physical Formats: Ground | Bone & Joint Health | Sports Nutrition",Fi Europe 2026 - 17-19 November 2026 - Visit us at stand 31G12,"Baumwall 3, 20459, Hamburg, Germany",info.de@dksh.com,+49-(0)40-3747 340,https://www.dksh.com,Germany,"Additives incl. Flavourings & Colours | Bioactive Compounds - Other | Carbohydrates, Sugars | Dietary Fibres, Prebiotics | Fruit, Seeds, Nuts & Peanuts, Vegetables | Fungi & Yeasts, Microorganisms & Probiotics, Mushrooms | Ingredient Mixtures, Synbiotics | Proteins, Enzymes, Amino Acids",Finished Food Categories | Dairy | Nuts & Seeds products | Pet Food | Plant-based foods | Specialised Finished Products | Dietary supplements | Functional beverages | Functional food | Functional powders | Protein products,Dosage Formats | Gummies | Powders | Physical Formats | Ground,Bone & Joint Health | Sports Nutrition,Quality assurance,Gluten-free | Non-GMO | Organic | Traceable | Vegan,https://www.ingredientsnetwork.com/dksh-comp295606.html
296045,EFFEPHARM LIMITED,"At Effepharm, we apply science and technologies to improve health and well-being at every stage of life with innovative thinking. Our dedicated team strive to set the standard for quality, safety and value in the discovery, development and manufacturing of health ingredients for people. Sparing no effort to deliver more reliable and affordable health ingredients around the world, Effepharm is making a difference for all who rely on us.",,Manufacturer: Ingredients / Additives,"Bioactive Compounds - Other | Ingredient Mixtures, Synbiotics | Specialised Finished Products: Dietary supplements | Clinical trials | Contract manufacturing | Encapsulating | Extracting | Digestive Health | Healthy Ageing | Skin Health | Sports Nutrition",Vitafoods Europe 2027 - 18-20 May 2027 - Visit us at stand 2D196 | Vitafoods Europe 2026 - 05 - 07 May 2026 - We were at stand 3G96 | Vitafoods Europe 2025 - 20 - 22 May 2025 - We were at stand 3G84,"RM 1607 TREND CTR 29-31 Cheung Le St, 000, Chau Wan, Hong Kong",hannah.lu@effepharm.com,+86 13162786296,https://effepharm.com,Hong Kong,"Bioactive Compounds - Other | Ingredient Mixtures, Synbiotics",Specialised Finished Products | Dietary supplements,,Digestive Health | Healthy Ageing | Skin Health | Sports Nutrition,Clinical trials | Contract manufacturing | Encapsulating | Extracting,,https://www.ingredientsnetwork.com/effepharm-limited-comp296045.html
249449,Foodchem International Corporation,"FOODCHEM is a Chinese leading company in sales, marketing and distribution of innovative and standard food additives and ingredients. With over 200 products and world-class supplier base, FOODCHEM offers one-stop-shop solutions to more than 1,000 customers in global food& beverage, pharmaceutical, cosmetics, animal nutrition and chemical industry which covers 120 countries and regions in the world. FOODCHEM mainly focus on top quality products and excellent supply chain management, we are very strong and active in Vitamins, Thickeners, Proteins, Acidulants, Preservatives, Antioxidants, Sweeteners, Phosphates, Flavorings & Aromas, Plant Extracts, Amino Acids, Colorants, Emulsifiers, Nutritional Supplements. We look forward to the opportunity to discuss how FOODCHEM can become a partner in your supply chain solution. We are confident that our ingredients will bring you success!",Africa; Asia; Australia; Central/South America; Eastern Europe; Middle East; North America; Western Europe,Distributor,"Additives incl. Flavourings & Colours: Emulsifiers, Stabilisers, Thickeners, Flavour Enhancers, Flavourings, Other Additives, Preservatives | Algae, Botanicals, Carotenoids, Flavonoids: Botanicals, Flavonoids | Bioactive Compounds - Other | Carbohydrates, Sugars | Cereals & Grains, Pulses | Dietary Fibres, Prebiotics: Dietary fibres | Eggs & Egg Products | Fats & Oils | Fruit, Seeds, Nuts & Peanuts, Vegetables | Herbs, Spices | Proteins, Enzymes, Amino Acids: Amino acids, Proteins - Animal | Vitamins, Minerals | Finished Food Categories: Dairy | Specialised Finished Products: Dietary supplements, Energy drinks, Functional beverages, Functional powders, Protein products | Extracting | Dosage Formats: Kernels, Liquids, Powders | Physical Formats: Flaked, Ground, Liquid, Solid | Bone & Joint Health | Cardiovascular Health | Cognitive & Mental Health | Digestive Health | Eye Health | Immune Support | Metabolic Health | Skin Health | Sleep Health | Sports Nutrition | Weight Management | Women's Health",Fi Europe 2026 - 17-19 November 2026 - Visit us at stand 31L6 | Vitafoods Europe 2025 - 20 - 22 May 2025 - We were at stand 3K200A,"Building9 ,2277 Zuchongzhi Road Zhangjiang Hi-Tech Park, 201203, SHANGHAI, China",,+86 21 31267000,https://www.foodchem.cn,China,"Additives incl. Flavourings & Colours | Algae, Botanicals, Carotenoids, Flavonoids | Bioactive Compounds - Other | Carbohydrates, Sugars | Cereals & Grains, Pulses | Dietary Fibres, Prebiotics | Eggs & Egg Products | Fats & Oils | Fruit, Seeds, Nuts & Peanuts, Vegetables | Herbs, Spices | Proteins, Enzymes, Amino Acids | Vitamins, Minerals",Finished Food Categories | Dairy | Specialised Finished Products | Dietary supplements | Energy drinks | Functional beverages | Functional powders | Protein products,Dosage Formats | Kernels | Liquids | Powders | Physical Formats | Flaked | Ground | Liquid | Solid,Bone & Joint Health | Cardiovascular Health | Cognitive & Mental Health | Digestive Health | Eye Health | Immune Support | Metabolic Health | Skin Health | Sleep Health | Sports Nutrition | Weight Management | Women's Health,Extracting,Natural,https://www.ingredientsnetwork.com/foodchem-international-corporation-comp249449.html
304610,Daesang Europe B.V,"DAESANG EUROPE B.V. is a part of the worldwide company of DAESANG Corporation in Seoul, South Korea. Since 1994, Daesang Europe is in the Netherlands as the European branch for the company. The company was formerly known as Euro-MIWON B.V. In 1998, it was changed to DAESANG Europe B.V. as part of the business restructure to focus on the core businesses. The brand name, MIWON is still used for some products to continue its excellent reputation that has been established by the customers throughout the decades. Daesang also has consumer food products under our brands – Jongga, O’Food and Chung Jung One.",,Manufacturer: Ingredients / Additives,"Additives incl. Flavourings & Colours: Acidulants, Flavourings | Algae, Botanicals, Carotenoids, Flavonoids | Carbohydrates, Sugars | Proteins, Enzymes, Amino Acids: Amino acids | Vitamins, Minerals | Finished Food Categories: Plant-based foods | Specialised Finished Products: Functional food",Fi Europe 2026 - 17-19 November 2026 - Visit us at stand 30D86,"Van Heuven Goedhartlaan 937, 1181LD, Amstelveen, Netherlands",yimi9009@hotmail.com,+31 20 640 6080,https://www.daesangeurope.com,Netherlands,"Additives incl. Flavourings & Colours | Algae, Botanicals, Carotenoids, Flavonoids | Carbohydrates, Sugars | Proteins, Enzymes, Amino Acids | Vitamins, Minerals",Finished Food Categories | Plant-based foods | Specialised Finished Products | Functional food,,,,Kosher | Natural | Vegan,https://www.ingredientsnetwork.com/daesang-europe-b-v-comp304610.html
307448,Fine Foods & Pharmaceuticals N.T.M. SpA.,"Fine Foods is a Benefit Corporation specialized in contract development and manufacturing of nutraceuticals, pharmaceuticals and cosmetics. Continuous innovation, reliability, employee motivation, financial solidity and investment capabilities: Fine Foods is a CDMO that supports customers in reaching their most ambitious growth targets. Our core values when dealing with all stakeholders are transparency, respect and sincerity. For us, holistic sustainability is not just a commitment to the environment, but also a positive contribution to the well-being of our employees and the community in which we operate. Every day we are committed to giving back the value we’ve been given. The main success driver at Fine Foods has been the relentless quest for innovation and customer satisfaction, along with the dedication to ethics and human capital.",Africa; Asia; Central/South America; Eastern Europe; Middle East; North America; Western Europe,Contract Manufacturer,"Specialised Finished Products: Biotic products, Dietary supplements, Functional beverages, Nutricosmetics, Protein products, Sugar replacers / Sweeteners | Co-packing | Encapsulating | Dosage Formats: Effervescents, Tablets | Cardiovascular Health | Cognitive & Mental Health | Digestive Health | Healthy Ageing | Immune Support | Metabolic Health | Sports Nutrition | Women's Health",Vitafoods Europe 2027 - 18-20 May 2027 - Visit us at stand 3G77 | Vitafoods Europe 2026 - 05 - 07 May 2026 - We were at stand 3G64 | Vitafoods Europe 2025 - 20 - 22 May 2025 - We were at stand 3A38,"Via Berlino 39, 24040, Zingonia-Verdellino - BG, Italy",info@finefoods.it,,https://www.finefoods.it,Italy,,Specialised Finished Products | Biotic products | Dietary supplements | Functional beverages | Nutricosmetics | Protein products | Sugar replacers / Sweeteners,Dosage Formats | Effervescents | Tablets,Cardiovascular Health | Cognitive & Mental Health | Digestive Health | Healthy Ageing | Immune Support | Metabolic Health | Sports Nutrition | Women's Health,Co-packing | Encapsulating,,https://www.ingredientsnetwork.com/fine-foods-pharmaceuticals-n-t-m-spa-comp307448.html
307463,Goerlich Pharma GmbH,"Goerlich Pharma is a food supplement supplier in Bavaria, Germany . The family-owned company focuses on the development, contract manufacturing and packaging of f ood supplements, food supplements for special medical purposes and feed supplements - in the form of oil mixtures, powders, capsules, tablets and sticks . Nearly 40 years of experience, first-class service and attention to the highest quality standards have made the family-owned business a reliable partner in the food supplements market. In addition to the well-known certifications, we also really focus on quality. Our quality management team consists of 15 committed employees. In order to ensure short-term communication, our customers have a fixed point of contact. As a long-term exclusive partner of EPAX Norway AS in the DACH region and a member of the Omega-3 Working Group, we are the Omega-3 experts in Germany . We produce a wide range of marine omega-3 products in different galenic forms and vegan algae oil. Goerlich Pharma has its own probiotics production area and is a strong German probiotics producer . We produce trend products in hard capsules and trend bars on the most modern machines. We have prepared many basic formulations ready-to-market - for your fast access to the market. For individual requirements, we offer Plus Products with valuable ingredients or develop new complex formulations together with our partners. We have always relied on high-performance packaging . We pack in jars, blisters, folding boxes and sticks. In addition, we offer many impeccable additional services. Are you looking for a food supplement contract manufacturer you can rely on 100%? We look forward to get in contact with you!",,Contract Manufacturer,"Algae, Botanicals, Carotenoids, Flavonoids | Bioactive Compounds - Other | Dietary Fibres, Prebiotics | Fats & Oils: Fats & Oils - Plant | Fungi & Yeasts, Microorganisms & Probiotics, Mushrooms | Ingredient Mixtures, Synbiotics | Proteins, Enzymes, Amino Acids | Vitamins, Minerals | Finished Food Categories: Plant-based foods | Specialised Finished Products: Dietary supplements | Analysis/ Testing | Blending & mixing | Co-packing | Coating | Consulting | Contract manufacturing | Encapsulating | Granulating/ grinding/ milling / mixing | Labelling | Packaging | Packet filling | Quality assurance | Storage & Logistics | Tabletting | Dosage Formats: Gummies, Liquids, Oil | Cardiovascular Health | Children's Health | Cognitive & Mental Health | Digestive Health | Healthy Ageing | Immune Support",Vitafoods Europe 2027 - 18-20 May 2027 - Visit us at stand 3G154 | Vitafoods Europe 2026 - 05 - 07 May 2026 - We were at stand 3G56 | Vitafoods Europe 2025 - 20 - 22 May 2025 - We were at stand 3C30,"Am Gewerbering 4-6, 83533, Edling, Germany",sales@goerlich-pharma.com,+49 (0) 8071-9083-0,https://www.goerlich-pharma.com,Germany,"Algae, Botanicals, Carotenoids, Flavonoids | Bioactive Compounds - Other | Dietary Fibres, Prebiotics | Fats & Oils | Fungi & Yeasts, Microorganisms & Probiotics, Mushrooms | Ingredient Mixtures, Synbiotics | Proteins, Enzymes, Amino Acids | Vitamins, Minerals",Finished Food Categories | Plant-based foods | Specialised Finished Products | Dietary supplements,Dosage Formats | Gummies | Liquids | Oil,Cardiovascular Health | Children's Health | Cognitive & Mental Health | Digestive Health | Healthy Ageing | Immune Support,Analysis/ Testing | Blending & mixing | Co-packing | Coating | Consulting | Contract manufacturing | Encapsulating | Granulating/ grinding/ milling / mixing | Labelling | Packaging | Packet filling | Quality assurance | Storage & Logistics | Tabletting,,https://www.ingredientsnetwork.com/goerlich-pharma-gmbh-comp307463.html
251228,Kröner-Stärke GmbH,"KRÖNER-STÄRKE is a german global company. Founded in 1900, the management is now in the hands of it's third generation. KRÖNER-STÄRKE produces high functional natural products in organic and conventional quality: wheat starch, cold swelling starches and flours, as well as variations of proteins. Clean label starches and gluten-free products fulfil the increased requirements of the food industry. Our dietetics for infant and geriatric diet as well as flours and starches with good dispersible flaky structure broaden our portfolio. Custom made products are made with our latest mixing technology according to our customers' specifications.",Africa; Asia; Australia; Central/South America; Eastern Europe; Middle East; North America; Western Europe,"Food Safety, Quality and Service","Additives incl. Flavourings & Colours: Emulsifiers, Stabilisers, Thickeners | Carbohydrates, Sugars | Cereals & Grains, Pulses: Cereals & Grains | Ingredient Mixtures, Synbiotics: Functional (formulated) Ingredient Mixtures | Proteins, Enzymes, Amino Acids | Finished Food Categories: Cereal and grain products | Specialised Finished Products: Protein products | Blending & mixing | Contract manufacturing | Dosage Formats: Powders | Physical Formats: Ground | Sports Nutrition",Fi Europe 2026 - 17-19 November 2026 - Visit us at stand 30D8,"Lengericher Straße 158, D-49479, Ibbenbüren, Germany",info@kroener-staerke.de,+49 (0) 54 51 - 94 47 -0,https://www.kroener-staerke.de,Germany,"Additives incl. Flavourings & Colours | Carbohydrates, Sugars | Cereals & Grains, Pulses | Ingredient Mixtures, Synbiotics | Proteins, Enzymes, Amino Acids",Finished Food Categories | Cereal and grain products | Specialised Finished Products | Protein products,Dosage Formats | Powders | Physical Formats | Ground,Sports Nutrition,Blending & mixing | Contract manufacturing,Gluten-free | Natural | Organic,https://www.ingredientsnetwork.com/kroner-starke-gmbh-comp251228.html
308615,Omya,"Omya is a leading global producer of industrial minerals – mainly derived from calcium carbonate, dolomite and perlite – and a worldwide distributor of specialty ingredients. In the Consumer Goods segment, Omya offers innovative solutions based on high purity natural minerals and complementary ingredients that comply with the most stringent regulatory and quality standards targeting the food, personal care, pharmaceuticals, nutraceuticals, pet care, home care and filtration markets. Founded in 1884 in Switzerland, Omya has a global presence extending to more than 160 locations in over 50 countries with 9,000 employees. Committed to implementing the principles of sustainability at all company levels, Omya provides added value products and services from responsibly sourced materials to meet the essential needs of current and future generations.",,,"Additives incl. Flavourings & Colours: Anti-caking agents | Vitamins, Minerals: Minerals, Vitamins | Finished Food Categories: Bakery, Cereal and grain products, Confectionery, Plant-based foods | Specialised Finished Products: Dietary supplements, Functional beverages, Functional confectionery, Functional food, Functional powders, Nutricosmetics, Pharma and OTC products, Protein products | Dosage Formats: Powders | Pet Health",Fi Europe 2026 - 17-19 November 2026 - Visit us at stand 31H10,"(Office Hamburg) Possmoorweg 2, 22301, Hamburg, Germany",joanne.huebner@omya.com,+49 40 658 72213,https://www.omya.com,Germany,"Additives incl. Flavourings & Colours | Vitamins, Minerals",Finished Food Categories | Bakery | Cereal and grain products | Confectionery | Plant-based foods | Specialised Finished Products | Dietary supplements | Functional beverages | Functional confectionery | Functional food | Functional powders | Nutricosmetics | Pharma and OTC products | Protein products,Dosage Formats | Powders,Pet Health,,Sustainable,https://www.ingredientsnetwork.com/omya-comp308615.html
318989,Cereal Docks,"Cereal Docks is an Italian industrial group founded 40 years ago by the Fanin family, specializing in primary agro-food transformation. It produces ingredients derived from oilseeds (soybean, sunflower, rapeseed) and cereals (corn, legumes, rice), sourced from both conventional and organic agriculture, for applications in the feed, food, pet-food, pharma, and cosmetic sectors. Cereal Docks connects over 18,000 farmers in Italy and tens of thousands worldwide, enhancing agricultural supply chains and promoting sustainable agronomic practices. With 11 processing facilities and a logistics model integrating sea, rail, and road transport, it transforms over 3 million tons of plant-based raw materials into essential ingredients for nutrition and well-being, while respecting the environment, people, and animals. All products are accompanied by robust quality and safety guarantees: over 50,000 process and product checks annually, 28 active certification schemes, and 60 certifications obtained by Group companies, with an ISO 17025-accredited quality control laboratory. Through its business units, Cereal Docks Group provides a wide range of ingredients: Vegetable Oils from Conventional Farming Vegetable Emulsifiers and Functional Blends Organic Vegetable Oils Corn, Rice and Legumes Gluten-free Flours Sunflower HeliaPro Plant-Based Proteins",,Raw Material Supplier,"Additives incl. Flavourings & Colours: Emulsifiers, Stabilisers, Thickeners | Cereals & Grains, Pulses: Cereals & Grains, Pulses | Fats & Oils: Fats & Oils - Plant | Fruit, Seeds, Nuts & Peanuts, Vegetables: Seeds | Ingredient Mixtures, Synbiotics | Proteins, Enzymes, Amino Acids: Proteins - Plant | Granulating/ grinding/ milling / mixing | Dosage Formats: Granules, Liquids, Powders | Physical Formats: Ground, Milled, Solid",Fi Europe 2026 - 17-19 November 2026 - Visit us at stand 41M46,"via Innovazione 1, 36043, Camisano Vicentino, Italy",info@cerealdocks.it,+39 0444 419411,https://www.cerealdocks.it/en/,Italy,"Additives incl. Flavourings & Colours | Cereals & Grains, Pulses | Fats & Oils | Fruit, Seeds, Nuts & Peanuts, Vegetables | Ingredient Mixtures, Synbiotics | Proteins, Enzymes, Amino Acids",,Dosage Formats | Granules | Liquids | Powders | Physical Formats | Ground | Milled | Solid,,Granulating/ grinding/ milling / mixing,Organic | Sustainable | Traceable,https://www.ingredientsnetwork.com/cereal-docks-comp318989.html
248926,DMK Group,"About the DMK Group Revenue (2025): €5.3 billion Employees: 6,800 Milk processed annually: 5.1 billion kg Farmer members (cooperative members): 3,900 T he product portfolio ranges from cheese, dairy products and ingredients to baby food, ice cream. Brands such as MILRAM, Oldenburger, Uniekaas, Alete and Humana have earned the trust of consumers at home and abroad, making the company an established player in its home markets and selected target markets around the globe.",Africa; Asia; Australia; Central/South America; Eastern Europe; Middle East; North America; Western Europe,Contract Manufacturer; Manufacturer: Finished Food Products; Manufacturer: Ingredients / Additives,"Additives incl. Flavourings & Colours: Flavourings | Algae, Botanicals, Carotenoids, Flavonoids | Carbohydrates, Sugars | Dairy Ingredients | Dietary Fibres, Prebiotics: Dietary fibres | Fats & Oils: Fats & Oils - Plant | Fruit, Seeds, Nuts & Peanuts, Vegetables | Fungi & Yeasts, Microorganisms & Probiotics, Mushrooms | Ingredient Mixtures, Synbiotics: Functional (formulated) Ingredient Mixtures | Proteins, Enzymes, Amino Acids: Amino acids | Vitamins, Minerals: Minerals, Vitamins | Finished Food Categories: Bakery, Beverages / Juices, Cereal and grain products, Confectionery, Cooking Fats & Oils, Dairy, Fruits & Vegetables, Infant & Baby food, Meat, Poultry & Fish, Other Finished Food Categories, Plant-based foods, Prepared foods, Sauces & Seasonings, Sweet & Savoury Spreads | Specialised Finished Products: Biotic products, Dietary supplements, Functional beverages, Functional confectionery, Functional food, Functional powders, Meal replacement products, Other Specialised Finished Products, Pharma and OTC products, Protein products, Sugar replacers / Sweeteners | Co-packing | Contract manufacturing | Dosage Formats: Beverages, Capsules, Chewables, Effervescent, Gummies, Kernels, Liquids, Lozenges, Pastes, Pellets, Powders, Sachets, Sticks, Tablets | Physical Formats: Concentrated, Diced, Flaked, Liquid, Powdered, Shelled, Solid | Bone & Joint Health | Cardiovascular Health | Children's Health | Cognitive & Mental Health | Digestive Health | Healthy Ageing | Immune Support | Metabolic Health | Skin Health | Sports Nutrition | Weight Management | Women's Health",Fi Europe 2026 - 17-19 November 2026 - Visit us at stand 30K94,"Maria-Cunitz-Str. 5, 28199, Bremen, Germany",info@dmk.de,+49 421 243-0,https://www.dmk.de,Germany,"Additives incl. Flavourings & Colours | Algae, Botanicals, Carotenoids, Flavonoids | Carbohydrates, Sugars | Dairy Ingredients | Dietary Fibres, Prebiotics | Fats & Oils | Fruit, Seeds, Nuts & Peanuts, Vegetables | Fungi & Yeasts, Microorganisms & Probiotics, Mushrooms | Ingredient Mixtures, Synbiotics | Proteins, Enzymes, Amino Acids | Vitamins, Minerals","Finished Food Categories | Bakery | Beverages / Juices | Cereal and grain products | Confectionery | Cooking Fats & Oils | Dairy | Fruits & Vegetables | Infant & Baby food | Meat, Poultry & Fish | Other Finished Food Categories | Plant-based foods | Prepared foods | Sauces & Seasonings | Sweet & Savoury Spreads | Specialised Finished Products | Biotic products | Dietary supplements | Functional beverages | Functional confectionery | Functional food | Functional powders | Meal replacement products | Other Specialised Finished Products | Pharma and OTC products | Protein products | Sugar replacers / Sweeteners",Dosage Formats | Beverages | Capsules | Chewables | Effervescents | Gummies | Kernels | Liquids | Lozenges | Pastes | Pellets | Powders | Sachets | Sticks | Tablets | Physical Formats | Concentrated | Diced | Flaked | Liquid | Powdered | Shelled | Solid,Bone & Joint Health | Cardiovascular Health | Children's Health | Cognitive & Mental Health | Digestive Health | Healthy Ageing | Immune Support | Metabolic Health | Skin Health | Sports Nutrition | Weight Management | Women's Health,Co-packing | Contract manufacturing,Allergen-free | Gluten-free | Health & Safety | Natural | Non-GMO | Organic | Other Certifications | Vegan | Vegetarian,https://www.ingredientsnetwork.com/dmk-group-comp248926.html
248700,Aloe Jaumave Sa De Cv,"Established in 1989, under the increasing demand of Aloe Vera products of the highest quality, accomplishing standards and regulations all over the World. In Aloe Jaumave we take care of the environment as we grow organic plants and process our products under a free pollution environment -Encouraging Natural and Organic Products. Now, 26 years later, the company expanded its activities to the growing, harvesting, processing and bottling Aloe Vera (Raw Materials and Finished Products) for the Food, Cosmetic and Pharmaceutical Industry. After all this work, Aloe Jaumave has become the largest supplier of Organic Certified Aloe Vera in the world, always following our original commitment: Aloe Vera.",Africa; Asia; Australia; Central/South America; Eastern Europe; Middle East; North America; Western Europe,,"Additives incl. Flavourings & Colours | Algae, Botanicals, Carotenoids, Flavonoids | Bioactive Compounds - Other | Finished Food Categories: Beverages / Juices, Fruits & Vegetables | Specialised Finished Products: Dietary supplements, Functional beverages, Functional food | Blending & mixing | Contract manufacturing | Extracting | Dosage Formats: Beverages, Capsules, Liquids, Powders | Physical Formats: Concentrated, Diced, Dried - air dried, Dried - freeze dried, Liquid | Digestive Health | Healthy Ageing | Immune Support | Metabolic Health | Skin Health",Fi Europe 2026 - 17-19 November 2026 - Visit us at stand 42R34 | Vitafoods Europe 2027 - 18-20 May 2027 - Visit us at stand 4G85 | Vitafoods Europe 2026 - 05 - 07 May 2026 - We were at stand 3C255 | Vitafoods Europe 2025 - 20 - 22 May 2025 - We were at stand 4C104,"Mendez 501 Zona Centro Jaumave, 87930, Jaumave, Mexico",aloesales1@aloejaumave.com,+528323360099,https://www.aloejaumave.com,Mexico,"Additives incl. Flavourings & Colours | Algae, Botanicals, Carotenoids, Flavonoids | Bioactive Compounds - Other",Finished Food Categories | Beverages / Juices | Fruits & Vegetables | Specialised Finished Products | Dietary supplements | Functional beverages | Functional food,Dosage Formats | Beverages | Capsules | Liquids | Powders | Physical Formats | Concentrated | Diced | Dried - air dried | Dried - freeze dried | Liquid,Digestive Health | Healthy Ageing | Immune Support | Metabolic Health | Skin Health,Blending & mixing | Contract manufacturing | Extracting,Organic,https://www.ingredientsnetwork.com/aloe-jaumave-sa-de-cv-comp248700.html
248809,Altinmarka Gida San. Tic AS,"Altınmarka is one of the biggest cocoa and chocolate manufacturers in the world. Altınmarka produces cocoa products such as cocoa powder, butter, mass as well as industrial chocolates and compounds as blocks, coins, drops, chunks, sticks, pralines. Altınmarka was awarded 'Best Chocolate Factory of Europe in 2012' by European Candy Kettle Club. The fully integrated factory, from cocoa beans to chocolate, provides uninterrupted productivity and ensures the power and flexibility to produce different requests.",Asia; Eastern Europe; Western Europe,"Distributor; Food Safety, Quality and Service","Additives incl. Flavourings & Colours: Emulsifiers, Stabilisers, Thickeners, Flavourings, Other Additives, Sweeteners | Carbohydrates, Sugars | Dairy Ingredients: Cow Dairy Ingredients | Fats & Oils: Fats & Oils - Animal, Fats & Oils - Plant | Fruit, Seeds, Nuts & Peanuts, Vegetables | Ingredient Mixtures, Synbiotics: Functional (formulated) Ingredient Mixtures | Syrups & Others | Vitamins, Minerals | Finished Food Categories: Confectionery, Dairy, Other Finished Food Categories | Specialised Finished Products: Sugar replacers / Sweeteners | Dosage Formats: Food bars, Kernels, Pastes, Pellets, Powders, Sticks | Physical Formats: Chunked, Concentrated, Extracted, Extruded, Flaked, Other Physical Formats, Solid | Cardiovascular Health | Weight Management",Fi Europe 2026 - 17-19 November 2026 - Visit us at stand 31B90,"Omer Avni Mah. Inebolu Sk. No. 1 Ekemen Han Kat: 2-5 Setustu Kabatas - Beyoglu, 34427, Istanbul, Türkiye",info@altinmarka.com,+90 212 243 2505,https://www.altinmarka.com.tr,Türkiye,"Additives incl. Flavourings & Colours | Carbohydrates, Sugars | Dairy Ingredients | Fats & Oils | Fruit, Seeds, Nuts & Peanuts, Vegetables | Ingredient Mixtures, Synbiotics | Syrups & Others | Vitamins, Minerals",Finished Food Categories | Confectionery | Dairy | Other Finished Food Categories | Specialised Finished Products | Sugar replacers / Sweeteners,Dosage Formats | Food bars | Kernels | Pastes | Pellets | Powders | Sticks | Physical Formats | Chunked | Concentrated | Extracted | Extruded | Flaked | Other Physical Formats | Solid,Cardiovascular Health | Weight Management,,,https://www.ingredientsnetwork.com/altinmarka-gida-san-tic-as-comp248809.html
475339,Balchem Corporation,"At Balchem Human Nutrition and Health, we leverage decades of expertise in market insights, proven science, and product development to create winning health, well-being, and nutrition solutions. With a strong foundation in human nutrition, Balchem enables the development of products that delight consumers and promote cognitive, emotional, and physical well-being. We promote a healthier food chain and bring everyone to the table. We provide the service, quality, and technology that enables our customers to win with their customers and have built a reputation for delivering results for all of our stakeholders. Balchem Human Nutrition and Health products positively impact the lives of countless consumers daily – Walk the path toward living well, with us. Our business leverages decades of expertise in market insights, proven science, and product development to create winning health, well-being, and nutrition solutions. We strive to consistently deliver products and solutions for the food, dietary supplement, and functional food industries. Partner with us and together, we can Make the World a Healthier Place! *Select statements have not been evaluated by Federal Drug Administration. Select products are not intended to diagnose, treat, cure, or prevent any disease. Ingredient users are solely responsible for ensuring the compliance of formulation and labeling (inclusive of claims) with applicable regulations.",,,"Finished Food Categories: Prepared foods | Specialised Finished Products: Dietary supplements, Functional food | Cognitive & Mental Health",Fi Europe 2026 - 17-19 November 2026 - Visit us at stand 30D68 | Vitafoods Europe 2026 - 05 - 07 May 2026 - We were at stand 3F122,"Donnerstr. 20, 22763, Hamburg, Germany",,,https://www.kappabio.com,Germany,,Finished Food Categories | Prepared foods | Specialised Finished Products | Dietary supplements | Functional food,,Cognitive & Mental Health,,,https://www.ingredientsnetwork.com/balchem-corporation-comp475339.html
255042,Cambridge Commodities,"Cambridge Commodities specialises in supplying nutritional ingredients and product solutions to the sports nutrition, health & wellbeing and food & beverage industries. We stock over 2,500 ingredients ranging from vitamins, minerals and proteins to superfoods, sweeteners and plant-based powders. Our mission is to passionately provide quality nutritional ingredients and healthier innovation.",Africa; Asia; Australia; Central/South America; Eastern Europe; Middle East; North America; Western Europe,Distributor; Raw Material Supplier,"Additives incl. Flavourings & Colours: Emulsifiers, Stabilisers, Thickeners | Algae, Botanicals, Carotenoids, Flavonoids | Carbohydrates, Sugars | Dietary Fibres, Prebiotics | Fungi & Yeasts, Microorganisms & Probiotics, Mushrooms | Ingredient Mixtures, Synbiotics | Proteins, Enzymes, Amino Acids | Vitamins, Minerals | Finished Food Categories: Confectionery, Pet Food, Plant-based foods | Specialised Finished Products: Biotic products, Dietary supplements, Functional beverages, Functional food, Functional powders, Protein products | Contract manufacturing | Encapsulating | Dosage Formats: Capsules, Gummies","Vitafoods Europe 2027 - 18-20 May 2027 - Visit us at stand 2D207, 4C1 | Vitafoods Europe 2026 - 05 - 07 May 2026 - We were at stand 5D14 | Vitafoods Europe 2025 - 20 - 22 May 2025 - We were at stand 3J30","203 Lancaster Way Business Park, CB6 3NX, Ely, United Kingdom",marketing@cambridgecommodities.com,+44 (0) 1353 667 258,https://www.c-c-l.com,United Kingdom,"Additives incl. Flavourings & Colours | Algae, Botanicals, Carotenoids, Flavonoids | Carbohydrates, Sugars | Dietary Fibres, Prebiotics | Fungi & Yeasts, Microorganisms & Probiotics, Mushrooms | Ingredient Mixtures, Synbiotics | Proteins, Enzymes, Amino Acids | Vitamins, Minerals",Finished Food Categories | Confectionery | Pet Food | Plant-based foods | Specialised Finished Products | Biotic products | Dietary supplements | Functional beverages | Functional food | Functional powders | Protein products,Dosage Formats | Capsules | Gummies,,Contract manufacturing | Encapsulating,,https://www.ingredientsnetwork.com/cambridge-commodities-comp255042.html
271793,VESTERAALENS AS,"Vesteraalens AS is a innovative seafood and marine ingredients company located in Northern Norway close to one of the worlds riches fishing fields. We produce Omega 3 oils of the highest quality used for a variety of functional food applications. Including supplements, bread/bakery, sports nutrition, medical nutrition and infant formula.",Asia; Australia; Central/South America; Eastern Europe; North America; Western Europe,,"Fats & Oils | Finished Food Categories: Infant & Baby food | Specialised Finished Products: Dietary supplements, Functional food",Vitafoods Europe 2027 - 18-20 May 2027 - Visit us at stand 3D235D | Vitafoods Europe 2026 - 05 - 07 May 2026 - We were at stand 4F52E | Vitafoods Europe 2025 - 20 - 22 May 2025 - We were at stand 4D38F,"Havnegata 17, P.O.Box 214,, 8401, Sortland, Norway",,+47 76 11 05 90,https://arcticingredients.com/,Norway,Fats & Oils,Finished Food Categories | Infant & Baby food | Specialised Finished Products | Dietary supplements | Functional food,,,,,https://www.ingredientsnetwork.com/vesteraalens-as-comp271793.html
248990,Fosfa a. s.,"Fosfa is an innovative Life Science company established in 1884. The group is the largest processor of yellow phosphorus in Europe. Fosfa is one of the top global players in the field of essential, phosphorus-based ingredients and functional blends for food, pharma and sophisticated industrial applications. Fosfa also develops and manufactures FeelEco, exceptional natural products for health, family and home care. Under the FeelGreens brand, Fosfa uses the Czech Republic’s first vertical farm to grow microgreens, a superfood of the future, without using pesticides, growth regulators or GMOs. Fosfa Life Science manufactures food quality sodium, potassium and ammonium phosphates for functional and performance modification with production units located in Germany (Omnisal GmbH) and Czech Republic (Fosfa a.s.). Our product portfolio specializes in phosphates and phosphate blends designed to enhance culinary experience in meat, baked goods, dairy, seafood as well and other food applications. Our food additive phosphates are high quality products that have been developed with a commitment to solving individual customers requirements.",Africa; Asia; Australia; Central/South America; Eastern Europe; Middle East; North America; Western Europe,Manufacturer: Ingredients / Additives,"Additives incl. Flavourings & Colours: Antioxidants, Emulsifiers, Stabilisers, Thickeners | Dairy Ingredients | Ingredient Mixtures, Synbiotics | Proteins, Enzymes, Amino Acids | Vitamins, Minerals | Specialised Finished Products: Functional powders | Physical Formats: Ground",Fi Europe 2026 - 17-19 November 2026 - Visit us at stand 30H20,"Hranicni 268, 69141, Breclav - Postorna, Czech Republic",valusek@fosfa.cz,+420 519 306 342,https://www.fosfa.cz,Czech Republic,"Additives incl. Flavourings & Colours | Dairy Ingredients | Ingredient Mixtures, Synbiotics | Proteins, Enzymes, Amino Acids | Vitamins, Minerals",Specialised Finished Products | Functional powders,Physical Formats | Ground,,,,https://www.ingredientsnetwork.com/fosfa-a-s-comp248990.html
251301,Paradise Fruits by Jahncke,"Paradise Fruits Solutions and Paradise Fruits Health are part of the Paradise Fruits Group – a trusted and innovative partner for natural fruit-based ingredients and functional food solutions. With roots in Northern Germany and decades of experience, we serve the global food and nutraceutical industries with tailor-made concepts that combine the power of fruit with exceptional functionality. Paradise Fruits Solutions As a market leader in highly concentrated fruit ingredients, Paradise Fruits Solutions offers a wide range of granulates, fruit pastes, drops, and shapes. Our products are naturally made, with nearly up to 100% fruit content, and designed to meet specific processing and application needs – including baking, snacking, and cereal products. From clean label to organic and allergen-free, we help our customers create products that taste as good as they look. Paradise Fruits Health Paradise Fruits Health focuses on functional fruit-based supplements , using an innovative fruit matrix that contains no added sugar, artificial colors, or preservatives. Our solutions are tailored to support specific health goals – including immunity, energy, gut health, and cognition – and can be enriched with vitamins, botanicals, minerals, and probiotics. Ideal for children, active consumers, and health-conscious lifestyles. Together, we bring flavor, functionality, and natural innovation to the table – and help brands develop products that are not only effective, but enjoyable to consume. Paradise Fruits – Naturally Functional. Simply Better.",Africa; Asia; Australia; Central/South America; Eastern Europe; Middle East; North America; Western Europe,Contract Manufacturer; Manufacturer: Finished Food Products; Manufacturer: Ingredients / Additives,"Algae, Botanicals, Carotenoids, Flavonoids: Botanicals | Bioactive Compounds - Other | Dietary Fibres, Prebiotics | Fruit, Seeds, Nuts & Peanuts, Vegetables | Fungi & Yeasts, Microorganisms & Probiotics, Mushrooms | Ingredient Mixtures, Synbiotics: Food Substitute Ingredient Mixtures | Vitamins, Minerals | Finished Food Categories: Beverages / Juices, Confectionery, Fruits & Vegetables, Plant-based foods | Specialised Finished Products: Biotic products, Dietary supplements, Functional confectionery, Functional food | Dosage Formats: Chewables, Granules, Gummies, Pastes | Digestive Health | Healthy Ageing | Immune Support | Metabolic Health | Sports Nutrition",Fi Europe 2026 - 17-19 November 2026 - Visit us at stand 31A80 | Vitafoods Europe 2027 - 18-20 May 2027 - Visit us at stand 3C17 | Vitafoods Europe 2026 - 05 - 07 May 2026 - We were at stand 6K75 | Vitafoods Europe 2025 - 20 - 22 May 2025 - We were at stand 4J72,"Asseler Strasse 110, 21706, Drochtersen, Germany",solutions@paradise-fruits.de,+49 4148 615 111,https://www.paradies-frucht.de,Germany,"Algae, Botanicals, Carotenoids, Flavonoids | Bioactive Compounds - Other | Dietary Fibres, Prebiotics | Fruit, Seeds, Nuts & Peanuts, Vegetables | Fungi & Yeasts, Microorganisms & Probiotics, Mushrooms | Ingredient Mixtures, Synbiotics | Vitamins, Minerals",Finished Food Categories | Beverages / Juices | Confectionery | Fruits & Vegetables | Plant-based foods | Specialised Finished Products | Biotic products | Dietary supplements | Functional confectionery | Functional food,Dosage Formats | Chewables | Granules | Gummies | Pastes,Digestive Health | Healthy Ageing | Immune Support | Metabolic Health | Sports Nutrition,,Halal | Health & Safety | Natural | Organic | Sustainable | Vegan | Vegetarian,https://www.ingredientsnetwork.com/paradise-fruits-by-jahncke-comp251301.html
314859,Pharma Marine,"Where the fjords meet the mountains at the beautiful west coast of Norway, not far from the old fishing town of Ålesund, lies the small island of Terøy where Pharma Marine has its home. Pharma Marine was founded on a deep respect and love for the ocean. Invention and innovation is an essential part of our history, always inspired by our mantra: Take only what you need and utilize everything you harvest from nature. With eco-friendly production of marine ingredients at heart, we learn from the balance in nature to provide a healthier life for people. For Pharma Marine, tradition and innovation go hand in hand. Pharma Marine is a family business with family values at its core. We believe in close relationships with our partners, our employees, and our local community. And, of course, an enduring respect for nature. Outside our doorstep on Terøy, there is a vast sea of possibilities. For our planet, our health, and future generations. From our family to you.",Asia; Australia; Eastern Europe; North America; Western Europe,Manufacturer: Ingredients / Additives,"Algae, Botanicals, Carotenoids, Flavonoids | Fats & Oils | Specialised Finished Products: Dietary supplements | Contract manufacturing | Cardiovascular Health | Cognitive & Mental Health | Healthy Ageing",Vitafoods Europe 2027 - 18-20 May 2027 - Visit us at stand 3G236A | Vitafoods Europe 2026 - 05 - 07 May 2026 - We were at stand 4F52G | Vitafoods Europe 2025 - 20 - 22 May 2025 - We were at stand 4D38N,"Teroey Industriomraade 3, N-6280, SOEVIK, Norway",sales@pharmamarine.no,,https://pharmamarine.no,Norway,"Algae, Botanicals, Carotenoids, Flavonoids | Fats & Oils",Specialised Finished Products | Dietary supplements,,Cardiovascular Health | Cognitive & Mental Health | Healthy Ageing,Contract manufacturing,,https://www.ingredientsnetwork.com/pharma-marine-comp314859.html
303348,Snick EuroIngredients NV,"SNICK EuroIngredients was founded in 1993 and is based in Belgium. Since then, Snick Euroingredients has been producing and supplying culinary and functional ingredients, wet and dry blends and spice mixes of the highest quality for food companies in Europe. Our experienced team of food technologists knows how to add a pinch of innovation to every food product.Our production is Halal and BRC certified. Need a custom product, fast delivery or customized service? Everything is negotiable.",Western Europe,Manufacturer: Ingredients / Additives,"Additives incl. Flavourings & Colours: Emulsifiers, Stabilisers, Thickeners, Flavourings | Carbohydrates, Sugars | Herbs, Spices: Herbs, Spices | Ingredient Mixtures, Synbiotics | Syrups & Others | Finished Food Categories: Plant-based foods | Dosage Formats: Liquids",Fi Europe 2026 - 17-19 November 2026 - Visit us at stand 31G6,"De Leiteweg 13 Ruddervoorde -, B-8020, Oostkamp, Belgium",,+32 (0)50 36 16 85,https://www.snick.be,Belgium,"Additives incl. Flavourings & Colours | Carbohydrates, Sugars | Herbs, Spices | Ingredient Mixtures, Synbiotics | Syrups & Others",Finished Food Categories | Plant-based foods,Dosage Formats | Liquids,,,Health & Safety,https://www.ingredientsnetwork.com/snick-euroingredients-nv-comp303348.html
309073,TopGum Industries Ltd.,"TopGum is a pioneering contract manufacturer of supplement gummies for the functional food and nutraceutical markets. Equipped with a state-of-the-art production facility, extensive food technology expertise, and proprietary manufacturing processes, TopGum produces top of the line, high quality gummy supplements. The company works closely with leading industry brands and retail partners worldwide, supporting them in the production of differentiated gummy products, innovation, and winning formulations. Equipped with a state-of-the-art production facility, extensive food technology expertise, and proprietary manufacturing processes, TopGum produces top of the line, high quality gummy supplements for the functional food and nutraceutical markets. TopGum develops and produces top of the line, Premium and innovative gummy supplements.",,Manufacturer: Finished Food Products,"Specialised Finished Products: Biotic products, Energy drinks, Functional confectionery, Nutricosmetics, Protein products | Dosage Formats: Gummies | Digestive Health | Immune Support | Sports Nutrition",Vitafoods Europe 2027 - 18-20 May 2027 - Visit us at stand 2D70 | Vitafoods Europe 2026 - 05 - 07 May 2026 - We were at stand 3G88 | Vitafoods Europe 2025 - 20 - 22 May 2025 - We were at stand 3F234,"2 Prague Street, 8700101, Sderot, Israel",menahema@topgummiceuticals.com,,https://www.topgummedical.com/,Israel,,Specialised Finished Products | Biotic products | Energy drinks | Functional confectionery | Nutricosmetics | Protein products,Dosage Formats | Gummies,Digestive Health | Immune Support | Sports Nutrition,,,https://www.ingredientsnetwork.com/topgum-industries-ltd-comp309073.html
251233,Lactoland Trockenmilchwerk GmbH,"Since its founding in 1989, LACTOLAND Trockenmilchwerk GmbH has been producing intermediate milk products for the processing industry. Specially tailored milk powder blends are produced from powdered milk in elaborate and ultra-modern mixing processes. These are used in further processing procedures for ice cream, cheese, yogurt, and other milk-based specialties. The product range also includes dairy blends and other semi-finished products for industrial customers. Through numerous investments and certifications, all products can be offered in organic as well as halal and kosher quality. The primary industries we serve are: the Chocolate industry, the Bakery and Confectionery industry, Ice cream, Cheese and Yoghurt production, Sports nutrition. Our Product range: Milk and yogurt powders, Milk protein concentrates, Casein / Caseinates.",Africa; Asia; Australia; Central/South America; Eastern Europe; Middle East; North America; Western Europe,Manufacturer: Ingredients / Additives,"Dairy Ingredients: Cow Dairy Ingredients | Fats & Oils | Fungi & Yeasts, Microorganisms & Probiotics, Mushrooms | Ingredient Mixtures, Synbiotics | Proteins, Enzymes, Amino Acids: Enzymes | Vitamins, Minerals | Finished Food Categories: Plant-based foods | Analysis/ Testing | Consulting | Dosage Formats: Liquids, Powders | Physical Formats: Ground, Milled | Bone & Joint Health | Digestive Health | Sports Nutrition",Fi Europe 2026 - 17-19 November 2026 - Visit us at stand 30G94,"Wierlings Esch 50, 48249, 48249 Duelmen, Germany",info@lactoland.de,+49 2594 79060,https://www.lactoland.de,Germany,"Dairy Ingredients | Fats & Oils | Fungi & Yeasts, Microorganisms & Probiotics, Mushrooms | Ingredient Mixtures, Synbiotics | Proteins, Enzymes, Amino Acids | Vitamins, Minerals",Finished Food Categories | Plant-based foods,Dosage Formats | Liquids | Powders | Physical Formats | Ground | Milled,Bone & Joint Health | Digestive Health | Sports Nutrition,Analysis/ Testing | Consulting,Organic,https://www.ingredientsnetwork.com/lactoland-trockenmilchwerk-gmbh-comp251233.html
307626,VitaSynth Sp. z o.o.,"Vitasynth combines the strengths of the Pharmaquinone® and Vitaquinone® brands, bringing together high-quality expertise and innovation under one company. Vitaquinone® is the purest and solvent free vitamin K2 available on the market, which does not contain the cis isomer or other impurities according to the US Pharmacopoeia method and is produced by Vitasynth in its own European manufacturing site through a patented manufacturing and purification processes. Pharmaquinone® is a brand of the purest vitamin K2 in the world. Manufactured 100% in Europe. We have global production capacity.",Africa; Asia; Australia; Central/South America; Eastern Europe; Middle East; North America; Western Europe,Manufacturer: Ingredients / Additives,"Vitamins, Minerals | Specialised Finished Products: Dietary supplements, Other Specialised Finished Products | Analysis/ Testing | Certification | Contract manufacturing | Quality assurance | Dosage Formats: Liquids, Oil, Powders | Bone & Joint Health | Cardiovascular Health | Healthy Ageing | Metabolic Health | Women's Health",Vitafoods Europe 2026 - 05 - 07 May 2026 - We were at stand UWB10 | Vitafoods Europe 2025 - 20 - 22 May 2025 - We were at stand 3M144,"ul. Macieja Rataja 4G, 05-850, Koprki, Poland",sales@pharmaquinone.com,,https://vitasynth.eu/,Poland,"Vitamins, Minerals",Specialised Finished Products | Dietary supplements | Other Specialised Finished Products,Dosage Formats | Liquids | Oil | Powders,Bone & Joint Health | Cardiovascular Health | Healthy Ageing | Metabolic Health | Women's Health,Analysis/ Testing | Certification | Contract manufacturing | Quality assurance,Health & Safety,https://www.ingredientsnetwork.com/vitasynth-sp-z-o-o-comp307626.html
248867,Angel Yeast Co. Ltd.,"Angel Yeast Co Ltd was found in 1986, it is a listed high-tech yeast company in China, which is specialized in the mass production of yeast and yeast derivatives. Angel Yeast possess twelve international advanced factories and eight technical center at home and abroad. Angel Yeast has become one of the main yeast extract（YE）supplier in the world after decades development, with four professional YE production line in China, Angel’s total capacity of YE is 61,000 tons.In the coming years, to better serve its customers, Angel is going to launch first overseas YE production line in Egypt, by estimation, the overseas YE production line will be finished at 2019. Till now, Angel Yeast is capable of supplying basic yeast extract, high Umami yeast extract, rich peptides yeast extract and flavor yeast extract. And the applications of Angel YE include soups, sauces, instant noodles, snacks, meat products and other food applications. Angel’s outstanding R&D and technical application team rich of experiences for providing customers tailor-made food solutions according to different applications.",Africa; Asia; Australia; Central/South America; Eastern Europe; Middle East; North America; Western Europe,"Distributor; Food Safety, Quality and Service; Raw Material Supplier","Additives incl. Flavourings & Colours: Flavourings | Dietary Fibres, Prebiotics | Fungi & Yeasts, Microorganisms & Probiotics, Mushrooms | Ingredient Mixtures, Synbiotics | Proteins, Enzymes, Amino Acids: Amino acids, Enzymes | Finished Food Categories: Prepared foods | Specialised Finished Products: Protein products | Contract manufacturing | Dosage Formats: Powders | Immune Support | Sports Nutrition",Fi Europe 2026 - 17-19 November 2026 - Visit us at stand 31K80 | Vitafoods India 2027 - 9 - 11 February 2027 - Visit us at stand L22 | Vitafoods Europe 2027 - 18-20 May 2027 - Visit us at stand 4C67 | Fi Asia Indonesia 2026 - 16-18 September 2026 - We were at stand C3M26 | Vitafoods Asia 2026 - 02 - 04 Sept 2026 - We were at stand H7-R32 | Fi India 2026 - 26-28 August 2026 - We were at stand 3B34B,"#168, Chengdong Avenue,, Yichang, China",,+86 7176369520,,China,"Additives incl. Flavourings & Colours | Dietary Fibres, Prebiotics | Fungi & Yeasts, Microorganisms & Probiotics, Mushrooms | Ingredient Mixtures, Synbiotics | Proteins, Enzymes, Amino Acids",Finished Food Categories | Prepared foods | Specialised Finished Products | Protein products,Dosage Formats | Powders,Immune Support | Sports Nutrition,Contract manufacturing,Halal | Kosher | Non-GMO | Vegan,https://www.ingredientsnetwork.com/angel-yeast-co-ltd-comp248867.html
249440,"Baolingbao Biology Co., Ltd.","Baolingbao Biology Co Ltd, a leading manufacturer of corn based health and food ingredients. Baolingbao has been using innovative technology to transform maize and sugar into value-added ingredients for customers in the food, dairy, beverage, pharmaceutical animal feed and cosmetics. Baolingbao was established in 1997 and listed in Chinese stock market in 2009. The initial product is IMO (Isomaltooligosacchrides) which is a good prebiotic. Over the years, many new type products have been developed such like Erythritol, High Fructose Syrup, Polydextrose, FOS, GOS,etc. Today, Baolingbao produces a wide range of products for the fields of foods and beverage, pharmaceuticals, cosmetics, etc. Always striving for higher quality, Baolingbao's products are well accepted by the customers. “Work for your profit, Care for your health” is Baolingbao's mission. Baolingbao is trying the best to learn cutting-edge technology, and then it adds the value to the products by the technology. That meets the wishes of cultivators. At the same time, Baolingbao provides the health products to the society.",Africa; Asia; Australia; Central/South America; Eastern Europe; Middle East; North America; Western Europe,Distributor; Manufacturer: Ingredients / Additives; Raw Material Supplier,"Additives incl. Flavourings & Colours | Carbohydrates, Sugars | Dietary Fibres, Prebiotics: Dietary Fibres | Ingredient Mixtures, Synbiotics | Syrups & Others: Corn syrup | Specialised Finished Products: Functional beverages, Functional food | Contract manufacturing | Dosage Formats: Liquids, Powders | Physical Formats: Liquid | Digestive Health | Pet Health | Weight Management",Fi Europe 2026 - 17-19 November 2026 - Visit us at stand 30H8 | Fi Asia Indonesia 2026 - 16-18 September 2026 - We were at stand B2J12 | Vitafoods Europe 2025 - 20 - 22 May 2025 - We were at stand 4F206C,"No.1, Dongwaihuan Road, Hi-Tech Development Zone, Yucheng,, China",yangzhi@blb-cn.com,+86 534 8918697,,China,"Additives incl. Flavourings & Colours | Carbohydrates, Sugars | Dietary Fibres, Prebiotics | Ingredient Mixtures, Synbiotics | Syrups & Others",Specialised Finished Products | Functional beverages | Functional food,Dosage Formats | Liquids | Powders | Physical Formats | Liquid,Digestive Health | Pet Health | Weight Management,Contract manufacturing,Vegan | Vegetarian,https://www.ingredientsnetwork.com/baolingbao-biology-co-ltd-comp249440.html
248759,Capol,"Leading the way in high-performance solutions, CAPOL is a key global provider of products and expertise designed for perfect finishing , flawless processing , and sensory excellence in the food industry. With a rich history in confectionery, our innovative solutions today span across various food segments, offering surface treatments , natural colors , flavors , and encapsulated acids . We deploy technology, deep process expertise and unparalleled technical advice to provide our customers with exceptional service. The product manufacturing adheres to the highest standards of quality and food safety, upheld by stringent certifications. With the company's own production sites in Europe and North America, CAPOL operates a worldwide network of subsidiaries and distribution partners to deliver exceptional product solutions across the food industry. Since 2013, CAPOL has been part of Freudenberg Chemical Specialities, a Business Group of the Germany based global technology company Freudenberg SE.",Africa; Asia; Australia; Central/South America; Eastern Europe; Middle East; North America; Western Europe,Manufacturer: Ingredients / Additives,"Additives incl. Flavourings & Colours: Colours, Emulsifiers, Stabilisers, Thickeners, Flavourings, Other Additives | Fats & Oils | Consulting | Encapsulating | Packaging | Storage & Logistics | Dosage Formats: Capsules",Fi Europe 2026 - 17-19 November 2026 - Visit us at stand 42L22,"Otto-Hahn-Str. 10, 25337, Elmshorn, Germany",info@capol.de,+494121477474,,Germany,Additives incl. Flavourings & Colours | Fats & Oils,,Dosage Formats | Capsules,,Consulting | Encapsulating | Packaging | Storage & Logistics,Natural,https://www.ingredientsnetwork.com/capol-comp248759.html
245519,Intermed S.A,"O.F.E.T., the Tsetis Group of Pharmaceutical Companies, comprises two complimentary, dynamic companies, UNI-PHARMA S.A. and INTERMED S.A. that share parallel objectives. UNI-PHARMA S.A. was founded in 1969, with the scope of producing innovative pharmaceutical products. Uni-Pharma researches, develops, manufactures and markets pharmaceuticals of the highest quality and effectiveness, covering all major therapeutic categories. INTERMED S.A. was founded in 1996. During its operation, it has proven its successful course, by introducing innovative cosmoceutical and pharmaceutical best-sellers such as CHLORHEXIL, EVA, and UNISEPT. Intermed develops and manufactures high quality products covering all major health care categories (Oral, Dermocosmetic, Gyneocological, Pediatric, Nutritional etc).",,,,Vitafoods Europe 2027 - 18-20 May 2027 - Visit us at stand 2A119 | Vitafoods Europe 2026 - 05 - 07 May 2026 - We were at stand 3G6 | Vitafoods Europe 2025 - 20 - 22 May 2025 - We were at stand 3D6,"27 Kalyftaki Str, 14564, Kifissia, Greece",vergiri@uni-pharma.gr,6253905ext1111,https://www.intermed.com/,Greece,,,,,,,https://www.ingredientsnetwork.com/intermed-s-a-comp245519.html
326957,MAYA GELATIN,"As Maya Gelatin Gıda A.Ş., we are proud to carry our deep-rooted knowledge and commitment to quality — gained since 1976 in the leather industry — into a new field. With our modern facility established in Tekirdağ, Turkey, we have embarked on the journey of producing gelatin from bovine hides, aiming to take our place in the global market and expand worldwide. For over half a century, our production approach based on natural and traceable raw materials has made us a trusted name in the leather industry. Today, we reflect this organic connection in our gelatin production — as a symbol of quality, sustainability, and reliable sourcing. At Maya Gelatin, we are committed not only to producing high-quality bovine skin gelatin but also to ensuring full compliance with food safety standards through environmentally friendly, ethical, and transparent production processes. We reflect our environmental awareness in our production area as well, adopting a green building approach in the design of our facility and embracing a responsible, renewable, and eco-conscious production model. Our products are manufactured using raw materials sourced directly from reliable origins, in accordance with international quality standards. As a dynamic company with a strong focus on continuous growth, we aim to become a leading player in the gelatin industry — not only in Turkey but across the globe. Through our dedication to R&D, sustainability, and customer satisfaction, we are shaping the future today. Drawing strength from our heritage, Maya Gelatin Gıda A.Ş. is taking confident steps to become a symbol of trust and quality in the food industry.",Asia; Australia; Eastern Europe; Middle East; North America; Western Europe,Manufacturer: Ingredients / Additives,"Proteins, Enzymes, Amino Acids | Physical Formats: Powdered",Fi Europe 2026 - 17-19 November 2026 - Visit us at stand 30C8 | Vitafoods Europe 2027 - 18-20 May 2027 - Visit us at stand 3B251,"MARMARACIK OSB. MAH. KUZEY CAD NO:23/1, 59000, Tekirdag, Türkiye",saadet.karabulut@mayagelatin.com,,,Türkiye,"Proteins, Enzymes, Amino Acids",,Physical Formats | Powdered,,,Natural | Sustainable,https://www.ingredientsnetwork.com/maya-gelatin-comp326957.html
478822,Prosur,"As food-biotech pioneers, we revolutionized meat processing by eliminating nitrites, phosphates, and synthetic additives—using nature-powered technologies. The result: full-flavor, clear-label products that redefined trust, authenticity, and transparency in food. Today, we’re applying that same disruptive mindset across the whole food & beverage landscape—driving transformation through next-level fermentation, smarter sweeteners, and high-performance fiber solutions that meet the demands of modern consumers and future-focused brands alike. Founded in 1965 and based in Murcia, Spain, we operate globally, with expert teams and innovation hubs in Spain, the United States, and LATAM. Our international network of technical sales and forward-thinking distribution partners brings next-gen solutions to market—worldwide. Together with our ""Partners in Taste"" we’re not following trends. We’re creating the future of food!",,,"Additives incl. Flavourings & Colours: Sweeteners | Dietary Fibres, Prebiotics | Consulting | Extracting | Fermentation | Flavour development | Metabolic Health",Fi Europe 2026 - 17-19 November 2026 - Visit us at stand 31B100,"C/Saavedra Fajardo S/N Parcela 27/1D, 30169, San Gines, Murcia, Spain",,,,Spain,"Additives incl. Flavourings & Colours | Dietary Fibres, Prebiotics",,,Metabolic Health,Consulting | Extracting | Fermentation | Flavour development,,https://www.ingredientsnetwork.com/prosur-comp478822.html
323065,ROUSSELOT B.V.,"Rousselot is the global leader of collagen-based solutions* for the food, health and nutrition, biomedical and pharmaceutical sectors. Working in partnership with our global customer-base, we deliver advanced ingredient solutions that enable innovation, excite today’s consumers, and contribute to public health. Through our state-of-the-art operations, extensive technical expertise and sustained scientific research, we help our customers achieve their goals, create world-class products, and we “Reach further together”. Rousselot is Darling Ingredients' health brand. * Collagen, Market estimates and trend analysis, 2022 Grand View Research.",Africa; Asia; Australia; Central/South America; Eastern Europe; Middle East; North America; Western Europe,Manufacturer: Ingredients / Additives,"Additives incl. Flavourings & Colours: Emulsifiers, Stabilisers, Thickeners | Bioactive Compounds - Other: Bioactives Other | Ingredient Mixtures, Synbiotics | Proteins, Enzymes, Amino Acids | Specialised Finished Products: Dietary supplements, Functional beverages, Functional food, Functional powders | Dosage Formats: Capsules, Gummies | Bone & Joint Health | Healthy Ageing | Skin Health | Sports Nutrition",Vitafoods Asia 2026 - 02 - 04 Sept 2026 - We were at stand H6-G55,"Kanaaldijk Noord 20 NM Son en Breugel, Netherlands",collagen@rousselot.com,,,Netherlands,"Additives incl. Flavourings & Colours | Bioactive Compounds - Other | Ingredient Mixtures, Synbiotics | Proteins, Enzymes, Amino Acids",Specialised Finished Products | Dietary supplements | Functional beverages | Functional food | Functional powders,Dosage Formats | Capsules | Gummies,Bone & Joint Health | Healthy Ageing | Skin Health | Sports Nutrition,,Halal | Kosher | Organic | Sustainable | Traceable,https://www.ingredientsnetwork.com/rousselot-b-v-comp323065.html
249285,TER,"TER Ingredients is a leading supplier of high-grade ingredients and additives in various life science applications. The company provides a comprehensive product portfolio sourced globally to serve customers in the food, feed, nutraceuticals as well as personal care, health care and home care industries. We are specialized experts in sourcing and sales of raw materials and logistics and quality management. We cooperate with reputable manufacturers and their product development teams. We offer combined deliveries of food- and other ingredients in time according to complex requirements derived from regulatory compliance, documentaton requirements and specification parameters.",Africa; Asia; Australia; Central/South America; Eastern Europe; Middle East; North America; Western Europe,Distributor,"Additives incl. Flavourings & Colours: Emulsifiers, Stabilisers, Thickeners | Ingredient Mixtures, Synbiotics | Proteins, Enzymes, Amino Acids | Finished Food Categories: Dairy, Plant-based foods | Specialised Finished Products: Dietary supplements, Functional beverages",Fi Europe 2026 - 17-19 November 2026 - Visit us at stand 30F94,"Börsenbrücke 2, 20457, Hamburg, Germany",d.bugar@terchemicals.com,+49 40 300 501 0,,Germany,"Additives incl. Flavourings & Colours | Ingredient Mixtures, Synbiotics | Proteins, Enzymes, Amino Acids",Finished Food Categories | Dairy | Plant-based foods | Specialised Finished Products | Dietary supplements | Functional beverages,,,,,https://www.ingredientsnetwork.com/ter-comp249285.html
307468,H C CLOVER PRODUCTOS Y SERVICIOS SL,"HC Clover PS, founded in 2008, is a Spanish pharmaceutical laboratory with 100% private capital, CDMO type (Contract Manufacturing and Development Organization) that acts as a key partner for the pharmaceutical and healthcare industry Aplicaps by Clover has been the HC Clover PS’ soft gelatin capsule development and manufacturing line through which the laboratory has produced softgel capsules for food supplements, pharmaceuticals, nutricosmetics and veterinary products. In 2018, HC Clover PS acquired Laboratorios Gramar, a company whose social objective was the development and manufacturing for third-party companies of nutraceutical products in different pharmaceutical forms in addition to primary and secondary packaging. HC Clover PS has joined forces with this company, adapting its strategy, techniques, management and commercial philosophy. As a result of years of experience and a long career in the pharmaceutical sector, HC Clover PS, together with Aplicaps and Gramar Laboratories, became Cloverty, which was born from the very essence of the company, putting in value everything built up to now, but at the same time it has established itself as a global brand, solid, dynamic and with character. Cloverty manufactures solutions for pharmaceutical, nutraceutical and veterinary markets specialised in soft gelatin capsule, a pharmaceutical form that enables the design of nutraceutical products, and is the technological base of the pharmaceutical products development of the company. In addition, we develop products in different pharmaceutical forms (hard gelatin capsules, sachets, sticks, glass and plastic ampoules, cans, jars and vials), for powder products, as well as liquid and gel, and also develop primary and secondary packaging.",,,"Specialised Finished Products: Dietary supplements, Functional powders, Nutricosmetics, Pet Dietary Supplements, Protein products",Vitafoods Europe 2027 - 18-20 May 2027 - Visit us at stand 2G69 | Vitafoods Europe 2026 - 05 - 07 May 2026 - We were at stand 3K56 | Vitafoods Europe 2025 - 20 - 22 May 2025 - We were at stand 3B38,"C/ Alicante 8-10 Arganda del Rey, 28500, Madrid, Spain",,,https://www.aplicaps.com,Spain,,Specialised Finished Products | Dietary supplements | Functional powders | Nutricosmetics | Pet Dietary Supplements | Protein products,,,,,https://www.ingredientsnetwork.com/h-c-clover-productos-y-servicios-sl-comp307468.html
307543,Nutris Ingredients,"Nutris is a Spanish company, based in Madrid, specialized in the healthcare field, including food & food supplements, medical nutrition and sport nutrition. Focused in research, development and manufacturing of nutraceutical products mainly gummies. We take the time to get to know you so we can help you find your perfect product. Nutris is highly experienced and qualified in the food supplement sector, ensuring the highest quality to our customers. We offer a full finished product development service, from the conception of the product idea to market launch. We support you in the main stages of product development. Nutris works very close to the customer at selecting the best choice for each formulation, offering technical and regulatory support with the ingredients that we supply. The main products we supply are: botanical extracts, oils, probiotics, proteins & aminoacids, enzymes, flavours, mushrooms, organics. Nutris is a highly motivated company, whose steps are based on a constant innovating activity and following the most exigent quality procedures in both Food and Pharmaceutical Industries. Nutris’ Team works with the commitment to offer the most innovative and qualified products to our customers. Our clinically proven & patented products constitute the main proof of our innovation engagement. Nutris is certified BRC, IFS, GMP and organic.",,,"Additives incl. Flavourings & Colours | Algae, Botanicals, Carotenoids, Flavonoids | Fungi & Yeasts, Microorganisms & Probiotics, Mushrooms | Proteins, Enzymes, Amino Acids | Finished Food Categories: Cooking Fats & Oils | Specialised Finished Products: Dietary supplements, Protein products | Sports Nutrition",Vitafoods Europe 2027 - 18-20 May 2027 - Visit us at stand 2D43 | Vitafoods Asia 2026 - 02 - 04 Sept 2026 - We were at stand H1-F20 | Vitafoods Europe 2026 - 05 - 07 May 2026 - We were at stand 5D20 | Vitafoods Europe 2025 - 20 - 22 May 2025 - We were at stand 4F7,"C/Marzo 58, 28022, Madrid, Spain",,,https://www.nutris.es,Spain,"Additives incl. Flavourings & Colours | Algae, Botanicals, Carotenoids, Flavonoids | Fungi & Yeasts, Microorganisms & Probiotics, Mushrooms | Proteins, Enzymes, Amino Acids",Finished Food Categories | Cooking Fats & Oils | Specialised Finished Products | Dietary supplements | Protein products,,Sports Nutrition,,Organic,https://www.ingredientsnetwork.com/nutris-ingredients-comp307543.html
319452,OLVEA Omega Solutions,"OLVEA: Oils for a Healthier Life For nearly a century, OLVEA has been dedicated to providing sustainable and innovative solutions in vegetable and omega-3 fish oils . We offer high-quality oils that provide functional and nutritional benefits for various applications, including food , dietary supplements , animal nutrition , as well as personal care . The complementarity of its two business units, OLVEA Vegetable Oils and OLVEA Omega Solutions, allows the group to provide a wide range of responsibly sourced and traceable ingredients . Thanks to its industrial expertise and strategic facilities, OLVEA ensures full control over its supply chain, from raw material sourcing to the processing and refining of oils . By monitoring every production step, OLVEA supplies traceable and sustainable ingredients. Our product portfolio includes omega-3-rich fish oils such as the industry standard 18/12 or cod liver oil , as well as shea butter and avocado oil , all carefully sourced and processed to meet the highest standards of sustainability and quality. Combining decades of experience with continuous innovation, OLVEA develops tailored solutions that respect both people and the planet.",,Raw Material Supplier,"Algae, Botanicals, Carotenoids, Flavonoids: Carotenoids | Fats & Oils | Finished Food Categories: Cooking Fats & Oils | Dosage Formats: Oil | Bone & Joint Health | Cardiovascular Health | Cognitive & Mental Health | Eye Health | Immune Support | Metabolic Health | Skin Health",Vitafoods Europe 2027 - 18-20 May 2027 - Visit us at stand 3D235G | Vitafoods Europe 2026 - 05 - 07 May 2026 - We were at stand 4F52A | Vitafoods Europe 2025 - 20 - 22 May 2025 - We were at stand CC.A16,"Parc d'activités des Hautes Falaise, 76400, Saint Leonard, France",info@olvea.com,,,France,"Algae, Botanicals, Carotenoids, Flavonoids | Fats & Oils",Finished Food Categories | Cooking Fats & Oils,Dosage Formats | Oil,Bone & Joint Health | Cardiovascular Health | Cognitive & Mental Health | Eye Health | Immune Support | Metabolic Health | Skin Health,,Fair Trade | Natural | Organic | Sustainable | Sustainable Seafood | Traceable | Upcycled | Vegan | Vegetarian,https://www.ingredientsnetwork.com/olvea-omega-solutions-comp319452.html
317474,BHI Biohealth International GmbH,"BHI Biohealth International GmbH, based in Bavaria/Germany, is one of the leading international contract manufacturers of dietary supplements, medical products, dietetic foods and sports nutrition. Highly motivated employees enable worldwide success through the all-in-one concept - from recipe development of various capsule, tablet and powder products to production, private labelling and logistics. We have more than 20 years of experience in contract manufacturing of food supplements, sports nutrition and weight management products- this should give you the good feeling of cooperating with real experts. Advanced mixing plants, experienced staff and certified processes ensure the precise dosage and the highest food safety levels. It goes without saying that we have comprehensive analytical possibilities and certified laboratories at hand. As standard, we are certified according to FSSC and Organic (BIO). We also apply GMP principles in our production. Our special strength in the field of contract manufacturing is the production of different dry products, hard capsules and tablets. However, we also offer a series of other product variations. We have flexible and high performance equipment at our command, which can be used for example, for producing dry pre-mixes for liquid products. Our contract manufacturing products and services at a glance: powders, hard capsules, tablets, liquids, mixing, packaging, design of packaging.",Asia; Eastern Europe; Middle East; North America; Western Europe,Contract Manufacturer,"Specialised Finished Products: Dietary supplements, Functional beverages, Functional confectionery, Functional food, Functional powders, Protein products | Contract manufacturing | Dosage Formats: Capsules, Gummies, Lozenges, Powders, Tablets | Bone & Joint Health | Cognitive & Mental Health | Healthy Ageing | Sports Nutrition",Vitafoods Europe 2027 - 18-20 May 2027 - Visit us at stand 2F45 | Vitafoods Europe 2026 - 05 - 07 May 2026 - We were at stand 4B2 | Vitafoods Europe 2025 - 20 - 22 May 2025 - We were at stand 3D238,"Heinrich-Wirth-Strasse13, 95213, Munchberg, Germany",i.reichstein@biohealth-int.com,,,Germany,,Specialised Finished Products | Dietary supplements | Functional beverages | Functional confectionery | Functional food | Functional powders | Protein products,Dosage Formats | Capsules | Gummies | Lozenges | Powders | Tablets,Bone & Joint Health | Cognitive & Mental Health | Healthy Ageing | Sports Nutrition,Contract manufacturing,Gluten-free | Vegan,https://www.ingredientsnetwork.com/bhi-biohealth-international-gmbh-comp317474.html
304977,Comercial Quimica Masso S.A.,"Comercial Química Massó distributes chemical specialities for the nutraceutical and food industry – find more information https://www.cqmasso.com/food CQMassó is a family owned company with more than 60 years of experience in different sectors, with a wide commercial network with a presence in more than 16 countries and a team of people expert in providing solutions to all your needs. Green Plants Extracts, whom is part of CQMASSÓ, manufacturers high-quality ingredients that have been scientifically demonstrated to be effective through rigorous research, including our own published studies. – find more information https://greenplantsextracts.com/",,Distributor,"Ingredient Mixtures, Synbiotics | Specialised Finished Products: Dietary supplements","Vitafoods Europe 2027 - 18-20 May 2027 - Visit us at stand 2K143, 2K202 | Vitafoods Asia 2026 - 02 - 04 Sept 2026 - We were at stand H5-F32 | Vitafoods Europe 2026 - 05 - 07 May 2026 - We were at stand 3B72 | Vitafoods Europe 2025 - 20 - 22 May 2025 - We were at stand 3K103","Viladomat 321, 5ª planta - 08029, 08029, Barcelona, Spain",eguardia@cqmasso.com,+34 934952500,https://www.cqm.es,Spain,"Ingredient Mixtures, Synbiotics",Specialised Finished Products | Dietary supplements,,,,,https://www.ingredientsnetwork.com/comercial-quimica-masso-s-a-comp304977.html
307400,BNS - Boston Nutraceutical Science S.L,"Boston Nutraceutical Science (BNS) specializes in nutraceutical and OTC pharmaceutical solutions , backed by more than six decades of manufacturing expertise. We bring strong capabilities in functional gummies and sports nutrition , offering innovative formats and market-ready concepts that help brands stand out across channels. Our approach combines scientific rigor, continuous innovation, and business acumen—empowering brands worldwide to grow safely, sustainably, and uniquely.We are the nutraceutical partner that understands your market.",Asia; Central/South America; Eastern Europe; Middle East; North America; Western Europe,Manufacturer: Finished Food Products,"Specialised Finished Products: Dietary supplements, Functional confectionery, Functional food, Pharma and OTC products, Protein products | Co-packing | Consulting | Contract manufacturing | Quality assurance | Dosage Formats: Food bars, Gummies, Lozenges | Immune Support | Sleep Health | Sports Nutrition",Vitafoods Europe 2027 - 18-20 May 2027 - Visit us at stand 2F77 | Vitafoods Europe 2026 - 05 - 07 May 2026 - We were at stand 4F42 | Vitafoods Europe 2025 - 20 - 22 May 2025 - We were at stand 3B136,"PASEO DE LA ESTACION S/N POL IND 1-4 PARC19, 03330, CREVILLENT, Spain",info@boston-nutraceutical.com,,,Spain,,Specialised Finished Products | Dietary supplements | Functional confectionery | Functional food | Pharma and OTC products | Protein products,Dosage Formats | Food bars | Gummies | Lozenges,Immune Support | Sleep Health | Sports Nutrition,Co-packing | Consulting | Contract manufacturing | Quality assurance,Quality Assurance,https://www.ingredientsnetwork.com/bns-boston-nutraceutical-science-s-l-comp307400.html
313936,LDC - Louis Dreyfus Company,"Louis Dreyfus Company is a leading merchant and processor of agricultural goods, founded in 1851. We leverage our global reach and extensive asset network to serve our customers and consumers around the world, delivering the right products to the right location, at the right time – safely, reliably and responsibly. Our activities span the entire value chain, from farm to fork, across a broad range of business lines (platforms): Coffee, Cotton, Food & Feed Solutions, Freight, Global Markets, Grains & Oilseeds, Juice, Rice, and Sugar. We help feed and clothe some 500 million people every year by originating, processing and transporting approximately 95 million tons of products. Structured as a matrix organization of six geographical regions and ten platforms, Louis Dreyfus Company is active in over 100 countries and employs approximately 17,000 people globally.",Africa; Asia; Australia; Central/South America; Eastern Europe; Middle East; North America; Western Europe,Manufacturer: Ingredients / Additives,"Additives incl. Flavourings & Colours: Emulsifiers, Stabilisers, Thickeners, Flavourings, Other Additives | Carbohydrates, Sugars | Fats & Oils: Fats & Oils - Algae, Fats & Oils - Plant | Ingredient Mixtures, Synbiotics | Proteins, Enzymes, Amino Acids | Finished Food Categories: Beverages / Juices, Plant-based foods | Specialised Finished Products: Dietary supplements | Dosage Formats: Liquids, Powders | Physical Formats: Concentrated, Liquid | Metabolic Health | Sports Nutrition",Fi Europe 2026 - 17-19 November 2026 - Visit us at stand 31D90,"29 Rte de L’Aéroport Case postale 236, 1215, GENEVA, Switzerland",global-ingredients@ldc.com,+41 58 688 2700,,Switzerland,"Additives incl. Flavourings & Colours | Carbohydrates, Sugars | Fats & Oils | Ingredient Mixtures, Synbiotics | Proteins, Enzymes, Amino Acids",Finished Food Categories | Beverages / Juices | Plant-based foods | Specialised Finished Products | Dietary supplements,Dosage Formats | Liquids | Powders | Physical Formats | Concentrated | Liquid,Metabolic Health | Sports Nutrition,,Health & Safety | Natural | Non-GMO | Sustainable | Traceable | Vegan | Vegetarian,https://www.ingredientsnetwork.com/ldc-louis-dreyfus-company-comp313936.html
309074,Valeo Farma Societa Cooperativa,"Valeo Farma is a herbal company specialized in the production of food supplements and phytotherapeutic products on behalf of third parties. Each project is built together in all its phases and is successfully completed on time and maintaining constantly high quality standards. The coherent use of resources, the search for quality and respect for a landscape made up of harmonies and contrasts, is based on important collaborations with research institutions and university institutes , such as the University of Palermo. Lease is, in particular, the exchange of professionalism who are offered the opportunity to increase their skills within a latest generation laboratory , with staff of the highest quality and preparation. The constant training to which the Technical Management submits the operators and Visitors contributes to guaranteeing that knowledge of the practices is fairly and widely acquired and applied by every actor in company life. Constant exchanges with national and foreign institutions make it possible to increase the technical capital and the curriculum studiorum of the active staff. The constant acquisition of information and data from the best-known databases and scientific journals allow Valeo Farma to update its technical and cultural background on a daily basis in order to keep up with new products and new and improved global practices. We can help you develop it, being there every step of the way up to its final formulation. Alternatively, we can customize one of our standard products for you. The Valeo Farma team is expert in the individual and creative development of innovative and personalized recipes based on your needs.",,,"Bioactive Compounds - Other | Herbs, Spices | Specialised Finished Products: Dietary supplements","Vitafoods Europe 2027 - 18-20 May 2027 - Visit us at stand 3F81, 3G82 | Vitafoods Europe 2026 - 05 - 07 May 2026 - We were at stand 4F10 | Vitafoods Europe 2025 - 20 - 22 May 2025 - We were at stand 4C36","Contrada Canne Masche Snc Palermo, 90018, termini imerese, Italy",,,https://www.valeofarma.it/,Italy,"Bioactive Compounds - Other | Herbs, Spices",Specialised Finished Products | Dietary supplements,,,,,https://www.ingredientsnetwork.com/valeo-farma-societa-cooperativa-comp309074.html
307490,Kaneka Medical Europe N.V.,"Ubiquinol is the active form of the powerful antioxidant, Coenzyme Q10 (CoQ10), which is found naturally in the body as well as in many natural foods. Ubiquinol is responsible for energy production in each cell of our body and is vital for supporting optimal health and energy levels. As we age, our Ubiquinol levels have been shown to decline. In supplement form, Ubiquinol is the active, antioxidant form of CoQ10 that’s ready for immediate use by the body. Benefits: More easily absorbed into the body compared to standard CoQ10. Powers Your Cells – helps your body’s cells convert energy. Strong antioxidant – helps soak up oxidative stress and free radicals. Support the heart – helps maintain a healthy heart and vascular system. Cholesterol Support – helps maintain healthy LDL (bad) cholesterol levels in healthy people.",,,Bioactive Compounds - Other,Vitafoods Europe 2027 - 18-20 May 2027 - Visit us at stand 3G216 | Vitafoods Europe 2026 - 05 - 07 May 2026 - We were at stand 3B102 | Vitafoods Europe 2025 - 20 - 22 May 2025 - We were at stand 3J120,"Alma Court lenneke Marelaan 4, 1932, Zaventem, Belgium",,,https://www.kanekaqh.info/,Belgium,Bioactive Compounds - Other,,,,,,https://www.ingredientsnetwork.com/kaneka-medical-europe-n-v-comp307490.html
308116,Lesaffre,"For centuries, fermentation has been used all over the world: to fight waste, to preserve our food, to give more taste… And for more than 170 years, at Lesaffre, we have been working with passion and expertise on its formidable properties. We strongly believe that fermentation is one of the most promising answers to feed 9 billion people in a safer, healthier and more sustainable way. Our ambition is to be one of the leaders of the movement around fermentation. Today, microorganisms and ingredients constitute a new wide field to explore, to open up, and exciting boundaries to push. Faced with such challenges, we cannot progress alone. It is through our teams’ passion and commitment that we can enhance our partnerships. Everywhere in the world, locally, in our plants, our applied science and research centers, our offices… Our women and men put their energy and enthusiasm into building solid and trusted partnerships to innovate, develop, train and move forward together.",,Manufacturer: Ingredients / Additives,"Fungi & Yeasts, Microorganisms & Probiotics, Mushrooms",Fi Europe 2026 - 17-19 November 2026 - Visit us at stand 31G46,"103 Rue Jean Jaures, Maison-Alfort, 94700, Maisons-Alfort Cedex, France",c.ly@biospringer.lesaffre.com,+33(0)1 49 77 18 45,https://www.lesaffre.com/,France,"Fungi & Yeasts, Microorganisms & Probiotics, Mushrooms",,,,,,https://www.ingredientsnetwork.com/lesaffre-comp308116.html
307560,PHYTEO LABORATOIRE,"Phytéo Laboratoire, a brand of the Herbarom group, is your global partner for the development and manufacture of your food supplements. Experts in nutraceuticals for over 20 years, we are specialised in liquid and dry galenic forms. Thanks to our knowledge of phytotherapy and natural plant-based ingredients, we can offer solutions tailored to the needs of the market and those of your customers. Our nutrition/health DNA also enables us to offer you our expertise in flavouring of food supplements. We have 3 production sites based in France.",Africa; Asia; Eastern Europe; Middle East; North America; Western Europe,Contract Manufacturer,"Algae, Botanicals, Carotenoids, Flavonoids | Bioactive Compounds - Other | Finished Food Categories: Plant-based foods | Specialised Finished Products: Dietary supplements | Contract manufacturing",Vitafoods Europe 2027 - 18-20 May 2027 - Visit us at stand 3A133 | Vitafoods Europe 2026 - 05 - 07 May 2026 - We were at stand 3G130 | Vitafoods Europe 2025 - 20 - 22 May 2025 - We were at stand 3G121,"31 avenue de Lautagne, 26 000, VALENCE, France",e.brisset@herbarom-groupe.com,,https://www.phyteo-laboratoire.com,France,"Algae, Botanicals, Carotenoids, Flavonoids | Bioactive Compounds - Other",Finished Food Categories | Plant-based foods | Specialised Finished Products | Dietary supplements,,,Contract manufacturing,,https://www.ingredientsnetwork.com/phyteo-laboratoire-comp307560.html
249911,Barentz International B.V.,"At Barentz, we are passionate about delivering better ingredient solutions to the global food & beverage industry. More than a distributor, we act as a trusted partner, combining the best ingredients from world-class suppliers with our technical expertise and tailored application support. With over 2,800+ specialists across 70+ countries and 37 state-of-the-art application labs, we bring global reach and local knowledge to every customer challenge. From customized nutrition and taste systems to regulatory guidance and market insights, our solutions help brands stay ahead of consumer trends and industry standards. By embracing innovation and sustainability, we empower our partners to create products that improve health, taste, and enjoyment for consumers worldwide. Barentz. Always a better solution.",Africa; Asia; Australia; Central/South America; Eastern Europe; Middle East; North America; Western Europe,Distributor,"Additives incl. Flavourings & Colours: Emulsifiers, Stabilisers, Thickeners, Other Additives | Carbohydrates, Sugars | Dietary Fibres, Prebiotics | Eggs & Egg Products | Fungi & Yeasts, Microorganisms & Probiotics, Mushrooms | Ingredient Mixtures, Synbiotics | Proteins, Enzymes, Amino Acids | Vitamins, Minerals | Finished Food Categories: Cereal and grain products, Pet Food, Plant-based foods | Specialised Finished Products: Dietary supplements, Functional beverages, Functional food | Encapsulating",Fi Europe 2026 - 17-19 November 2026 - Visit us at stand 31G80 | Vitafoods Europe 2027 - 18-20 May 2027 - Visit us at stand 2D166 | Vitafoods Europe 2026 - 05 - 07 May 2026 - We were at stand 3A72 | Vitafoods Europe 2025 - 20 - 22 May 2025 - We were at stand 3K46,"Burnhamstraat 8, 2132 GZ, Hoofddorp, Netherlands",communications@barentz.com,+31 (0) 23 567 34 56,https://www.barentz.com,Netherlands,"Additives incl. Flavourings & Colours | Carbohydrates, Sugars | Dietary Fibres, Prebiotics | Eggs & Egg Products | Fungi & Yeasts, Microorganisms & Probiotics, Mushrooms | Ingredient Mixtures, Synbiotics | Proteins, Enzymes, Amino Acids | Vitamins, Minerals",Finished Food Categories | Cereal and grain products | Pet Food | Plant-based foods | Specialised Finished Products | Dietary supplements | Functional beverages | Functional food,,,Encapsulating,,https://www.ingredientsnetwork.com/barentz-international-b-v-comp249911.html
326010,Catalina Food Solutions,"With over 80 years of experience in the food sector, Catalina Food Solutions is a recognized leader in the creation and production of food formulations. Our commitment to quality and innovation has allowed us to build a solid reputation and expand into new markets. We specialize in blending additives, research, and ingredients to offer tailor-made complete preparations for the food industry. Our vision is to adapt and create new products that shape the future of food, placing special emphasis on flavor, aroma, texture, appearance, stability, preservation, performance, healthy eating, food safety, and the environment. We have state-of-the-art laboratories and a team of highly qualified professionals dedicated to studying and analyzing the latest market trends and scientific advances. At Catalina Food Solutions, we believe in integral sustainability and work to ensure food safety and nutrition for all, without compromising the economic, social, and environmental foundations for future generations.",Africa; Asia; Australia; Central/South America; Eastern Europe; Middle East; North America; Western Europe,Manufacturer: Ingredients / Additives,"Additives incl. Flavourings & Colours: Antioxidants, Emulsifiers, Stabilisers, Thickeners, Flavour Enhancers, Flavourings, Preservatives | Algae, Botanicals, Carotenoids, Flavonoids | Finished Food Categories: Plant-based foods | Specialised Finished Products: Functional food",Fi Europe 2026 - 17-19 November 2026 - Visit us at stand 41M11,"Ctra de Mazarron Km-2, Avd. de Mercamurcia, 30120, El Palmar/Murcia, Spain",patrick@catalinafoodsolutions.com,,https://www.catalinafoodsolutions.com,Spain,"Additives incl. Flavourings & Colours | Algae, Botanicals, Carotenoids, Flavonoids",Finished Food Categories | Plant-based foods | Specialised Finished Products | Functional food,,,,,https://www.ingredientsnetwork.com/catalina-food-solutions-comp326010.html
248701,ALPAVIT GmbH & Co. KG,"ALPAVIT is part of the private Champignon-Hofmeister group - with over 100 years of brand experience in one of the most tradition-steeped and successful companies in German dairy production. Within the group, ALPAVIT is responsible for manufacturing and distributing dried milk and whey products. ALPAVIT impresses globally with its years of learning, innovative power and outstanding customer service. Our way of working is characterized by high flexibility, short decision paths and close cooperation between distribution, production, quality assurance and logistics. We are an impressive, reliable and efficient partner. With our high-quality products, we have gained the trust of the most renowned manufacturers of world-leading brands. The satisfaction of our customers is the motor that drives our business.",Africa; Asia; Australia; Central/South America; Eastern Europe; Middle East; North America; Western Europe,Manufacturer: Ingredients / Additives,"Additives incl. Flavourings & Colours: Sweeteners | Carbohydrates, Sugars: Oligo- and polysaccharides | Dairy Ingredients | Fruit, Seeds, Nuts & Peanuts, Vegetables | Ingredient Mixtures, Synbiotics | Proteins, Enzymes, Amino Acids: Amino acids | Vitamins, Minerals | Finished Food Categories: Dairy, Infant & Baby food | Specialised Finished Products: Dietary supplements | Dosage Formats: Powders | Physical Formats: Ground | Children's Health | Digestive Health | Sports Nutrition",Fi Europe 2026 - 17-19 November 2026 - Visit us at stand 30G8,"Kemptener Straße 17-24, 87493, Lauben, Germany",info@alpavit.de,+49 8374 920,https://www.alpavit.de/,Germany,"Additives incl. Flavourings & Colours | Carbohydrates, Sugars | Dairy Ingredients | Fruit, Seeds, Nuts & Peanuts, Vegetables | Ingredient Mixtures, Synbiotics | Proteins, Enzymes, Amino Acids | Vitamins, Minerals",Finished Food Categories | Dairy | Infant & Baby food | Specialised Finished Products | Dietary supplements,Dosage Formats | Powders | Physical Formats | Ground,Children's Health | Digestive Health | Sports Nutrition,,Halal | Health & Safety | Kosher | Organic | Quality Assurance | Vegetarian,https://www.ingredientsnetwork.com/alpavit-gmbh-co-kg-comp248701.html
250281,Catalent Pharma Solutions,"Catalent brings over 85 years of expertise in formulation, product development, and commercial supply at scale for products in the over-the-counter, nutritional supplement, and beauty segments. Catalent produces a wide variety of consumer health products and partners with the top industry leaders to produce more than 5,000 products marketed in 70+ countries. With a broad array of consumer-preferred dose forms including softgel, gummy, soft-chew, and fast dissolve tablets, advanced development, manufacturing expertise, and a library of market-ready products, Catalent helps differentiate brands and expedite better products to market.",Asia; Australia; Central/South America; Eastern Europe; Middle East; North America; Western Europe,Contract Manufacturer,Specialised Finished Products: Dietary supplements | Analysis/ Testing | Blending & mixing | Co-packing | Consulting | Contract manufacturing | Encapsulating | Enzymatic processing | Extracting | Extrusion | Filling | Freeze Drying | Packaging | Packet filling | Spray drying,Vitafoods Asia 2026 - 02 - 04 Sept 2026 - Visit us at stand H1-B49 | Vitafoods Europe 2026 - 05 - 07 May 2026 - We were at stand 3J96 | Vitafoods Europe 2025 - 20 - 22 May 2025 - We were at stand 5D24,"200 Crossing Boulevard, 7th Floor, Bridgewater, United States",info@catalent.com,+1 8775871835,,United States,,Specialised Finished Products | Dietary supplements,,,Analysis/ Testing | Blending & mixing | Co-packing | Consulting | Contract manufacturing | Encapsulating | Enzymatic processing | Extracting | Filling | Freeze drying | Packaging | Packet filling | Spray drying,,https://www.ingredientsnetwork.com/catalent-pharma-solutions-comp250281.html
307414,"Chemo Iberica, S.A","At Chemo we manufacture and package dietary supplements and OTC medications. Combining all our experience and knowledge with the flexibility and proactivity required for these categories. We have extensive experience in the new product development process, providing support throughout the value chain, from formulation to manufacturing, including stability studies, clinical trials and regulatory support. We have a wide list of formulas ready to launch on the market within a wide range of therapeutic areas. Our facilities are pharmaceutical, which means that our products meet the strictest quality standards required by pharmaceutical production. Our value and competition compared to other companies is the constant improvement and innovation in our activity. Our division has the latest technology on the market and a specialized, dynamic, flexible and motivated team of people.",,Manufacturer: Finished Beverage Products,"Fungi & Yeasts, Microorganisms & Probiotics, Mushrooms | Specialised Finished Products: Dietary supplements | Dosage Formats: Capsules",Vitafoods Europe 2027 - 18-20 May 2027 - Visit us at stand 2D96 | Vitafoods Europe 2026 - 05 - 07 May 2026 - We were at stand 3J112 | Vitafoods Europe 2025 - 20 - 22 May 2025 - We were at stand 3B12,"el Pombo Angulo, 28 ,4º planta bo Angulo, 28 ,4º planta, 28050, Madrid, Spain",mbueno@insudpharma.com,,https://www.chemogroup.com,Spain,"Fungi & Yeasts, Microorganisms & Probiotics, Mushrooms",Specialised Finished Products | Dietary supplements,Dosage Formats | Capsules,,,,https://www.ingredientsnetwork.com/chemo-iberica-s-a-comp307414.html
318541,Freemen Nutra Group,"At Freemen Nutra, we empower our people and customers to become more successful by providing high quality nutritional ingredients and solutions. Freemen Nutra is committed to helping our clients in the food and beverage, dietary supplement, personal care and animal nutrition markets bring their innovative ideas to life as a leading raw ingredients distribution company. Our exceptional, ethically-sourced ingredients provide the solutions your brand needs to enhance its products’ performance, taste and nutritional benefits. What We Believe Although we are a modern, global company, we still operate on authentic, time-honored values. Freemen Nutra is built upon: Intelligence: Hands down, we are the experts in the global nutrition market. Our world headquarters in Shanghai allows us to act quickly to give you cutting-edge market intel at a moment’s notice. Integrity: We act purposefully and with integrity to build trusting, close partnerships with all of our customers and suppliers. Transparency: From ingredient formulation to product delivery at your doorstep, our ethically-sourced supply chain is entirely transparent. You know exactly what you’re getting, every step of the way. Customer Service: Each of our customers is assigned a dedicated customer service representative to give you in-depth support whenever you need it. Quality: We hold ourselves accountable for distributing only the highest quality nutritional products. Our Quality Assurance and Quality Control are best-in-class.",,,"Ingredient Mixtures, Synbiotics | Specialised Finished Products: Dietary supplements, Pet Dietary Supplements | Sports Nutrition",Fi Europe 2026 - 17-19 November 2026 - Visit us at stand 31H70 | Vitafoods Europe 2027 - 18-20 May 2027 - Visit us at stand 2G163 | Vitafoods Europe 2026 - 05 - 07 May 2026 - We were at stand 3C6,"Lange Kleiweg 52H, 2288GK, Rijswijk, Netherlands",,+31-85-4854488,https://www.shanghaifreemen.com,Netherlands,"Ingredient Mixtures, Synbiotics",Specialised Finished Products | Dietary supplements | Pet Dietary Supplements,,Sports Nutrition,,,https://www.ingredientsnetwork.com/freemen-nutra-group-comp318541.html
309046,HTC Health,"Global leader in health and wellbeing supplements. For VMS products supplied in bulk, to private labelling services and bespoke innovations. We’ve been relied upon for over 40 years, to develop and supply the finest quality and most innovative products in the VMS sector. That length of time is important, because the size, scale and success of HTC Health doesn’t happen overnight. And it means with our experience and capabilities we are the global leader in health and wellbeing, for products supplied in bulk, to private labelling services and bespoke innovations. We are proud to be experts in innovation, leading the way as the industry moves forward. Backed by EU & UK warehousing, a global supply chain, and in-house NPD, our team is set up to support you with all of your VMS requirements.",Asia; Eastern Europe; Middle East; North America; Western Europe,Distributor,"Algae, Botanicals, Carotenoids, Flavonoids | Dietary Fibres, Prebiotics | Proteins, Enzymes, Amino Acids | Vitamins, Minerals | Specialised Finished Products: Biotic products, Dietary supplements, Functional confectionery, Protein products | Labelling | Dosage Formats: Capsules, Gummies | Cognitive & Mental Health | Skin Health | Sports Nutrition | Women's Health",Vitafoods Europe 2027 - 18-20 May 2027 - Visit us at stand 2A79 | Vitafoods Europe 2026 - 05 - 07 May 2026 - We were at stand 3J70 | Vitafoods Europe 2025 - 20 - 22 May 2025 - We were at stand 5A20,"Fairoak 43, Fairoak Lane,, WA7 3DU, Runcorn, United Kingdom",info@htc.co.uk,,,United Kingdom,"Algae, Botanicals, Carotenoids, Flavonoids | Dietary Fibres, Prebiotics | Proteins, Enzymes, Amino Acids | Vitamins, Minerals",Specialised Finished Products | Biotic products | Dietary supplements | Functional confectionery | Protein products,Dosage Formats | Capsules | Gummies,Cognitive & Mental Health | Skin Health | Sports Nutrition | Women's Health,Labelling,,https://www.ingredientsnetwork.com/htc-health-comp309046.html
307629,VIVATIS Pharma,"Vivatis – helping our partners succeed in the API, intermediates, nutraceuticals and functional food sectors. Vivatis is an independent full-service provider for manufacturers, marketing authorisation holders, distributors and brand owners in the areas of pharmaceuticals (generics and product synthesis), cosmetics, nutraceuticals, food (including luxury and functional food), sports nutrition and detergent sectors. Our staff is committed to the Vivatis motto ""From Molecules to Finished Products"". This principle is reflected in the broadness of our portfolio, which includes identifying and qualifying sources of innovative ingredients right around the world (though primarily in the Asian market) and supplying active pharmaceutical ingredients (APIs), intermediates, finished formulations, nutraceutical ingredients, flavours, fragrances and food additives. Vivatis also offers a wide range of standard packaging solutions for pharmaceutical and cosmetics manufacturers, including dispensers and spray pumps, as well as custom solutions. There’s increasing demand, especially from chemicals companies, not just for starting materials but also advanced intermediates. Vivatis is able to integrate closely with clients’ value chains and supply pharmaceutical products at any stage of production. The same applies to the nutraceuticals sector, a market where companies are constantly looking for new product strategies. Vivatis offers everything that nutraceutical and functional food manufacturers and brand owners need, from product ideas to identifying new ingredients to qualifying suppliers to providing finished private-label products. Flavours, fragrances and additives are needed for the manufacture of many products, and this is reflected in the broad range of the department serving this sector. Vivatis owes its success in large part to the global supplier network that it has built up, which allows our clients to reliably procure products in the necessary quality and quantity and at fair conditions. Our employees work in a fast, transparent way, with expert industry knowledge and a focus on cost efficiency. Clients of all Vivatis divisions will enjoy a truly exceptional level of service and a strong, trusting partnership. Our clients range in size from small specialist manufacturers to mid-sized businesses to large corporations, some of who work with Vivatis to implement second-source strategies.",,,Additives incl. Flavourings & Colours | Specialised Finished Products: Functional food,"Vitafoods Europe 2027 - 18-20 May 2027 - Visit us at stand 2F176, 2F177 | Vitafoods Europe 2026 - 05 - 07 May 2026 - We were at stand 3C56 | Vitafoods Europe 2025 - 20 - 22 May 2025 - We were at stand 3K54","Grüner Deich 1-3, 20097, Hamburg, Germany",,,https://vivatis.de/,Germany,Additives incl. Flavourings & Colours,Specialised Finished Products | Functional food,,,,,https://www.ingredientsnetwork.com/vivatis-pharma-comp307629.html
307478,IMA S.p.A.,"Established in 1961, IMA is world leader in the design and manufacture of automatic machines for the processing and packaging of pharmaceuticals, cosmetics, food, tea and coffee. IMA’s mission is to invest in technologies that will improve the quality of life on the planet, reduce food waste, increase access to more effective drugs and allow greater respect for the environment. IMA is in the heart of the Packaging Valley, the advanced mechanics and industrial automation cluster in Emilia-Romagna, Italy, and its philosophy is based on research and innovation. Since 1961, for more than 50 years the company has produced hi-tech automatic machines for the processing and packaging of pharmaceuticals, cosmetics, food, tea and coffee Its position of leadership is the result of significant investment in R&D, regular and constructive dialogue with the end users in its sectors and the Group’s ability to expand internationally, conquering new markets.",,,"Algae, Botanicals, Carotenoids, Flavonoids",Vitafoods Europe 2027 - 18-20 May 2027 - Visit us at stand 3G109 | Vitafoods Europe 2026 - 05 - 07 May 2026 - We were at stand 5F6 | Vitafoods Europe 2025 - 20 - 22 May 2025 - We were at stand 4C10,"Via Emilia 428-442 Bologna, 40064, Ozzano Dell'emilia, Italy",,,https://www.ima.it,Italy,"Algae, Botanicals, Carotenoids, Flavonoids",,,,,,https://www.ingredientsnetwork.com/ima-s-p-a-comp307478.html
284361,Inalpi spa,"The INALPI supply chain is a short supply chain of people who share the same values as Inalpi and are proud of their work and our products. The aim is a final result of high quality, also from the point of view of safety and respect for workers and the environment. In order to guarantee widespread control and quality that exceeds normal standards, Inalpi Spa began several years ago a project to create a controlled fresh milk supply chain and signed a supply chain protocol.. Over the years, the project has taken shape with the definition of a technical protocol that requires the farmer to respect: animal housing and welfare sanitary management and animal health milk production and storage hygiene and milking milk quality animal nutrition environment and energy The compliance with all these points is 100% verified by appointed technicians who conduct audits directly in the barn.",,,Finished Food Categories: Dairy,Fi Europe 2026 - 17-19 November 2026 - Visit us at stand 51B8,"Via Cuneo 38, 12033, Moretta, Italy",gabriella.bollino@inalpi.it,+39 3480440618,https://INALPI.it,Italy,,Finished Food Categories | Dairy,,,,,https://www.ingredientsnetwork.com/inalpi-spa-comp284361.html
319339,Magtein,"Magtein® is a breakthrough magnesium compound developed to support brain health, memory, focus, and cognitive longevity. Backed by over a decade of scientific research and an extensive patent portfolio, Magtein® effectively crosses the blood-brain barrier to raise magnesium levels in the brain. This patented ingredient holds the highest standards of quality, safety, and efficacy and has established global commercial success.",Asia; Australia; Central/South America; Eastern Europe; Middle East; North America; Western Europe,Manufacturer: Ingredients / Additives,"Vitamins, Minerals | Specialised Finished Products: Dietary supplements, Functional beverages, Functional food | Cognitive & Mental Health",Fi Europe 2026 - 17-19 November 2026 - Visit us at stand 30G14 | Vitafoods Europe 2027 - 18-20 May 2027 - Visit us at stand 2D95 | Vitafoods Europe 2026 - 05 - 07 May 2026 - We were at stand 3J6 | Vitafoods Europe 2025 - 20 - 22 May 2025 - We were at stand 3M259,"19535 E Walnut Dr South, 91748, City of Industry, United States",hello@threotech.com,,,United States,"Vitamins, Minerals",Specialised Finished Products | Dietary supplements | Functional beverages | Functional food,,Cognitive & Mental Health,,,https://www.ingredientsnetwork.com/magtein-comp319339.html
317500,Marchesini Group,"We design and produce a wide range of packaging machines and lines for the pharmaceutical industry, designed to promptly respond to any kind of request, from standard to extraordinary. We produce stand-alone machines and complete lines to handle the entire packaging process of pharmaceutical products, from start to finish.",,,,Vitafoods Europe 2027 - 18-20 May 2027 - Visit us at stand 3G131 | Vitafoods Europe 2026 - 05 - 07 May 2026 - We were at stand 5F12 | Vitafoods Europe 2025 - 20 - 22 May 2025 - We were at stand 4C2,"Via Nazionale 100, 40065, PIANORO (BO), Italy",,,https://www.marchesini.com,Italy,,,,,,,https://www.ingredientsnetwork.com/marchesini-group-comp317500.html
478802,MEGGLE Food Ingredients,"Milk and whey are much more than just raw materials. As a pioneer in the processing of milk and whey products, for MEGGLE research and development is the key to success. The MEGGLE Business Unit Food Ingredients develops, produces and sells optimum solutions for the processing food industry in the segments Dairy, Savoury, Bakery & Sweet, as well as special products for individual requirements. Therefore the application engineers of MEGGLE work closely with B2B customers to develop and customize solutions according to current consumer needs. Products / Markets Our Single Ingredients - High-quality derivates from milk and whey: • Lactose • Infant-grade lactose (dry and wet blend) • Casein • Caseinate • WPC • MPC • Buttermilk powder • Protein-enriched whey powder Our specialty products for various applications: • Fat Powders (Edifett®) • Whipping Agents (Edifett® HWP) • Baking Emulsifier (Edifett® SCP) • Stabilising Compounds for Dairy Products (MTM®) • Functional Milk Protein Compounds (Burolac®, Megglosat®, Casinella®, Vinplus) • Stabilising Compounds for Meat & Sausages (Combimec®) • Coffee Whiteners & Cappuccino Foamers (Megglite®, Foamer)",,,,Fi Europe 2026 - 17-19 November 2026 - Visit us at stand 30G1,"Megglestrasse 6-12, 83512, Wasserburg, Germany",,,https://meggle-pharma.com,Germany,,,,,,,https://www.ingredientsnetwork.com/meggle-food-ingredients-comp478802.html
475438,Monteloeder / Gonmisol by Suannutra,"Suannutra is a global nutraceutical company delivering innovative botanical solutions for the health and wellness industry. Guided by its Visible Health™ platform, Suannutra combines scientific research, sustainable sourcing and market driven innovation to develop and distribute premium botanical ingredients worldwide. Through its two business units, Monteloeder, specializing in clinically studied branded ingredients, and Gonmisol, focused on next generation functional botanicals, Suannutra helps brands create differentiated products that meet evolving consumer needs.",,Contract Manufacturer,,Fi Europe 2026 - 17-19 November 2026 - Visit us at stand 30D55 | Vitafoods Europe 2027 - 18-20 May 2027 - Visit us at stand 2D150 | Vitafoods Europe 2026 - 05 - 07 May 2026 - We were at stand UWA2,"Diagonal Avenue 458, 08006, Barcelona, Spain",info@suannutra.com,(+34) 933 13 61 18,https://www.suannutra.com,Spain,,,,,,,https://www.ingredientsnetwork.com/monteloeder-gonmisol-by-suannutra-comp475438.html
317505,Nutratrade s.r.l,"Since 2014 distributors of raw materials for the nutraceutical sector. Nutratrade was founded in 2014 as a distributor of raw materials for the nutraceutical sector. Thanks to the experience in the sector acquired over the years by the company’s CEO, Nutratrade quickly managed to establish itself on the market as a valid alternative to the historical players. Its growth immediately became exponential, also thanks to the profitable collaborations developed over the years. At Nutratrade, we work to identify, and sometimes anticipate, your needs for desired raw materials. Competitive prices, high quality, technical support and the continuous in-house development of raw materials under our own brand, accompanied by research and numerous tests, are the result of an important teamwork implemented by the company team and its prestigious partners such as the University of Pavia, academic excellence in nutrition and raw material analysis. From small/medium-sized companies to multinational corporations, it is our responsibility to ensure the distribution of products that comply with safety, quality and efficiency regulations, without neglecting the competitive aspect of final costs.",,,Sports Nutrition,Vitafoods Europe 2027 - 18-20 May 2027 - Visit us at stand 2K186 | Vitafoods Europe 2026 - 05 - 07 May 2026 - We were at stand 5D38 | Vitafoods Europe 2025 - 20 - 22 May 2025 - We were at stand 4D18,"Via Como 57/B, 20033, Solaro, Italy",,+39 348 8984807,https://www.nutratradesrl.com/,Italy,,,,Sports Nutrition,,,https://www.ingredientsnetwork.com/nutratrade-s-r-l-comp317505.html
264531,"Pfannenschmidt GmbH, K.-W.","K.-W. Pfannenschmidt GmbH is a supplier of natural substances for use in dietary supplements, food products, cosmetics and pharmaceuticals. More than 400 health food ingredients are carried in stock. The company holds a pharmaceutical GMP manufacturing license, and is certified according to FSSC 22000, ABCert Organic (Code No. DE-ÖKO-006), Halal and Kosher. Additionally we are registered as supplier of feed additives in accordance with 183/2005 (EEC).",Africa; Asia; Australia; Central/South America; Eastern Europe; Middle East; North America; Western Europe,Raw Material Supplier,"Algae, Botanicals, Carotenoids, Flavonoids | Ingredient Mixtures, Synbiotics | Specialised Finished Products: Dietary supplements",Fi Europe 2026 - 17-19 November 2026 - Visit us at stand 30D61 | Vitafoods Europe 2027 - 18-20 May 2027 - Visit us at stand 2F219 | Vitafoods Europe 2026 - 05 - 07 May 2026 - We were at stand 3F24 | Vitafoods Europe 2025 - 20 - 22 May 2025 - We were at stand 3J127,"Habichthorst 34-36, 22459, Hamburg, Germany",,+49 405558660,https://www.pfannenschmidt.de,Germany,"Algae, Botanicals, Carotenoids, Flavonoids | Ingredient Mixtures, Synbiotics",Specialised Finished Products | Dietary supplements,,,,,https://www.ingredientsnetwork.com/pfannenschmidt-gmbh-k-w-comp264531.html
307559,PHARMEXTRACTA S.P.A.,"PharmExtracta S.p.A has been operating in the pharmaceutical and nutraceutical field for more than 30 years, bringing innovation and effective therapeutic solutions to the market. The utmost advanced knowledge of our R&D team in Phytotherapy, Probiotics and Nutraceuticals together with a constant communication with Health Care Professionals allows us to develop the most innovative solutions available on the market, to satisfy both patients’ and clinicians’ needs. PharmExtracta S.p.A presents a portfolio of innovative products developed form cutting-edge formulation rationales and obtained through the optimization of raw materials based on latest scientific discoveries. All finished products are validated by clinical studies published in top scientific journals. Continuous research activity, constant dialogue with Health Care Professionals and support to Pharmacist make PharmExtracta S.p.A a company contemporary to the future.",Asia; Central/South America; Eastern Europe; Middle East; North America; Western Europe,Distributor,"Dietary Fibres, Prebiotics: Prebiotics | Fungi & Yeasts, Microorganisms & Probiotics, Mushrooms | Ingredient Mixtures, Synbiotics | Specialised Finished Products: Biotic products, Dietary supplements, Functional beverages, Functional food, Pharma and OTC products | Dosage Formats: Drops, Gels, Sachets, Sprays, Sticks, Tablets | Cardiovascular Health | Cognitive & Mental Health | Digestive Health | Eye Health | Immune Support | Skin Health | Sleep Health | Women's Health",Vitafoods Europe 2027 - 18-20 May 2027 - Visit us at stand 2D85 | Vitafoods Europe 2026 - 05 - 07 May 2026 - We were at stand 3J24 | Vitafoods Europe 2025 - 20 - 22 May 2025 - We were at stand 3B6,"Via Natta, 28, 29010, Pontenure, Italy",e.fava@pharmextracta.com,,,Italy,"Dietary Fibres, Prebiotics | Fungi & Yeasts, Microorganisms & Probiotics, Mushrooms | Ingredient Mixtures, Synbiotics",Specialised Finished Products | Biotic products | Dietary supplements | Functional beverages | Functional food | Pharma and OTC products,Dosage Formats | Drops | Gels | Sachets | Sprays | Sticks | Tablets,Cardiovascular Health | Cognitive & Mental Health | Digestive Health | Eye Health | Immune Support | Skin Health | Sleep Health | Women's Health,,Gluten-free | Non-GMO | Vegan,https://www.ingredientsnetwork.com/pharmextracta-s-p-a-comp307559.html
478830,ROUSSELOT,"Rousselot: Reaching further together Rousselot is the global leader of collagen-based solutions* for the food, health and nutrition, biomedical and pharmaceutical sectors. We convert the full potential of the collagen molecule into solutions that sustain people’s health and well-being. Working in partnership with our global customer-base, we deliver advanced ingredient solutions that enable innovation, excite today’s consumers, and contribute to public health. Through our state-of-the-art operations, extensive technical expertise and sustained scientific research, we help our customers achieve their goals, create world-class products, and we “Reach further together”. Rousselot is Darling Ingredients' health brand. *Collagen, Market estimates and trend analysis, 2022 Grand View Research.",,,,Fi Europe 2026 - 17-19 November 2026 - Visit us at stand 31G56 | Vitafoods Europe 2027 - 18-20 May 2027 - Visit us at stand 2G195 | Vitafoods Europe 2026 - 05 - 07 May 2026 - We were at stand 3C146,"Kanaaldijk Noord 20, 5691, NM Son, Netherlands",,,https://www.Rousselot.com,Netherlands,,,,,,,https://www.ingredientsnetwork.com/rousselot-comp478830.html
319576,SINOMEGA Biotech Engineering Co Ltd,"Zhoushan Sinomega Biotech Engineering Co., Ltd. (referred to as SINOMEGA) is an enterprise intergrating production, R&D and sales. Specialized in the manufacture of one of the most reliable sources of Omega-3 marine fatty acids, SINOMEGA plays an important and leading role in the global markets. Sinomega Biotech Engineering Co., Ltd. manufactures and supplies one of the most reliable sources of Omega-3 marine fatty acids(fish oils) in the world market. Sinomega is a subsidiary of China's top seafood processor Zhejiang Industrial Group-a Joint Venture with the Japanese conglomerate Maruha Nichiro. Both companies have long years of experience in marine foods and nutraceuticals and enjoy great reputation in the marketplace. Aiming at the forefront of the world's scientific achievements, SINOMEGA has been making consistent efforts to seek excellence through innovation. Our state-of-the-art equipments & facilities, special design and knowhow, strong R&D support and in particular, our decade-long experience have made us different among the players. Sinomega is located at Zhoushan Islands, China-a place renowned for the biggest fishing port as well as the most popular Buddhism resort in the country. Furthermore, it has just been approved in June 2011 by the central government to be the 4th national economic new area(same as Pudong New Area Shanghai) of the country .The unique geographical advantage not only renders SINOMEGA people the spaciousness of mind but also the wisdom of win-win cooperation. We will commit ourselves to build partnership with our customers around the globe by bringing them incomparable value.",,,"Additives incl. Flavourings & Colours | Fats & Oils | Specialised Finished Products: Dietary supplements, Nutricosmetics",Vitafoods Europe 2027 - 18-20 May 2027 - Visit us at stand 3G235C | Vitafoods Europe 2026 - 05 - 07 May 2026 - We were at stand 4F52D | Vitafoods Europe 2025 - 20 - 22 May 2025 - We were at stand 4D38B,"NO. 1 Xingye Road, Galan, Dinghai, 316000, Zhejiang, China",,,https://www.sinomega-biotech.com,China,Additives incl. Flavourings & Colours | Fats & Oils,Specialised Finished Products | Dietary supplements | Nutricosmetics,,,,,https://www.ingredientsnetwork.com/sinomega-biotech-engineering-co-ltd-comp319576.html
317519,Sirio Europe GmbH & Co. KG,"From the first softgels manufactured by SIRIO Pharma Co. in 1993 to SIRIO’s expansion into the USA and Europe, explore the milestones in SIRIO Europe’s history that have led to the organisation’s position at the forefront of dietary supplement development. SIRIO Europe has a rich history spanning over 25 years. Pushing the boundaries of pharmaceutical development since 1992, SIRIO has unrivalled experience in manufacturing high quality gummies and softgels and creating innovative solutions for its clients, championing quality and compliance at all times.",,Contract Manufacturer,"Specialised Finished Products: Biotic products, Dietary supplements, Functional confectionery, Protein products | Co-packing | Contract manufacturing | Encapsulating | Packaging | Dosage Formats: Capsules, Gummies | Cardiovascular Health | Cognitive & Mental Health | Digestive Health | Healthy Ageing | Immune Support | Metabolic Health",Vitafoods Europe 2027 - 18-20 May 2027 - Visit us at stand 2A97 | Vitafoods Europe 2026 - 05 - 07 May 2026 - We were at stand 3G40 | Vitafoods Europe 2025 - 20 - 22 May 2025 - We were at stand 3D42,"Am Hünengrab 20, 16928, Pritzwalk, Germany",sirio.info@siriopharma.eu,,,Germany,,Specialised Finished Products | Biotic products | Dietary supplements | Functional confectionery | Protein products,Dosage Formats | Capsules | Gummies,Cardiovascular Health | Cognitive & Mental Health | Digestive Health | Healthy Ageing | Immune Support | Metabolic Health,Co-packing | Contract manufacturing | Encapsulating | Packaging,Vegan,https://www.ingredientsnetwork.com/sirio-europe-gmbh-co-kg-comp317519.html
249264,Stern-Wywiol Gruppe GmbH & Co.KG,"United under the Stern-Wywiol Gruppe umbrella, twelve German specialist companies develop and produce custom functional systems. One of our key advantages is the state-of-the art application expertise of our Stern-Technology Center, with its wide range of pilot equipment for bread, pastry and pasta, dairy, deli, meat and confectionary products. From hundreds of raw materials, we systematically identify synergies between ingredients to develop high-performance functional systems and individual solutions. With over 150 developers worldwide and own affiliates in 16 countries, we export to over 130 countries.",Africa; Asia; Australia; Central/South America; Eastern Europe; Middle East; North America; Western Europe,Manufacturer: Ingredients / Additives,"Additives incl. Flavourings & Colours: Emulsifiers, Stabilisers, Thickeners, Other Additives | Ingredient Mixtures, Synbiotics | Proteins, Enzymes, Amino Acids | Finished Food Categories: Cereal and grain products, Confectionery, Dairy, Meat, Poultry & Fish, Plant-based foods | Specialised Finished Products: Dietary supplements, Functional beverages, Functional food | Contract manufacturing | Encapsulating | Packaging",Fi Europe 2026 - 17-19 November 2026 - Visit us at stand 31K56,"An der Alster 81, 20099, Hamburg, Germany",hbielenberg@stern-wywiol-group.de,+49 402840390,https://www.stern-wywiol-gruppe.de,Germany,"Additives incl. Flavourings & Colours | Ingredient Mixtures, Synbiotics | Proteins, Enzymes, Amino Acids","Finished Food Categories | Cereal and grain products | Confectionery | Dairy | Meat, Poultry & Fish | Plant-based foods | Specialised Finished Products | Dietary supplements | Functional beverages | Functional food",,,Contract manufacturing | Encapsulating | Packaging,,https://www.ingredientsnetwork.com/stern-wywiol-gruppe-gmbh-co-kg-comp249264.html
309070,Tecnomaco Italia S.r.l.,"TECNOMACO was founded in 1994. Back then it operated in a small plant – 120 Sqm – and employed only 5 people. Since then our company has continually increased its market share and clinched strategic partnerships. TODAY it has over 70 employees in a 7000 Sqm plant and over 1000 of our stand alone machines and production lines are working everyday in 75 countries. We design and manufacture machines for counting, blistering, liquid filling-capping, powder dosing, labeling, alu printing and weight-checking. We are also able to provide complete packaging lines for pharmaceutical, nutraceutical and cosmetic industries. At the same time we can offer technical interventions on existing machines, engineering services, after sales assistance, supply new size parts and much more.",,,"Specialised Finished Products: Nutricosmetics, Pharma and OTC products",Vitafoods Europe 2027 - 18-20 May 2027 - Visit us at stand 3G141 | Vitafoods Europe 2026 - 05 - 07 May 2026 - We were at stand 5H14 | Vitafoods Europe 2025 - 20 - 22 May 2025 - We were at stand 4B2,"Via della Meccanica, 28 Aprilia (LT), 04011, Italy",,,https://www.tecnomaco.com,Italy,,Specialised Finished Products | Nutricosmetics | Pharma and OTC products,,,,,https://www.ingredientsnetwork.com/tecnomaco-italia-s-r-l-comp309070.html
324224,CAM - A.M.R.P.,"CAM, founded in 1949, has been the first Italian designer of automatic machines for packaging into cartons. CAM's range of machines has expanded and CAM can now supply complete packaging lines for all industrial sectors including Pharmaceutical, Cosmetic and Food. The CAM trade mark represents a structure involving 15 Manufacturing Companies, 17 Trade Centers with Agents scattered in 27 countries and 14 After Sales Centers to provide technical assistance throughout the world.",,,,Vitafoods Europe 2026 - 05 - 07 May 2026 - We were at stand 5F38 | Vitafoods Europe 2025 - 20 - 22 May 2025 - We were at stand 4C1,"Vogesenstrasse 132, 4056, Basel, Switzerland",,,https://www.campackaging.it,Switzerland,,,,,,,https://www.ingredientsnetwork.com/cam-a-m-r-p-comp324224.html
324957,CJ BIO,"CJ BIO is a business unit leading innovations and enhancing wellness in the food and nutrition market through synergy with CJ Cheiljedang’s 71 years of top-tier food and biotechnology expertise. We understand customer needs for efficiency and sustainability, actively reflecting these needs in our products and services. ​We aim to become a ‘Global Total Solution Provider,’ enabling healthier and sustainable lifestyles through cutting-edge R&D infrastructure, client growth, and partnerships with companies and the health and wellness community. With 200 R&D experts, we provide customized solutions for the diverse needs of health-conscious consumers through BiomeNrich™ for probiotics and postbiotics, and WellNrich™ for wellness.​",Asia; Central/South America; Eastern Europe; Middle East; North America; Western Europe,Manufacturer: Ingredients / Additives,"Additives incl. Flavourings & Colours: Emulsifiers, Stabilisers, Thickeners, Flavourings, Other Additives | Fungi & Yeasts, Microorganisms & Probiotics, Mushrooms | Ingredient Mixtures, Synbiotics | Proteins, Enzymes, Amino Acids | Specialised Finished Products: Biotic products | Dosage Formats: Liquids | Digestive Health | Immune Support | Skin Health | Sports Nutrition | Weight Management","Vitafoods Europe 2026 - 05 - 07 May 2026 - We were at stand 4D52G | Vitafoods Europe 2025 - 20 - 22 May 2025 - We were at stand 5B48D, 5B56","330 Dongho-ro, Jung-Gu, 04560, Soeul, Korea, Republic of",sh.paik@cj.net,+82267401328,,"Korea, Republic of","Additives incl. Flavourings & Colours | Fungi & Yeasts, Microorganisms & Probiotics, Mushrooms | Ingredient Mixtures, Synbiotics | Proteins, Enzymes, Amino Acids",Specialised Finished Products | Biotic products,Dosage Formats | Liquids,Digestive Health | Immune Support | Skin Health | Sports Nutrition | Weight Management,,Halal | Health & Safety | Kosher | Non-GMO | Vegan,https://www.ingredientsnetwork.com/cj-bio-comp324957.html
319887,Impact Ingredients International AG,"Impact Ingredients is a diversified nutritional food oil processor and trader. Based in Europe with a global customer base, Impact Ingredients brings extensive knowledge and expertise to sourcing, refining and formatting specialty nutritional oils. Our focus in sustainable, non-GMO oils is centered on Omega-3s, MCT, algal and marine oils and more offering the greatest variety of options with the highest purity and functionality for our discerning clients. . Did you know? Impact Ingredients is the exclusive Scandinavia / Benelux distribution agent for Lyxia Corp and the AlgaLab® Natural EPA Polar Lipids portfolio. AlgaLab Natural EPA is derived from Lyxia's own sustainably farmed Nannochloropsis sp. microalgae producing greater than 70% polar lipids! AlgaLab Omega-3 products perform like no other Omega-3s in the world demonstrating the power of plant-based polar lipids for cardiovascular health, cognitive support and general health maintenance.",Asia; Australia; Central/South America; Eastern Europe; Middle East; North America; Western Europe,Distributor,Fats & Oils | Finished Food Categories: Cooking Fats & Oils | Specialised Finished Products: Dietary supplements | Cardiovascular Health | Cognitive & Mental Health,Vitafoods Europe 2026 - 05 - 07 May 2026 - We were at stand 4F52L | Vitafoods Europe 2025 - 20 - 22 May 2025 - We were at stand 4D38J,"Neuhofstrasse 16, 8834, Schindellegi, Switzerland",henriette@impact-ingredients.ch,,https://impact-ingredients.ch,Switzerland,Fats & Oils,Finished Food Categories | Cooking Fats & Oils | Specialised Finished Products | Dietary supplements,,Cardiovascular Health | Cognitive & Mental Health,,,https://www.ingredientsnetwork.com/impact-ingredients-international-ag-comp319887.html
307424,Dcc Health & Beauty Solutions,"HBI Health & Beauty Innovations manufactures and supplies nutritional, cosmetic, health and pharmaceutical products to world-leading health and beauty companies. With over 3,000 customers and more than 2,600 experts working across eight facilities, HBI Health & Beauty Innovations is customer-focused with a true partnership approach. Our goal is to create products specifically developed to suit your requirements. HBI Health & Beauty Innovations values partnership, excellence, integrity and safety, and works in close and confidential partnership with all brands and suppliers. We build strong lasting relationships which transform great ideas into ground-breaking products. What Does HBI Health & Beauty Innovations Do? Working with many global market-leading brands and businesses, HBI Health & Beauty Innovations has likely manufactured or packaged products you see every day in the pharmacy or your own bathroom cabinet. Our expert team believes in more than simply making a product, HBI Health & Beauty Innovations is invested in our clients’ success and focus on stability, claims, presentation and product reach. HBI Health and Beauty supports and guides nutrition and beauty brands, specialist retailers, direct sales companies and consumer healthcare companies. Growing Through Acquisition What makes HBI Health & Beauty Innovations unique is that our business is continually growing organically with investments in the existing business and through strategic acquisitions. HBI Health & Beauty Innovations is always looking for ways to grow our business, whether that’s working with new clients or expanding our manufacturing capabilities in new locations and adjacent sectors.",Africa; Asia; Australia; Central/South America; Eastern Europe; Middle East; North America; Western Europe,Contract Manufacturer,"Additives incl. Flavourings & Colours | Algae, Botanicals, Carotenoids, Flavonoids | Dietary Fibres, Prebiotics | Fungi & Yeasts, Microorganisms & Probiotics, Mushrooms | Proteins, Enzymes, Amino Acids | Finished Food Categories: Plant-based foods | Specialised Finished Products: Biotic products, Dietary supplements | Analysis/ Testing | Contract manufacturing | Encapsulating | Labelling | Packaging | Dosage Formats: Capsules, Gummies",Vitafoods Europe 2026 - 05 - 07 May 2026 - We were at stand 3G138 | Vitafoods Europe 2025 - 20 - 22 May 2025 - We were at stand 3J74,"9-11 Hardwick Road, Astmoor Industrial Estate, WA7 1PH, Runcorn, Cheshire, United Kingdom",enquires@hbidcc.com,+44(0)1928 573734,https://www.hbidcc.com,United Kingdom,"Additives incl. Flavourings & Colours | Algae, Botanicals, Carotenoids, Flavonoids | Dietary Fibres, Prebiotics | Fungi & Yeasts, Microorganisms & Probiotics, Mushrooms | Proteins, Enzymes, Amino Acids",Finished Food Categories | Plant-based foods | Specialised Finished Products | Biotic products | Dietary supplements,Dosage Formats | Capsules | Gummies,,Analysis/ Testing | Contract manufacturing | Encapsulating | Labelling | Packaging,,https://www.ingredientsnetwork.com/dcc-health-beauty-solutions-comp307424.html
317485,ELADIET SA,"*At ELADIET, we create natural solutions to enhance health and well-being, promoting a healthy lifestyle.* Founded in *1985* by *Amelia Boix* , *ELADIET* began as a small pharmaceutical laboratory dedicated to phytotherapy and medicinal plants. Since then, we have consistently applied the same curiosity and passion to research and explore the wonders of nature. *Our* *Mission* has always been *to transform and improve the food supplement* industry by developing comprehensive formulations with a sole focus on people's well-being. From our roots in traditional phytotherapy and pharmaceutical applications of medicinal plants to the broad spectrum of modern food supplements, our commitment remains unchanged: to use our knowledge of nature to serve society and foster a healthier, more balanced lifestyle. Today, *ELADIET* remains a family-owned business. After *40 years of passionate work* , over 100 dedicated professionals contribute daily to the development of innovative, effective, and high-quality natural food supplements designed to improve people's health. *Our commitment to growth is global* , with an ongoing strategy of international expansion. While we remain based in Spain, we are now present in several countries worldwide through our network of distributors. *WHAT SETS US APART?* * *Innovation* : We leverage the latest scientific research and cutting-edge manufacturing technologies to deliver high-quality, effective products. * *100% In-House Production* : Our 1,500 m² manufacturing facilities ensure that all our products are developed and produced in-house at our state-of-the-art plant. * *Guaranteed Quality* : Every product adheres to the highest pharmaceutical quality standards, ensuring safety and effectiveness. * *Comprehensive Service* : Our excellence spans multiple areas, including regulatory compliance, R&D, sales, marketing, quality assurance, supply chain management, and manufacturing. Interested in becoming an *Eladiet distributor* ? Reach out to us at [email protected] .",,,"Vitamins, Minerals",Vitafoods Europe 2026 - 05 - 07 May 2026 - We were at stand 3J48,"C/ Salvador Espriu, 32 P.I. Sud EI Papiol, poli. Ind. Sud el Papiol, 08754, Barcelona, Spain",,,https://www.eladiet.com/,Spain,"Vitamins, Minerals",,,,,,https://www.ingredientsnetwork.com/eladiet-sa-comp317485.html
309628,"Hangzhou VIGO Biotech Co., Ltd.","VIGO Nutrition is your valuable supplier for natural and functional ingredients of dietary supplements, sport nutrition, pharmaceuticals, cosmetics etc. including the plant extracts, vitamins, amino acids and other specialties. We are working with qualified and reliable suppliers specializing in R&D and manufacturing nutraceuticals and pharmaceutical ingredients globally, we strictly control our products quality through our qualified partners and third party testing reports.",,,"Proteins, Enzymes, Amino Acids | Vitamins, Minerals",Fi Europe 2026 - 17-19 November 2026 - Visit us at stand 30H56 | Vitafoods Europe 2027 - 18-20 May 2027 - Visit us at stand 2G249 | Vitafoods Europe 2026 - 05 - 07 May 2026 - We were at stand 3C173,"Room 2604, building 12, hangbaicheng Linping street, Linping District,, 310000, Hangzhou, China",,,,China,"Proteins, Enzymes, Amino Acids | Vitamins, Minerals",,,,,,https://www.ingredientsnetwork.com/hangzhou-vigo-biotech-co-ltd-comp309628.html
328353,Ujala Life Sciences,"Ujala Life Sciences was born from a passion for all things natural and a desire to bridge the gap between ancient wisdom and modern wellness. Founded and headed by an experienced team of herbalists, nutritionists, and food scientists, the company combines age-old traditions with cutting-edge science to deliver functional ingredients, flavours and natural colours that support a healthier lifestyle. Our products are fully compliant with the relevant regulatory requirements and are completely traceable. We will be happy to connect with you and assist in providing ingredients for solutions in health and wellness. Our major ingredients include functional mushrooms (Cordyceps, Lions Mane, Ganoderma. Shiitake etc.), Plant based omega fatty acids (Sea buckthorn pulp oil, Sea buckthorn seed oil, Perilla oil), herbal extracts and isolates (Berberine, ashwagandha, green tea, green coffee etc.).",Asia; Australia; Central/South America; Eastern Europe; Middle East; North America; Western Europe,Manufacturer: Ingredients / Additives,"Additives incl. Flavourings & Colours: Colours | Algae, Botanicals, Carotenoids, Flavonoids: Algae, Botanicals, Carotenoids | Fungi & Yeasts, Microorganisms & Probiotics, Mushrooms | Dosage Formats: Beverages, Capsules, Drops, Liquids | Physical Formats: Concentrated, Extracted, Ground | Bone & Joint Health | Cardiovascular Health | Cognitive & Mental Health | Eye Health | Healthy Ageing | Immune Support | Metabolic Health | Skin Health | Sleep Health | Sports Nutrition | Women's Health",Vitafoods India 2027 - 9 - 11 February 2027 - Visit us at stand T22 | Vitafoods Europe 2026 - 05 - 07 May 2026 - We were at stand 3C251 | Vitafoods India 2026 - 11 - 13 February 2026 - We were at stand S22,"C-21-22, Noida, Amar Ujala Press, Sector 59, Gautambuddha Nagar, Noida, India",info@ujalalifesciences.com,+91 7617400229,,India,"Additives incl. Flavourings & Colours | Algae, Botanicals, Carotenoids, Flavonoids | Fungi & Yeasts, Microorganisms & Probiotics, Mushrooms",,Dosage Formats | Beverages | Capsules | Drops | Liquids | Physical Formats | Concentrated | Extracted | Ground,Bone & Joint Health | Cardiovascular Health | Cognitive & Mental Health | Eye Health | Healthy Ageing | Immune Support | Metabolic Health | Skin Health | Sleep Health | Sports Nutrition | Women's Health,,,https://www.ingredientsnetwork.com/ujala-life-sciences-comp328353.html
318582,DUEPIPHARMA SRL,"We founded Duepipharma in 2008, putting our experience as pharmacists at the service of an industrial company that operates in the Italian and international dietetic-nutritional sector, developing food supplements and medical devices. We produce the main solid and liquid pharmaceutical forms and assist our customers with a team of professionals specialized in national and foreign regulatory support. We have departments dedicated to the industrialization of pilot batches, guaranteeing the same quality standards reserved for large productions. The 2021 partnership with UNIFARCO SpA has brought us new resources, both in terms of skills and qualitative offer, strengthening the group. For these reasons Duepipharma srl ​​represents the ideal partner in the creation of food supplements and medical devices tailored to your company. Duepipharma has environments with controlled temperature, humidity and pressure capable of responding to the industrial needs of the customer who wants to develop critical products, such as probiotics and substances that are easily oxidized or sensitive to environmental humidity. In the brand new headquarters in Villorba, just outside Treviso, Duepipharma has created an innovative production site of over 3000 m2 with research and development areas to fully serve its customers.",,Contract Manufacturer,"Fungi & Yeasts, Microorganisms & Probiotics, Mushrooms | Specialised Finished Products: Dietary supplements | Contract manufacturing | Dosage Formats: Capsules, Chewables, Sachets, Tablets | Sports Nutrition",Vitafoods Europe 2027 - 18-20 May 2027 - Visit us at stand 3D141 | Vitafoods Europe 2026 - 05 - 07 May 2026 - We were at stand 4F2 | Vitafoods Europe 2025 - 20 - 22 May 2025 - We were at stand 3A152,"24 Via Evangelista Torricelli, 31020, Lancenigo, Italy",info@duepipharma.it,,,Italy,"Fungi & Yeasts, Microorganisms & Probiotics, Mushrooms",Specialised Finished Products | Dietary supplements,Dosage Formats | Capsules | Chewables | Sachets | Tablets,Sports Nutrition,Contract manufacturing,,https://www.ingredientsnetwork.com/duepipharma-srl-comp318582.html
475810,Heterochem,"At Heterochem, we specialise in the supply of raw materials and ingredients to the Food & Beverage, Nutraceutical, Brewing & Distilling, Animal Nutrition and Pet food sectors across Ireland and the UK for the past 40 years. Our ingredient portfolio has continually expanded, and we pride ourselves on sourcing hard-to-find, niche, and bespoke materials through our strong global partnerships built on trust and transparency with leading manufacturers and accredited suppliers. Beyond supply, our experienced technical team provides formulation support, regulatory guidance, and market insights to help customers innovate and develop compliant, differentiated products. With strategically located warehouses in Dublin and Lancashire, we ensure quick, reliable delivery, flexible lead times, and local stockholding for our UK, Irish, and European customers. We are committed to sustainable sourcing and full traceability, guaranteeing that our ingredients meet the highest quality and ethical standards. Through long-term partnerships, we aim to be more than a supplier. We are a trusted partner in innovation, combining experience, expertise, and reliability to help our customers succeed and grow across their markets. Certifications: Ecovadis Cert GDP (Good Distribution Practice) FEMAS Accredited ISO 9001:2008 Accredited Dept. of Agriculture approved for supply of Feed additives",Eastern Europe; Western Europe,Distributor,"Additives incl. Flavourings & Colours: Emulsifiers, Stabilisers, Thickeners, Other Additives | Algae, Botanicals, Carotenoids, Flavonoids | Bioactive Compounds - Other | Carbohydrates, Sugars | Dietary Fibres, Prebiotics: Dietary Fibres | Fats & Oils | Fungi & Yeasts, Microorganisms & Probiotics, Mushrooms | Proteins, Enzymes, Amino Acids: Amino acids | Vitamins, Minerals | Finished Food Categories: Pet Food, Plant-based foods | Specialised Finished Products: Dietary supplements, Functional beverages, Functional food | Dosage Formats: Liquids, Oil, Powders | Physical Formats: Extracted | Bone & Joint Health | Cardiovascular Health | Cognitive & Mental Health | Digestive Health | Eye Health | Healthy Ageing | Immune Support | Metabolic Health | Skin Health | Sports Nutrition",,"Robertson House (Unit 49), Baldoyle Industrial Estate, Baldoyle, Dublin, D13 H2N2, Dublin, Ireland",diana@heterochem.com,,https://www.heterochem.com/,Ireland,"Additives incl. Flavourings & Colours | Algae, Botanicals, Carotenoids, Flavonoids | Bioactive Compounds - Other | Carbohydrates, Sugars | Dietary Fibres, Prebiotics | Fats & Oils | Fungi & Yeasts, Microorganisms & Probiotics, Mushrooms | Proteins, Enzymes, Amino Acids | Vitamins, Minerals",Finished Food Categories | Pet Food | Plant-based foods | Specialised Finished Products | Dietary supplements | Functional beverages | Functional food,Dosage Formats | Liquids | Oil | Powders | Physical Formats | Extracted,Bone & Joint Health | Cardiovascular Health | Cognitive & Mental Health | Digestive Health | Eye Health | Healthy Ageing | Immune Support | Metabolic Health | Skin Health | Sports Nutrition,,Allergen-free | Halal | Health & Safety | Kosher | Natural | Non-GMO | Organic | Sustainable | Traceable | Vegan | Vegetarian,https://www.ingredientsnetwork.com/heterochem-comp475810.html
319854,"Shandong Yuwang Pharmaceutical Co.Ltd.,","Shandong Yuwang Pharmaceutical Co.,Ltd, has a number of production lines of polyene fish oil and processes 20,000 tons of fish oil annually. Yuwang is a member of Global Oragnization of EPA & DHA-ω 3s（GOED), Yuwang Pharma with the annual softgel of 10 billion and 2 billion hard capsules. We can products Vegetarian Softgels, Enteric Coated Softgels, Fish Oil Softgels, Tablet and Hard Capsules and Other Softgels. We provide different shape of softgels One-Stop OEM Service.",,,Additives incl. Flavourings & Colours | Fats & Oils,Vitafoods Europe 2027 - 18-20 May 2027 - Visit us at stand 2D66 | Vitafoods Asia 2026 - 02 - 04 Sept 2026 - We were at stand H3-P25 | Vitafoods Europe 2026 - 05 - 07 May 2026 - We were at stand 3L24 | Vitafoods Europe 2025 - 20 - 22 May 2025 - We were at stand 3D212,"No.2731, Tongqu Road, 251200, Yucheng, China",,,,China,Additives incl. Flavourings & Colours | Fats & Oils,,,,,Vegetarian,https://www.ingredientsnetwork.com/shandong-yuwang-pharmaceutical-co-ltd-comp319854.html
279383,Glanbia,"Glanbia is a B2B better nutrition company, delivering innovative ingredient and service-based nutrition solutions to help you build better foods, beverages, and supplements. Our broad portfolio of nutritional and functional ingredients, our R&D innovation and application expertise and collaborative process, and our global footprint of state-of-the-art processing facilities can help you address any product or nutritional challenge. We deliver better nutrition, built around you. At Vitafoods, we are excited to showcase alongside our Foodarom colleagues. Foodarom specialises in creating unique and customised flavour solutions that resonate with your brand's story. They offer natural flavours tailored to the food, beverage, and nutraceutical industries. Together, Glanbia and Foodarom provide a comprehensive solution to meet your nutritional and flavour needs, helping you stay ahead of the competition.",Asia; Central/South America; Eastern Europe; Middle East; North America; Western Europe,Manufacturer: Ingredients / Additives,"Additives incl. Flavourings & Colours: Flavour Enhancers, Flavourings | Bioactive Compounds - Other: Bioactives Other | Ingredient Mixtures, Synbiotics | Proteins, Enzymes, Amino Acids | Finished Food Categories: Dairy, Pet Food, Plant-based foods | Specialised Finished Products: Dietary supplements, Functional beverages, Functional food | Encapsulating",Fi Europe 2026 - 17-19 November 2026 - Visit us at stand 31K64 | Vitafoods Europe 2027 - 18-20 May 2027 - Visit us at stand 3D167 | Vitafoods Europe 2026 - 05 - 07 May 2026 - We were at stand 3J186 | Vitafoods Europe 2025 - 20 - 22 May 2025 - We were at stand 3K94,"Glanbia House Ring Road, R95 E866, Kilkenny, Ireland",modea@glanbia.com,+353 (0)56 7796000,,Ireland,"Additives incl. Flavourings & Colours | Bioactive Compounds - Other | Ingredient Mixtures, Synbiotics | Proteins, Enzymes, Amino Acids",Finished Food Categories | Dairy | Pet Food | Plant-based foods | Specialised Finished Products | Dietary supplements | Functional beverages | Functional food,,,Encapsulating,,https://www.ingredientsnetwork.com/glanbia-comp279383.html
323008,ELCHAIS SAS,"Since 1958 Elchais has produced and supplied dehydrated vegetables, herbs and fruits to large multinationals companies as well as medium and small size companies. The company products are shipped to several countries globally including all EU countries, North America (USA, Canada, Mexico), MEA, and Asia. Elchais operates 2 production sites one in France and the other in Netherlands. All finished products are produced from Non-GMO raw materials and company is Sustainable certified. The available dehydration technologies are air drying, freeze drying and Vacu Puff® a patented puffing process exclusive to Elchais. The process is fully controlled from farm to fork starting with Elchais Agro Department at farms to finished products ready to ship from the production sites. The company, with its broad and deep dehydration technology expertise, produces and offers the widest range of dehydrated products under one umbrella. Further, the company has network of global Elchais Partner Suppliers for supply of other dehydrated products and raw materials which complements the in-house capabilities. Additionally, beyond standard products in the portfolio company provides it is technological knowhow and expertise to create and develop new exclusive bespoke products with customers as required. Customer relationships, Food Security & Quality and technological leadership are the primary cornerstones and foundation of Elchais.",,,"Fruit, Seeds, Nuts & Peanuts, Vegetables | Herbs, Spices | Finished Food Categories: Fruits & Vegetables",Fi Europe 2026 - 17-19 November 2026 - Visit us at stand 42L16,"28 rue de Reims, 02350, MARCHAIS, France",chrystel.tetar@elchais.com,0323223578,,France,"Fruit, Seeds, Nuts & Peanuts, Vegetables | Herbs, Spices",Finished Food Categories | Fruits & Vegetables,,,,Sustainable,https://www.ingredientsnetwork.com/elchais-sas-comp323008.html
325633,Facoteck,"Facoteck packaging is a manufacturer of Dietary Supplements, Pharmaceuticals and Cosmetic products for private brands. Offering it’s expertise and laboratory services as well as ensuring a rigorous quality control, the company provides services such as the packaging of dry or liquid products for the natural health and cosmetic markets. Offering a turn-key or pick and pay service for small and large volumes, customers are always ensured of top quality service and products which are beyond the standards of industry. We currently service clients across North America and our clients export around the world.",,,"Specialised Finished Products: Dietary supplements, Nutricosmetics",Vitafoods Europe 2027 - 18-20 May 2027 - Visit us at stand 3G225E | Vitafoods Europe 2026 - 05 - 07 May 2026 - We were at stand 4D52H | Vitafoods Europe 2025 - 20 - 22 May 2025 - We were at stand 5B48I,"35 Chemin Victoria Ouest, J0B 3B0, Scotstown, Canada",,,,Canada,,Specialised Finished Products | Dietary supplements | Nutricosmetics,,,,,https://www.ingredientsnetwork.com/facoteck-comp325633.html
475413,Gnosis by Lesaffre,"As an integrated part of the Lesaffre family, we are experts in biotransformation, tapping into over 170 years of expertise in fermentation and biotechnological innovation. Our close family relationship gives us and our partners a powerful advantage, with a robust foundation of scientific expertise, operational excellence, and a shared vision of sustainability and innovation.",,,,Vitafoods Europe 2027 - 18-20 May 2027 - Visit us at stand 2G135 | Vitafoods Europe 2026 - 05 - 07 May 2026 - We were at stand 3F88,"3 Piazza F. Meda, 20121, Milan, Italy",,,,Italy,,,,,,,https://www.ingredientsnetwork.com/gnosis-by-lesaffre-comp475413.html
318828,GS Capsules Europe GmbH,"Shanxi Guangsheng Medicinal Capsule Co., Ltd. (GS Capsule) was established in 1983 with over forty years of capsule industry expertise in our world class manufacturing facilities. GS Capsules is a premier global empty hard capsule manufacturer producing Gelatin, HPMC, Pullulan, and Enteric Coated capsules. We offer 14 different capsule sizes ranging from 000# to 5, elongated versions, clinical trial applications and a wide range of customized color options. Currently, GS Capsule is the largest empty capsule manufacturer in China with 48+ billion capsule production capacity. In December 2021, Advent International successfully acquired GS Capsule where Advent International is one of the largest and most experienced global private equity firms. Established in 1984, Advent has invested $70 billion in over 405 private equity investments across 42 countries and deeply committed to the GS Capsule organization. GS Capsule manufacturers to stringent GMP management principles. In order to meet the customer demands of different ethnicity and religious culture, we have been validated through NSF international, British BRC and assigned with a DMF registration number by the US FDA. GS Capsule has also obtained ISO9001, ISO14001 and ISO45001, Halal and Kosher certifications to meet our client’s needs. Our diversified customer base includes companies that make dietary supplements, branded, generic and specialty pharmaceuticals; over-the-counter medicines, and biotech products. GS Capsule products are marketed throughout China and exported globally throughout North America, Europe, Asia and other countries abroad. The GS Capsule vision is something we all own. It powers our mission, drives delivery of our strategy and helps make GS Capsule a place where people can thrive.",,,"Proteins, Enzymes, Amino Acids",Vitafoods Europe 2027 - 18-20 May 2027 - Visit us at stand 2D212 | Vitafoods Europe 2026 - 05 - 07 May 2026 - We were at stand UWB2 | Vitafoods Europe 2025 - 20 - 22 May 2025 - We were at stand 4D70,"Veritaskai 8, 21079, Hamburg, Germany",,,,Germany,"Proteins, Enzymes, Amino Acids",,,,,,https://www.ingredientsnetwork.com/gs-capsules-europe-gmbh-comp318828.html
323078,Labialfarma,"Labialfarma is where scientific ambition becomes your strategic advantage. As a fully integrated nutraceutical and pharmaceutical CDMO, we partner with brands that refuse the ordinary. Combining 45 years of expertise with a forward-thinking approach to formulation, regulatory intelligence and industrial manufacturing, we design tailor-made solutions that translate innovation into measurable impact. — Concept — R&D — Stability Testing — Production — Quality Control — Packaging & Design — Regulatory Affairs — Global Customer Support All aligned. All connected. All accountable. Our scale is measurable: 50,000 m² of manufacturing infrastructure, three production units and over 3 billion units produced annually across solid, semi-solid and liquid dosage forms. Our standards are uncompromising: GMP, FDA, ISO 13485, HACCP, BIO and Halal certifications support more than 2,000 SKUs developed each year and distributed worldwide. Scale builds confidence. Intelligent integration builds leadership. We anticipate regulatory complexity. We optimize galenic performance. We protect formulation integrity from laboratory to market. We do not simply manufacture products. We engineer competitive positioning. In health, execution defines trust. And trust is the foundation of what comes next. Labialfarma Giving Color to Health.",,Contract Manufacturer,"Specialised Finished Products: Dietary supplements, Nutricosmetics, Other Specialised Finished Products, Pharma and OTC products | Analysis/ Testing | Contract manufacturing | Other Operations & Services | Packaging | Quality assurance | Storage & Logistics | Dosage Formats: Capsules, Chewables, Creams, Effervescent, Gels, Granules, Gummies, Liquids, Ointments, Other Dosage Formats, Powders, Shots, Sprays, Sticks, Syrups, Tablets | Physical Formats: Other Physical Formats",Vitafoods Europe 2027 - 18-20 May 2027 - Visit us at stand 2A161 | Vitafoods Europe 2026 - 05 - 07 May 2026 - We were at stand 3L6 | Vitafoods Europe 2025 - 20 - 22 May 2025 - We were at stand 3D22,"Edificio Labialfarma Nr 1 Sobral, 3450-336, Mortágua, Portugal",sales@labialfarma.com,,,Portugal,,Specialised Finished Products | Dietary supplements | Nutricosmetics | Other Specialised Finished Products | Pharma and OTC products,Dosage Formats | Capsules | Chewables | Creams | Effervescents | Gels | Granules | Gummies | Liquids | Other Dosage Formats | Powders | Shots | Sprays | Sticks | Syrups | Tablets | Physical Formats | Other Physical Formats,,Analysis/ Testing | Contract manufacturing | Packaging | Quality assurance | Storage & Logistics,,https://www.ingredientsnetwork.com/labialfarma-comp323078.html
248832,"Macco Organiques, s.r.o.","Macco Organiques is a premier producer based in the Czech Republic with over 40 years experiences in the manufacturing of inorganic mineral salts. New product´s portfolio covers group of organic mineral salts. We specialize in providing high-quality mineral salts for variety of applications including infant formulas, nutritional supplements, mineralized and bottled water, veterinary applications, pet food and animal nutrition, mineral salts for seawater for aquariums, IV and dialysis solutions, pharmaceuticals and biotechnology. Our mineral salts are produced under GMP Q7 conditions and are certified with ISO 9001, FSSC 22000, Halal and Kosher ensuring that our products meet the stringent requirements of our clients. Company holds CoS (CEP) and DMF registrations. In addition to our core products, we offer additional services such as grinding, milling, repacking, mixing, and customized solutions tailored to meet specific customer requirements. Partner with Macco Organiques means partner with high-quality mineral salts.",Africa; Asia; Australia; Central/South America; Eastern Europe; Middle East; North America; Western Europe,Manufacturer: Ingredients / Additives,"Additives incl. Flavourings & Colours | Vitamins, Minerals | Finished Food Categories: Infant & Baby food | Specialised Finished Products: Dietary supplements | Immune Support",Fi Europe 2026 - 17-19 November 2026 - Visit us at stand 30H32 | Vitafoods Europe 2027 - 18-20 May 2027 - Visit us at stand 4G26 | Vitafoods Europe 2026 - 05 - 07 May 2026 - We were at stand 3G146 | Vitafoods Europe 2025 - 20 - 22 May 2025 - We were at stand 4J77,"Zahradni 46c, 792 01, Bruntal, Czech Republic",petra.flekacova@macco.cz,+420 555 530 397,https://www.macco.cz,Czech Republic,"Additives incl. Flavourings & Colours | Vitamins, Minerals",Finished Food Categories | Infant & Baby food | Specialised Finished Products | Dietary supplements,,Immune Support,,Health & Safety | Organic | Quality Assurance,https://www.ingredientsnetwork.com/macco-organiques-s-r-o-comp248832.html
475439,NATURACARE,"We are an European sustainable CDMO in Natural Health Products, that care about you, your product innovations and your consumers's health Our markets Human health / Animal health / Cosmetics Our Mission We help you to create value through innovation, by designing and manufacturing effective, safe, tasty and as eco-friendly as possible Natural Health Products Our values Multi-expertise / Flexibility / Proximity / European Culture Our galenic forms Capsules, tablets, sticks, sachets, doypacks, chewing-gum, liquid,.. One stop-shop offering and full service prestation Our main certificates ISO 22 000 / ISO 13 485 / FSSC 22 000 / GMP",,,,Vitafoods Europe 2027 - 18-20 May 2027 - Visit us at stand 2G85 | Vitafoods Europe 2026 - 05 - 07 May 2026 - We were at stand 6H52,"zone industrialle les landes Roussais, 85600, Montaigu, France",,,,France,,,,,,,https://www.ingredientsnetwork.com/naturacare-comp475439.html
326165,PLANTTECH BIOTECH,"Planttech Biotech’s development is grounded in a cutting-edge technology platform that primarily leverages fermentation processes. As a result of this platform, we have successfully developed ingredient systems that effectively address the challenges posed by metabolic syndrome in the 21st century.",,,Metabolic Health,Vitafoods Europe 2027 - 18-20 May 2027 - Visit us at stand 3G48 | Vitafoods Europe 2026 - 05 - 07 May 2026 - We were at stand 6C34 | Vitafoods Europe 2025 - 20 - 22 May 2025 - We were at stand 5F6,"Carrer de l'Almirall Cadarso 26 bajo Wayco, 46005, Valencia, Spain",,,,Spain,,,,Metabolic Health,,,https://www.ingredientsnetwork.com/planttech-biotech-comp326165.html
302788,Smartcore,"The best-in-class B2B food and nutrition marketing solutions partner for smarter digital campaigns that drive business growth – with unrivalled expertise in your prospects. Masters in all things digital marketing, Smartcore empowers you to reach your buyers with smarter digital campaigns. Our objective is to maximise your brand awareness, generate excellent-quality leads, and deliver greater returns on your investment and time.",,,Sports Nutrition,Vitafoods Europe 2026 - 05 - 07 May 2026 - We were at stand 5J96 | Vitafoods Europe 2025 - 20 - 22 May 2025 - We were at stand 5J6,"De Entrée 73 – Alpha Tower, 1101 BH, Amsterdam, Netherlands",dimitrios.kales@informa.com,+31 (0) 20 708 1775,,Netherlands,,,,Sports Nutrition,,,https://www.ingredientsnetwork.com/smartcore-comp302788.html
306118,Ingredients4u PTE LTD,"Founded in 2019, Ingredients4U offers an unrivalled directory of products, sourced from world-class ingredient brands and companies across the globe. Our client base spans food, supplements, pharmaceutical grade products, cosmetic ingredients and much more. Customers can source ingredients as long as they have access to the internet, at any time, anywhere in the world. BUT, we are much more than that. With more than 20 years of related experience, our team is able to provide our suppliers with the supply chain expertise, finance support, as well as marketing capabilities. Ingredients4U has always been more than an E-commerce platform. Not only does it bring together all the nutraceutical industry in one place, allowing customers to have access to a wide range of ingredients at the touch of a button, it also helps integrate the industry in a transparent, efficient, and effective model, to the benefit of suppliers and customers.",,,"Ingredient Mixtures, Synbiotics | Specialised Finished Products: Dietary supplements",Vitafoods Europe 2025 - 20 - 22 May 2025 - We were at stand 3C43,"50 Macpherson Road #07-01 Amazana Building, 348471, SIngapore, Singapore",sue.jin@ingredients4u.com,+33783438297,,Singapore,"Ingredient Mixtures, Synbiotics",Specialised Finished Products | Dietary supplements,,,,,https://www.ingredientsnetwork.com/ingredients4u-pte-ltd-comp306118.html
477921,Fujian High Fortune Bio-Tech Corp.,Fuzhou PRC.,,,,Vitafoods Europe 2027 - 18-20 May 2027 - Visit us at stand 3G235B | Vitafoods Europe 2026 - 05 - 07 May 2026 - We were at stand 4F52C,"Fuqing Export Processing Zone, 350311, Fuzhou, China",,,,China,,,,,,,https://www.ingredientsnetwork.com/fujian-high-fortune-bio-tech-corp-comp477921.html
477634,Sun Seasons,London GB.,,,,Vitafoods Asia 2026 - 02 - 04 Sept 2026 - Visit us at stand H3-Q01 | Vitafoods Europe 2026 - 05 - 07 May 2026 - We were at stand 6D2,"RF001,1stFloorFront，36GerrardStreet，London, London, United Kingdom",,,,United Kingdom,,,,,,,https://www.ingredientsnetwork.com/sun-seasons-comp477634.html
249762,ARMOR PROTEINES,"ARMOR PROTEINES manufactures in France functional and nutritional dairy ingredients in powder form, resulting from the fractionation of fresh milk. ARMOR PROTEINES provides specific solutions for the food industry but also economic solutions as functional replacement of milk powders in the food industries (beverage, ice cream, biscuits & bakery). Visit us on our stand 08.0H12.",Africa; Asia; Central/South America; Eastern Europe; Middle East; North America; Western Europe,Manufacturer: Ingredients / Additives,"Bioactive Compounds - Other: Bioactives Other | Dairy Ingredients: Other Dairy Ingredients | Ingredient Mixtures, Synbiotics | Finished Food Categories: Dairy | Specialised Finished Products: Functional powders",,"19 bis rue de la lib�ration, 35460, St. Brice En Cogles, France",contact@armor-proteines.fr,+33 299 185 252,https://www.armor-proteines.com,France,"Bioactive Compounds - Other | Dairy Ingredients | Ingredient Mixtures, Synbiotics",Finished Food Categories | Dairy | Specialised Finished Products | Functional powders,,,,,https://www.ingredientsnetwork.com/armor-proteines-comp249762.html
