Company ID,Company Name,Company Description,Sales Markets,Primary Business Activity,Categories,Events,Address,Email,Telephone,Website,Country,Ingredient Groups,Finished Product Groups,Delivery Formats,Health & Wellness,Operations & Services,Certifications,Profile URL
316951,Cosun Ingredients,"Cosun Ingredients offers a broad portfolio of plant-based ingredient solutions, including Sensus® chicory root fiber, Tendra® fava bean protein and Fidesse® beet fiber. Combining expertise in fibers & prebiotics, proteins and texturants, we help food and beverage brands and manufacturers develop products that deliver on nutrition, taste, texture and sustainability. Through ingredient innovation, application expertise and scientific insights, we support the creation of future-fit food solutions that meet evolving consumer needs.",Asia; Central/South America; North America; Western Europe,Manufacturer: Ingredients / Additives,"Additives incl. Flavourings & Colours: Emulsifiers, Stabilisers, Thickeners | Dietary Fibres, Prebiotics: Prebiotics | Fungi & Yeasts, Microorganisms & Probiotics, Mushrooms | Proteins, Enzymes, Amino Acids: Proteins - Plant | Finished Food Categories: Beverages / Juices, Dairy, Meat, Poultry & Fish, Other Finished Food Categories, Plant-based foods | Specialised Finished Products: Dietary supplements, Functional beverages, Functional food, Protein products, Sugar replacers / Sweeteners | Dosage Formats: Liquids, Powders | Physical Formats: Sliced | Children's Health | Cognitive & Mental Health | Digestive Health | Healthy Ageing | Immune Support | Metabolic Health | Sports Nutrition | Weight Management",Fi Europe 2026 - 17-19 November 2026 - Visit us at stand 31D46 | Vitafoods Europe 2027 - 18-20 May 2027 - Visit us at stand 3K272 | Vitafoods Europe 2026 - 05 - 07 May 2026 - We were at stand 3H229 | Vitafoods Europe 2025 - 20 - 22 May 2025 - We were at stand 4C78,"Kreekweg 1, 4671 VA, Dinteloord, Netherlands",info@cosuningredients.com,+31 165 582 500,https://www.cosuningredients.com,Netherlands,"Additives incl. Flavourings & Colours | Dietary Fibres, Prebiotics | Fungi & Yeasts, Microorganisms & Probiotics, Mushrooms | Proteins, Enzymes, Amino Acids","Finished Food Categories | Beverages / Juices | Dairy | Meat, Poultry & Fish | Other Finished Food Categories | Plant-based foods | Specialised Finished Products | Dietary supplements | Functional beverages | Functional food | Protein products | Sugar replacers / Sweeteners",Dosage Formats | Liquids | Powders | Physical Formats | Sliced,Children's Health | Cognitive & Mental Health | Digestive Health | Healthy Ageing | Immune Support | Metabolic Health | Sports Nutrition | Weight Management,None listed,None listed,https://www.ingredientsnetwork.com/cosun-ingredients-comp316951.html
248870,Arla Foods Ingredients,"Together we discover and deliver powerful nutrition for a stronger tomorrow Arla Foods Ingredients is a global leader in improving premium nutrition. Together with our customers, research partners, suppliers, NGOs and others, we discover and deliver ingredients and products that can advance lifelong nutrition for the benefit of consumers around the world. A passion for progress, combined with specialist knowledge of food products and production technology, and a strong commitment to sustainability, enables us to serve leading global brands in early life nutrition, medical nutrition, sports nutrition, health foods, and other foods and beverages. Arla Foods Ingredients is a 100% owned subsidiary of the dairy company Arla Foods.",Africa; Asia; Australia; Central/South America; Eastern Europe; Middle East; North America; Western Europe,Manufacturer: Ingredients / Additives,"Finished Food Categories: Dairy | Specialised Finished Products: Functional beverages, Functional food | Sports Nutrition",Fi Europe 2026 - 17-19 November 2026 - Visit us at stand 30J94 | Vitafoods Europe 2027 - 18-20 May 2027 - Visit us at stand 2D208 | Vitafoods Europe 2026 - 05 - 07 May 2026 - We were at stand 3G156 | Vitafoods Europe 2025 - 20 - 22 May 2025 - We were at stand 4D17,"Sønderhøj 10-12, 8260 J, Viby, Denmark",ingredients@arlafoods.com,+45 89 38 10 00,https://www.arlafoodsingredients.com,Denmark,None listed,Finished Food Categories | Dairy | Specialised Finished Products | Functional beverages | Functional food,None listed,Sports Nutrition,None listed,None listed,https://www.ingredientsnetwork.com/arla-foods-ingredients-comp248870.html
249172,PB Leiner,"With 150 years of expertise, PB Leiner is one of the world’s leading manufacturers of high-quality gelatins and collagen peptides solutions. It has manufacturing plants situated on four continents and it provides technical and sales support across the globe. PB Leiner supplies a growing market in food & beverages, health & nutrition, pharmaceutical and technical applications. Gelatin and collagen: versatile health ingredients PB Leiner’s product portfolio includes a wide range of gelatin and collagen peptide formulations from bovine, porcine, and fish origin. All of PB Leiner’s ingredients are 100% natural and guarantee excellent traceability. PB Leiner is part of Tessenderlo Group.",Africa; Asia; Australia; Central/South America; Eastern Europe; Middle East; North America; Western Europe,Raw Material Supplier,"Additives incl. Flavourings & Colours: Emulsifiers, Stabilisers, Thickeners, Other Additives | Bioactive Compounds - Other: Bioactives Other | Ingredient Mixtures, Synbiotics | Proteins, Enzymes, Amino Acids | Finished Food Categories: Pet Food | Specialised Finished Products: Dietary supplements, Functional beverages, Functional food | Dosage Formats: Capsules, Granules, Gummies, Powders | Physical Formats: Powdered, Solid | Bone & Joint Health | Healthy Ageing | Skin Health | Sports Nutrition",Fi Europe 2026 - 17-19 November 2026 - Visit us at stand 30F20 | Vitafoods Europe 2027 - 18-20 May 2027 - Visit us at stand 2G211 | Vitafoods Europe 2026 - 05 - 07 May 2026 - We were at stand 5B38 | Vitafoods Europe 2025 - 20 - 22 May 2025 - We were at stand 3J80,"Marius Duchéstraat 260, 1800, Vilvoorde, Belgium",info@pbleiner.com,+ 32 2 255 62 21,https://www.pbleiner.com,Belgium,"Additives incl. Flavourings & Colours | Bioactive Compounds - Other | Ingredient Mixtures, Synbiotics | Proteins, Enzymes, Amino Acids",Finished Food Categories | Pet Food | Specialised Finished Products | Dietary supplements | Functional beverages | Functional food,Dosage Formats | Capsules | Granules | Gummies | Powders | Physical Formats | Powdered | Solid,Bone & Joint Health | Healthy Ageing | Skin Health | Sports Nutrition,None listed,Animal welfare | Gluten-free | Halal | Health & Safety | Kosher | Natural | Organic | Sustainable | Traceable,https://www.ingredientsnetwork.com/pb-leiner-comp249172.html
250349,Essentia Protein Solutions (BHJ A/S),"Whether you are looking to clean up your label, add appealing attributes to your food or beverage product or improve the nutritional value of your brand, Essentia Protein Solutions can help you reach your goals. Essentia Protein Solutions is a global producer of animal protein solutions for the food and beverage industry. All Essentia ingredients are derived from natural raw materials originating from beef, pork, chicken, turkey, lamb and fish. The advanced fractionation methods used in our modern facilities only involve thermal and mechanical processing, without using food additives of any kind. Ingredients from Essentia Protein Solutions fall into three core categories: Functionality Taste Nutrition",Africa; Asia; Australia; Central/South America; Eastern Europe; Middle East; Western Europe,Manufacturer: Ingredients / Additives,"Additives incl. Flavourings & Colours: Emulsifiers, Stabilisers, Thickeners, Other Additives | Fats & Oils: Fats & Oils - Animal, Fats & Oils - Plant | Fruit, Seeds, Nuts & Peanuts, Vegetables | Herbs, Spices | Ingredient Mixtures, Synbiotics: Functional (formulated) Ingredient Mixtures | Proteins, Enzymes, Amino Acids: Amino acids, Enzymes, Proteins - Animal | Vitamins, Minerals | Finished Food Categories: Bakery, Beverages / Juices, Cooking Fats & Oils, Meat, Poultry & Fish, Other Finished Food Categories, Pet Food, Prepared foods, Sauces & Seasonings | Specialised Finished Products: Dietary supplements, Energy drinks, Functional beverages, Functional confectionery, Functional food, Functional powders, Meal replacement products, Protein products | Dosage Formats: Kernels, Liquids, Oil, Pastes, Pellets, Powders | Physical Formats: Liquid, Powdered, Roasted | Bone & Joint Health | Digestive Health | Healthy Ageing | Pet Health | Skin Health | Sports Nutrition | Weight Management | Women's Health",Fi Europe 2026 - 17-19 November 2026 - Visit us at stand 31C6 | Vitafoods Europe 2027 - 18-20 May 2027 - Visit us at stand 3G205 | Vitafoods Europe 2026 - 05 - 07 May 2026 - We were at stand 3C150 | Vitafoods Europe 2025 - 20 - 22 May 2025 - We were at stand 3M103,"Ulsnaes 33, DK-6300, Graasten, Denmark",contact.dk@essentiaproteins.com,+45 2894 2736,https://essentiaproteins.com/,Denmark,"Additives incl. Flavourings & Colours | Fats & Oils | Fruit, Seeds, Nuts & Peanuts, Vegetables | Herbs, Spices | Ingredient Mixtures, Synbiotics | Proteins, Enzymes, Amino Acids | Vitamins, Minerals","Finished Food Categories | Bakery | Beverages / Juices | Cooking Fats & Oils | Meat, Poultry & Fish | Other Finished Food Categories | Pet Food | Prepared foods | Sauces & Seasonings | Specialised Finished Products | Dietary supplements | Energy drinks | Functional beverages | Functional confectionery | Functional food | Functional powders | Meal replacement products | Protein products",Dosage Formats | Kernels | Liquids | Oil | Pastes | Pellets | Powders | Physical Formats | Liquid | Powdered | Roasted,Bone & Joint Health | Digestive Health | Healthy Ageing | Pet Health | Skin Health | Sports Nutrition | Weight Management | Women's Health,None listed,Allergen-free | Gluten-free | Halal | Natural | Organic | Sustainable Seafood | Traceable,https://www.ingredientsnetwork.com/essentia-protein-solutions-bhj-a-s-comp250349.html
272807,Nektium,"Nektium is a Spain-based nutraceutical company that combines ethnobotanical knowledge, science, and market insights to create innovative plant-based solutions, promoting sustainable & healthy living worldwide. Our product portfolio covers a range of health benefits, with a particular focus on cognition, stress & relax, sports & active nutrition as well as weight management. With a deep understanding of botanicals and state-of-the-art and eco-friendly technology, Nektium focuses with an experience of over 25 years on quality and full transparency along the entire value chain to deliver proven solutions to the market in the shape of safe, environmentally-conscious and evidence-based botanical extracts.",Asia; Australia; North America; Western Europe,Manufacturer: Ingredients / Additives,"Algae, Botanicals, Carotenoids, Flavonoids: Botanicals | Bioactive Compounds - Other: Bioactives Other | Specialised Finished Products: Dietary supplements | Cognitive & Mental Health | Immune Support | Metabolic Health | Sleep Health | Sports Nutrition",Vitafoods Europe 2027 - 18-20 May 2027 - Visit us at stand 3D251 | Vitafoods Europe 2026 - 05 - 07 May 2026 - We were at stand UWA10 | Vitafoods Europe 2025 - 20 - 22 May 2025 - We were at stand 3K89,"C/ Las Mimosas 8 Pol. Industrial Arinaga, 35118, Aguimes - Gran Canaria, Spain",customerservice@nektium.com,+34 928 734 132,https://www.nektium.com,Spain,"Algae, Botanicals, Carotenoids, Flavonoids | Bioactive Compounds - Other",Specialised Finished Products | Dietary supplements,None listed,Cognitive & Mental Health | Immune Support | Metabolic Health | Sleep Health | Sports Nutrition,None listed,Halal | Health & Safety | Kosher | Sustainable,https://www.ingredientsnetwork.com/nektium-comp272807.html
249672,Sabinsa Europe GmbH,"Sabinsa, founded in 1988, is a manufacturer, supplier and marketer of over 130 herbal and botanical extracts, biotics, minerals, and specialty fine chemicals for the dietary supplement, functional food and beverage, personal care, and cosmetics industries.",Eastern Europe; Western Europe,Manufacturer: Ingredients / Additives,"Additives incl. Flavourings & Colours: Flavourings, Other Additives | Algae, Botanicals, Carotenoids, Flavonoids: Botanicals | Bioactive Compounds - Other: Bioactives Other | Carbohydrates, Sugars | Dietary Fibres, Prebiotics | Fats & Oils: Fats & Oils - Algae | Fruit, Seeds, Nuts & Peanuts, Vegetables | Fungi & Yeasts, Microorganisms & Probiotics, Mushrooms | Herbs, Spices | Ingredient Mixtures, Synbiotics: Synbiotics | Proteins, Enzymes, Amino Acids: Enzymes | Specialised Finished Products: Biotic products, Dietary supplements, Functional beverages, Functional food, Functional powders, Nutricosmetics, Other Specialised Finished Products, Pharma and OTC products | Dosage Formats: Beverages, Capsules, Creams, Gummies, Liquids, Oil, Powders, Sticks, Tablets | Physical Formats: Dried - air dried, Extracted, Liquid, Powdered | Bone & Joint Health | Cancer Risk Reduction | Cardiovascular Health | Cognitive & Mental Health | Digestive Health | Healthy Ageing | Immune Support | Men's Health | Metabolic Health | Skin Health | Sleep Health | Sports Nutrition | Weight Management",Vitafoods Europe 2027 - 18-20 May 2027 - Visit us at stand 2D195 | Vitafoods Europe 2026 - 05 - 07 May 2026 - We were at stand 3F104 | Vitafoods Europe 2025 - 20 - 22 May 2025 - We were at stand 3G104,"Monzastrasse 4, 63225, Langen, Germany",info@sabinsa.eu,+49 6103 27011 11,https://www.sabinsa.eu,Germany,"Additives incl. Flavourings & Colours | Algae, Botanicals, Carotenoids, Flavonoids | Bioactive Compounds - Other | Carbohydrates, Sugars | Dietary Fibres, Prebiotics | Fats & Oils | Fruit, Seeds, Nuts & Peanuts, Vegetables | Fungi & Yeasts, Microorganisms & Probiotics, Mushrooms | Herbs, Spices | Ingredient Mixtures, Synbiotics | Proteins, Enzymes, Amino Acids",Specialised Finished Products | Biotic products | Dietary supplements | Functional beverages | Functional food | Functional powders | Nutricosmetics | Other Specialised Finished Products | Pharma and OTC products,Dosage Formats | Beverages | Capsules | Creams | Gummies | Liquids | Oil | Powders | Sticks | Tablets | Physical Formats | Dried - air dried | Extracted | Liquid | Powdered,Bone & Joint Health | Cancer Risk Reduction | Cardiovascular Health | Cognitive & Mental Health | Digestive Health | Healthy Ageing | Immune Support | Men's Health | Metabolic Health | Skin Health | Sleep Health | Sports Nutrition | Weight Management,None listed,Halal | Kosher | Natural | Organic,https://www.ingredientsnetwork.com/sabinsa-europe-gmbh-comp249672.html
249077,Jungbunzlauer,"Jungbunzlauer is a leading producer of high-quality, sustainable ingredients from natural sources, serving industries from food and beverage, to nutrition, health, and home and personal care. As a trusted partner, we offer a diverse portfolio of texturants, acidulants, minerals, and tailored solutions to meet our customers' evolving needs. Headquartered in Basel, Switzerland, with state-of-the-art facilities including large-scale fermentation operations across Europe and North America, we proudly serve over 130 countries worldwide. Founded more than 150 years ago, Jungbunzlauer has grown into a CHF 1.3 billion company, driven by nearly 1,400 dedicated colleagues committed to a healthier, more sustainable future. Learn more at www.jungbunzlauer.com.",Africa; Asia; Australia; Central/South America; Eastern Europe; Middle East; North America; Western Europe,Manufacturer: Ingredients / Additives,"Additives incl. Flavourings & Colours: Emulsifiers, Stabilisers, Thickeners, Other Additives | Carbohydrates, Sugars | Syrups & Others: Corn syrup | Vitamins, Minerals | Finished Food Categories: Plant-based foods | Specialised Finished Products: Dietary supplements | Consulting | Dosage Formats: Granules, Liquids, Powders | Digestive Health | Healthy Ageing | Metabolic Health | Weight Management",Fi Europe 2026 - 17-19 November 2026 - Visit us at stand 51D8 | Vitafoods Europe 2027 - 18-20 May 2027 - Visit us at stand 4C77 | Vitafoods Europe 2026 - 05 - 07 May 2026 - We were at stand 6F36,"Aeschengraben 27, 4051, Basel, Switzerland",headquarters@jungbunzlauer.com,+41 61 2955 100,https://www.jungbunzlauer.com,Switzerland,"Additives incl. Flavourings & Colours | Carbohydrates, Sugars | Syrups & Others | Vitamins, Minerals",Finished Food Categories | Plant-based foods | Specialised Finished Products | Dietary supplements,Dosage Formats | Granules | Liquids | Powders,Digestive Health | Healthy Ageing | Metabolic Health | Weight Management,Consulting,Biodynamic | Health & Safety | Kosher | Natural | Non-GMO | Sustainable | Vegan | Vegetarian,https://www.ingredientsnetwork.com/jungbunzlauer-comp249077.html
249548,KSM-66 Ashwagandha,"KSM-66® Ashwagandha is a premium, full-spectrum root extract derived from Withania somnifera, an adaptogenic herb long revered in Ayurvedic medicine for promoting holistic wellness. This potent botanical ingredient is developed using a unique, proprietary extraction process based on “Green Chemistry” principles—free from alcohol or synthetic solvents—ensuring the preservation of the plant's natural composition while delivering the highest potency. With over 70+ gold-standard human clinical trials and 46+ quality certifications, KSM-66 stands as the most extensively studied and awarded Ashwagandha product on the global market. This extraordinary depth of research and validation is what truly sets it apart. It is not just another botanical extract—it is a symbol of credibility, traceability, efficacy, and safety. It's clinically proven to help: (1) Reduce stress and stress-related food cravings * (2) Improve cognitive function and enhance the quality of sleep* (3) Improve endurance, strength and immune function* (4) Enhance sexual performance health in both men & women, and testosterone in men* SRI-81 Shatavari is a premium, clinically validated root extract derived from Asparagus racemosus, a revered adaptogenic herb in Ayurvedic medicine traditionally known as the “Queen of Herbs” for women’s health. Developed after 8 years of extensive research, SRI-81 is designed to deliver a scientifically optimized concentration of shatavari’s key bioactive compounds, ensuring consistent efficacy while preserving the herb’s natural integrity. The ingredient is supported by 18 human clinical studies, making it the most clinically studied shatavari root extract available today. This strong scientific foundation ensures reliability, safety, and performance for advanced nutraceutical and functional wellness formulations. SRI-81 Shatavari supports women’s health and vitality across multiple life stages—from reproductive years to menopause—by helping maintain hormonal harmony and overall physiological balance. It is clinically shown to help: (1) Support hormonal balance and reproductive health in women*(2) Reduce stress and improve mood and sleep quality* (3) Enhance libido and sexual vitality* (4) Boost lactation and support postpartum recovery* (5) Ease menopausal symptoms such as hot flashes and night sweats* *The above statements have not been evaluated by the Food and Drug Administration.",Africa; Asia; Australia; Central/South America; Eastern Europe; Middle East; North America; Western Europe,Manufacturer: Ingredients / Additives,"Algae, Botanicals, Carotenoids, Flavonoids: Botanicals | Specialised Finished Products: Dietary supplements | Cognitive & Mental Health | Healthy Ageing | Immune Support | Men's Health | Metabolic Health | Sleep Health | Sports Nutrition | Women's Health",Vitafoods Europe 2026 - 05 - 07 May 2026 - We were at stand 3F56 | Vitafoods India 2026 - 11 - 13 February 2026 - We were at stand G04 | Vitafoods Asia 2025 - 17 - 19 Sept 2025 - We were at stand H01,"Plot No-1057-F2, Road No 45Jubilee Hills, 500033, Hyderabad, India",info@ixoreal.com,+91-40 666 11038,https://www.ixoreal.com,India,"Algae, Botanicals, Carotenoids, Flavonoids",Specialised Finished Products | Dietary supplements,None listed,Cognitive & Mental Health | Healthy Ageing | Immune Support | Men's Health | Metabolic Health | Sleep Health | Sports Nutrition | Women's Health,None listed,Health & Safety | Non-GMO | Organic,https://www.ingredientsnetwork.com/ksm-66-ashwagandha-comp249548.html
251339,ROUSSELOT,"Rousselot is the global leader of collagen-based solutions* for the food, health and nutrition, biomedical and pharmaceutical sectors. Working in partnership with our global customer-base, we deliver advanced ingredient solutions that enable innovation, excite today’s consumers, and contribute to public health. Through our state-of-the-art operations, extensive technical expertise and sustained scientific research, we help our customers achieve their goals, create world-class products, and we “Reach further together”. Rousselot is Darling Ingredients' health brand. (*) Collagen, Market estimates and trend analysis, 2022 Grand View Research.",Africa; Asia; Australia; Central/South America; Eastern Europe; Middle East; North America; Western Europe,Manufacturer: Ingredients / Additives,"Additives incl. Flavourings & Colours: Emulsifiers, Stabilisers, Thickeners, Other Additives | Bioactive Compounds - Other: Other Bioactives, Resveratrol | Ingredient Mixtures, Synbiotics | Proteins, Enzymes, Amino Acids | Finished Food Categories: Plant-based foods | Specialised Finished Products: Dietary supplements, Functional beverages, Functional food | Encapsulating | Dosage Formats: Capsules, Gummies, Powders | Bone & Joint Health | Healthy Ageing | Metabolic Health | Skin Health | Sports Nutrition | Weight Management",Vitafoods Asia 2025 - 17 - 19 Sept 2025 - We were at stand P29 | Vitafoods Europe 2025 - 20 - 22 May 2025 - We were at stand 3K119,"Immeuble 5eme Avenue, 47 rue Louis Blanc, 92400, Courbevoie, France",collagen@rousselot.com,+31 499 364 100,https://www.rousselot.com,France,"Additives incl. Flavourings & Colours | Bioactive Compounds - Other | Ingredient Mixtures, Synbiotics | Proteins, Enzymes, Amino Acids",Finished Food Categories | Plant-based foods | Specialised Finished Products | Dietary supplements | Functional beverages | Functional food,Dosage Formats | Capsules | Gummies | Powders,Bone & Joint Health | Healthy Ageing | Metabolic Health | Skin Health | Sports Nutrition | Weight Management,Encapsulating,Halal | Health & Safety | Kosher | Natural | Quality Assurance | Sustainable | Sustainable Seafood | Traceable | Upcycled,https://www.ingredientsnetwork.com/rousselot-comp251339.html
248836,AGRANA Group,"ABOUT AGRANA AGRANA adds value to agricultural raw materials: As a major international player, we process agricultural raw materials to create high-end solutions for food products, beverages and industrial applications. Around 8,400 employees working in its two business areas, Food & Beverage Solutions and Agricultural Commodities & Specialities, generate annual Group revenue of approximately € 3.2 billion at 50 production facilities worldwide. Founded in 1988, AGRANA is today the global market leader in fruit preparations, a leading global producer of apple and berry juice concentrates and a major supplier of sugar, customer-specific starch products and bioethanol. ÜBER AGRANA AGRANA macht mehr aus landwirtschaftlichen Rohstoffen: Als internationales Unternehmen veredeln wir landwirtschaftliche Rohstoffe zu hochwertigen Lösungen für Lebensmittel, Getränke und industrielle Anwendungen. Rund 8.400 Mitarbeiter erwirtschaften in den beiden Geschäftsbereichen Food & Beverage Solutions sowie Agricultural Commodities & Specialities an weltweit 50 Produktionsstandorten einen jährlichen Konzernumsatz von rund 3,2 Mrd. €. Im Jahr 1988 gegründet, ist AGRANA heute Weltmarktführer bei Fruchtzubereitungen, weltweit führender Hersteller von Apfel- und Beerensaftkonzentraten sowie ein bedeutender Anbieter von Zucker, kundenspezifischen Stärkeprodukten und Bioethanol.",Africa; Asia; Australia; Central/South America; Eastern Europe; Middle East; North America; Western Europe,Manufacturer: Food & Beverage Finished Products; Manufacturer: Ingredients / Additives,"Additives incl. Flavourings & Colours: Emulsifiers, Stabilisers, Thickeners, Other Additives | Carbohydrates, Sugars | Dietary Fibres, Prebiotics | Ingredient Mixtures, Synbiotics | Finished Food Categories: Dairy, Plant-based foods | Specialised Finished Products: Functional beverages, Functional food | Dosage Formats: Powders",Fi Europe 2026 - 17-19 November 2026 - Visit us at stand 31D80,"Friedrich-Wilhelm-Raiffeisen-Platz 1, 1020, WIEN, Austria",info.sales@agrana.com,+43 1 211 37-0,https://www.agrana.com,Austria,"Additives incl. Flavourings & Colours | Carbohydrates, Sugars | Dietary Fibres, Prebiotics | Ingredient Mixtures, Synbiotics",Finished Food Categories | Dairy | Plant-based foods | Specialised Finished Products | Functional beverages | Functional food,Dosage Formats | Powders,None listed,None listed,Organic,https://www.ingredientsnetwork.com/agrana-group-comp248836.html
249080,Bunge,"At Bunge, we bring products from where they’re grown to where they’re processed and to where they’re consumed. We connect farmers to consumers to deliver essential food, feed and fuel to the world. We provide indispensable ingredients that shape taste, nutrition and culinary experience. Our plant-based specialty oils, fats, lecithins and plant-proteins meet evolving dietary needs and trends, delivering the functionality and sustainability the food and nutrition industry demands, and satisfying the diverse tastes of consumers in every part of the world. Our products are used in a wide range of applications, from bakery and confectionery to plant-based and infant nutrition. With in-depth knowledge of ingredients, applications and processes, our team closely cooperates with customers to develop tailored solutions and create innovative products to meet their business goals and differentiate them in in the marketplace.",Africa; Asia; Australia; Central/South America; Eastern Europe; Middle East; North America; Western Europe,Manufacturer: Ingredients / Additives,"Additives incl. Flavourings & Colours | Fats & Oils: Fats & Oils - Plant | Fruit, Seeds, Nuts & Peanuts, Vegetables | Ingredient Mixtures, Synbiotics | Proteins, Enzymes, Amino Acids | Finished Food Categories: Bakery, Confectionery, Dairy, Infant & Baby food, Plant-based foods, Sauces & Seasonings, Sweet & Savoury Spreads | Specialised Finished Products: Functional beverages, Functional food, Protein products | Blending & mixing | Enzymatic processing | Fat structuring | Dosage Formats: Granules, Liquids, Oil, Powders | Physical Formats: Liquid, Solid | Children's Health | Sports Nutrition",Fi Europe 2026 - 17-19 November 2026 - Visit us at stand 31H6,"Provincialeweg 33, 1506 MA, Zaandam, Netherlands",blc.eu@bunge.com,+31 75 629 29 11,https://www.bunge.com,Netherlands,"Additives incl. Flavourings & Colours | Fats & Oils | Fruit, Seeds, Nuts & Peanuts, Vegetables | Ingredient Mixtures, Synbiotics | Proteins, Enzymes, Amino Acids",Finished Food Categories | Bakery | Confectionery | Dairy | Infant & Baby food | Plant-based foods | Sauces & Seasonings | Sweet & Savoury Spreads | Specialised Finished Products | Functional beverages | Functional food | Protein products,Dosage Formats | Granules | Liquids | Oil | Powders | Physical Formats | Liquid | Solid,Children's Health | Sports Nutrition,Blending & mixing | Enzymatic processing | Fat structuring,Allergen-free | Fair Trade | Gluten-free | Halal | Kosher | Natural | Non-GMO | Quality Assurance | Sustainable | Traceable | Vegan | Vegetarian,https://www.ingredientsnetwork.com/bunge-comp249080.html
249086,Lactosan A/S,"Just add Lactosan Lactosan is the key ingredient you need for success. Not only do our specialists provide a vital contribution to your development process, but the exceptional Cheese Powders we create ensure a truly distinctive result. With Lactosan, you have the people, passion and process you need to bring your next product to life. A perfect fit As your partner, we can work closely with you across all segments to help inspire and streamline the delivery of new product ideas. Our pure Cheese Powders and Cheese Powder Blends deliver outstanding real cheese taste and quality, with the right functionality and properties to fit your specific flavour profiles, processing and labelling requirements. Lactosan brings a unique depth of insight and a proven approach to every project, with a fast and flexible service from development to delivery. Manufacture and sale of: Pure Cheese Products: Cheese Powders: Cheese Powder without emulsifying salt (Clean Labels) and Cheese Powder with emulsifying salt, Traditional / PDO / Provenance Cheese Powders, Vegetarian and Organic Cheese Powders Lactosan NCB - Natural Culinary Booster® Cheese Powder Blends bring your next product to life - Trade Mark: LACTOSAN",Africa; Asia; Central/South America; Eastern Europe; Middle East; Western Europe,Manufacturer: Ingredients / Additives,"Additives incl. Flavourings & Colours: Emulsifiers, Stabilisers, Thickeners, Other Additives | Dairy Ingredients: Cow Dairy Ingredients | Fats & Oils | Finished Food Categories: Dairy, Plant-based foods | Specialised Finished Products: Functional powders | Dosage Formats: Powders",Fi Europe 2026 - 17-19 November 2026 - Visit us at stand 41G6,"Nordbakken 2, DK-5750, Ringe, Denmark",lactosan@lactosan.com,+45 63620520,https://www.lactosan.dk,Denmark,Additives incl. Flavourings & Colours | Dairy Ingredients | Fats & Oils,Finished Food Categories | Dairy | Plant-based foods | Specialised Finished Products | Functional powders,Dosage Formats | Powders,None listed,None listed,Halal | Health & Safety | Organic | Sustainable | Vegan | Vegetarian,https://www.ingredientsnetwork.com/lactosan-a-s-comp249086.html
249142,Nigay,"WITH AN EVER-GROWING RANGE OF TASTES, COLOURS AND TEXTURES, NIGAYCARAMELS ARE THE PERFECT FIT FOR EVERY APPLICATIONS! A CARAMEL FOREVERY RECIPE Nigay is unique in its dedication to the art and science of caramelization which hasmade its name “the expert in caramels” around the world. Discover its comprehensiverange of aromatic caramels, caramel colours, burnt sugars and a growing portfolio ofcaramel specialities!Whether for colour, flavour, texture, or decoration, Nigay has the precise grade to meetyour specifications. Designed to enhance any application, our caramels captivate thesenses and elevate your creations. Nigay is constantly innovating and creating caramelswith endless possibilities.",Africa; Asia; Australia; Central/South America; Eastern Europe; Middle East; North America; Western Europe,Manufacturer: Ingredients / Additives,"Additives incl. Flavourings & Colours: Colours, Flavour Enhancers, Flavourings | Carbohydrates, Sugars | Dairy Ingredients | Dietary Fibres, Prebiotics | Fats & Oils | Fruit, Seeds, Nuts & Peanuts, Vegetables | Herbs, Spices | Syrups & Others: Honey | Physical Formats: Ground, Liquid",Fi Europe 2026 - 17-19 November 2026 - Visit us at stand 31N80,"ZI La Gare BP2, La Feculerie, 42110, Feurs, France",export@nigay.com,+33 477262133,https://www.nigay.com,France,"Additives incl. Flavourings & Colours | Carbohydrates, Sugars | Dairy Ingredients | Dietary Fibres, Prebiotics | Fats & Oils | Fruit, Seeds, Nuts & Peanuts, Vegetables | Herbs, Spices | Syrups & Others",None listed,Physical Formats | Ground | Liquid,None listed,None listed,Fair Trade | Organic,https://www.ingredientsnetwork.com/nigay-comp249142.html
250397,JRS,"The J. RETTENMAIER & SÖHNE Group is a globally leading dietary and hydrocolloid manufacturer and solution provider for natural fiber solutions, made from re-growing, natural plant raw materials. JRS Food Ingredients is dedicated to the development and production of novel vegetable based texturizing solutions with high consumer acceptance to respond to the increasing demand for label friendly food ingredients. JRS’s commitment is to help you to improve your product's quality, shelf life, nutritional value, process technology and cost effectiveness, and to provide stimuli, ideas and solutions for innovation such as meat and dairy alternatives, fat and energy reduction and special diets. The comprehensive application and development service supports fast adaption and product introduction. Under the brands “VIVAPUR® Functional Ingredients” and “VITACEL® Dietary Fibers”, JRS provides texturizing and stabilizing solutions and fiber enrichment for modern food industries.",Asia; Australia; Central/South America; Eastern Europe; Middle East; North America; Western Europe,Manufacturer: Ingredients / Additives,"Additives incl. Flavourings & Colours: Emulsifiers, Stabilisers, Thickeners, Other Additives | Algae, Botanicals, Carotenoids, Flavonoids | Dietary Fibres, Prebiotics | Fruit, Seeds, Nuts & Peanuts, Vegetables | Ingredient Mixtures, Synbiotics | Finished Food Categories: Cereal and grain products, Dairy, Meat, Poultry & Fish, Plant-based foods | Specialised Finished Products: Dietary supplements, Functional beverages, Functional food | Dosage Formats: Powders | Digestive Health",Fi Europe 2026 - 17-19 November 2026 - Visit us at stand 31H96,"Holzmuehle 1, 73494, Rosenberg, Germany",food@jrs.de,+ 49 7967 152-0,https://www.jrs.de,Germany,"Additives incl. Flavourings & Colours | Algae, Botanicals, Carotenoids, Flavonoids | Dietary Fibres, Prebiotics | Fruit, Seeds, Nuts & Peanuts, Vegetables | Ingredient Mixtures, Synbiotics","Finished Food Categories | Cereal and grain products | Dairy | Meat, Poultry & Fish | Plant-based foods | Specialised Finished Products | Dietary supplements | Functional beverages | Functional food",Dosage Formats | Powders,Digestive Health,None listed,Gluten-free | Non-GMO | Organic | Sustainable | Vegan | Vegetarian,https://www.ingredientsnetwork.com/jrs-comp250397.html
249747,Plantex,"Plantex is a French specialist in botanical extraction with over 30 years of expertise in developing natural ingredients for the nutraceutical, food, cosmetic, and animal nutrition industries. As part of the Nactarome , we combine botanical know-how with the strength of a leader in natural ingredient solutions . More than just an extract supplier, Plantex develops tailored botanical solutions.",Africa; Asia; Australia; Central/South America; Eastern Europe; Middle East; North America; Western Europe,Manufacturer: Ingredients / Additives,"Additives incl. Flavourings & Colours: Colours, Flavourings | Algae, Botanicals, Carotenoids, Flavonoids: Botanicals, Carotenoids, Flavonoids | Bioactive Compounds - Other | Dietary Fibres, Prebiotics: Dietary Fibres | Fruit, Seeds, Nuts & Peanuts, Vegetables: Vegetables | Fungi & Yeasts, Microorganisms & Probiotics, Mushrooms: Mushrooms | Herbs, Spices | Vitamins, Minerals | Finished Food Categories: Beverages / Juices, Pet Food | Specialised Finished Products: Dietary supplements, Energy drinks, Functional beverages, Functional confectionery, Functional food, Functional powders, Pet Dietary Supplements | Extracting | Spray drying | Dosage Formats: Liquids, Powders | Physical Formats: Concentrated, Dried - air dried, Dried - freeze dried, Extracted, Ground, Powdered, Roasted | Bone & Joint Health | Cardiovascular Health | Cognitive & Mental Health | Digestive Health | Eye Health | Healthy Ageing | Immune Support | Men's Health | Metabolic Health | Skin Health | Sleep Health | Sports Nutrition | Weight Management | Women's Health",Fi Europe 2026 - 17-19 November 2026 - Visit us at stand 31K46 | Vitafoods Europe 2027 - 18-20 May 2027 - Visit us at stand 3D173 | Vitafoods Asia 2026 - 02 - 04 Sept 2026 - We were at stand H7-R22 | Vitafoods Europe 2026 - 05 - 07 May 2026 - We were at stand 3C138 | Vitafoods Europe 2025 - 20 - 22 May 2025 - We were at stand 3J86,"ZAC DE LA NOUE ROUSSEAU 6 RUE D'ALEMBERT, 91240, SAINT MICHEL SUR ORGE, France",info@plantex.fr,+33 160166925,https://www.plantex.fr,France,"Additives incl. Flavourings & Colours | Algae, Botanicals, Carotenoids, Flavonoids | Bioactive Compounds - Other | Dietary Fibres, Prebiotics | Fruit, Seeds, Nuts & Peanuts, Vegetables | Fungi & Yeasts, Microorganisms & Probiotics, Mushrooms | Herbs, Spices | Vitamins, Minerals",Finished Food Categories | Beverages / Juices | Pet Food | Specialised Finished Products | Dietary supplements | Energy drinks | Functional beverages | Functional confectionery | Functional food | Functional powders | Pet Dietary Supplements,Dosage Formats | Liquids | Powders | Physical Formats | Concentrated | Dried - air dried | Dried - freeze dried | Extracted | Ground | Powdered | Roasted,Bone & Joint Health | Cardiovascular Health | Cognitive & Mental Health | Digestive Health | Eye Health | Healthy Ageing | Immune Support | Men's Health | Metabolic Health | Skin Health | Sleep Health | Sports Nutrition | Weight Management | Women's Health,Extracting | Spray drying,Halal | Health & Safety | Kosher | Natural | Organic | Vegan,https://www.ingredientsnetwork.com/plantex-comp249747.html
248882,CARGILL NV,"More than simply a leading ingredient supplier, Cargill Food is your main source of inspiration and growth, setting new standards for innovating and collaborating. To do this, we’re anticipating future trends and regulations, while investing in our research, innovation, safety, food application, formulation and scaling capabilities. All to help us co-create more effectively with you and accelerate your growth. From texturizers and fats that deliver a delicious mouthfeel and enhanced flavors, healthier oils and plant-based proteins, to low calorie sugars and chocolate that sweeten favorite dishes, you can depend on our insights-led innovation to create nutritious and tasty products that contribute to happier, healthier lives. Discover how we can co-create growth for you!",Africa; Eastern Europe; Middle East; Western Europe,Manufacturer: Ingredients / Additives,"Additives incl. Flavourings & Colours: Emulsifiers, Stabilisers, Thickeners, Other Additives, Sweeteners | Algae, Botanicals, Carotenoids, Flavonoids | Carbohydrates, Sugars: Oligo- and polysaccharides | Dietary Fibres, Prebiotics: Dietary Fibres | Fats & Oils: Fats & Oils - Algae, Fats & Oils - Animal, Fats & Oils - Plant | Fruit, Seeds, Nuts & Peanuts, Vegetables | Ingredient Mixtures, Synbiotics | Proteins, Enzymes, Amino Acids: Amino acids | Syrups & Others: Agave syrup, Corn syrup, Maple syrup, Molasses | Vitamins, Minerals | Finished Food Categories: Cereal and grain products, Confectionery, Pet Food, Plant-based foods | Blending & mixing | Contract manufacturing | Flavour development | Dosage Formats: Granules, Liquids, Powders | Physical Formats: Concentrated, Ground, Liquid, Powdered | Metabolic Health | Sports Nutrition | Weight Management",Fi Europe 2026 - 17-19 November 2026 - Visit us at stand 31H80 | Vitafoods Europe 2026 - 05 - 07 May 2026 - We were at stand 6F56,"Bedrijvenlaan 9, 2800, Mechelen, Belgium",events@cargill.com,+32 15400411,https://www.cargill.com/food-beverage/emea/food-emea,Belgium,"Additives incl. Flavourings & Colours | Algae, Botanicals, Carotenoids, Flavonoids | Carbohydrates, Sugars | Dietary Fibres, Prebiotics | Fats & Oils | Fruit, Seeds, Nuts & Peanuts, Vegetables | Ingredient Mixtures, Synbiotics | Proteins, Enzymes, Amino Acids | Syrups & Others | Vitamins, Minerals",Finished Food Categories | Cereal and grain products | Confectionery | Pet Food | Plant-based foods,Dosage Formats | Granules | Liquids | Powders | Physical Formats | Concentrated | Ground | Liquid | Powdered,Metabolic Health | Sports Nutrition | Weight Management,Blending & mixing | Contract manufacturing | Flavour development,Natural | Organic | Sustainable,https://www.ingredientsnetwork.com/cargill-nv-comp248882.html
267848,Mitsubishi Corporation Life Sciences,"MCLS Europe, a wholly owned subsidiary of Mitsubishi Corporation Life Sciences Ltd., Tokyo, Japan, is engaged in the development, manufacturing, marketing, sales, technical service, and import/export of a broad spectrum of food ingredients. Savoury ingredients like Kohjin's specialty yeast extracts and Ribotide® Nutritional active ingredients such as L-137 MCLS Europe",Africa; Eastern Europe; Middle East; Western Europe,Manufacturer: Ingredients / Additives,"Additives incl. Flavourings & Colours: Emulsifiers, Stabilisers, Thickeners, Flavourings, Sweeteners | Bioactive Compounds - Other | Carbohydrates, Sugars | Dietary Fibres, Prebiotics: Dietary Fibres | Fungi & Yeasts, Microorganisms & Probiotics, Mushrooms: Microorganisms & Probiotics | Ingredient Mixtures, Synbiotics | Proteins, Enzymes, Amino Acids | Specialised Finished Products: Dietary supplements, Functional food | Dosage Formats: Powders | Digestive Health | Immune Support | Metabolic Health | Skin Health | Sleep Health | Sports Nutrition | Weight Management",Fi Europe 2026 - 17-19 November 2026 - Visit us at stand 30H96 | Vitafoods Europe 2027 - 18-20 May 2027 - Visit us at stand 3K269 | Vitafoods Europe 2026 - 05 - 07 May 2026 - We were at stand 3D246 | Vitafoods Europe 2025 - 20 - 22 May 2025 - We were at stand 4D216,"Building C-0A Stroombaan 12 The Garden, 1181vx, Amstelveen, Netherlands",info@mclseurope.com,+31 204260750,https://www.mclseurope.com/,Netherlands,"Additives incl. Flavourings & Colours | Bioactive Compounds - Other | Carbohydrates, Sugars | Dietary Fibres, Prebiotics | Fungi & Yeasts, Microorganisms & Probiotics, Mushrooms | Ingredient Mixtures, Synbiotics | Proteins, Enzymes, Amino Acids",Specialised Finished Products | Dietary supplements | Functional food,Dosage Formats | Powders,Digestive Health | Immune Support | Metabolic Health | Skin Health | Sleep Health | Sports Nutrition | Weight Management,None listed,Gluten-free | Halal | Health & Safety | Kosher | Quality Assurance | Sustainable Seafood | Vegan | Vegetarian,https://www.ingredientsnetwork.com/mitsubishi-corporation-life-sciences-comp267848.html
307174,Food Ingredients Europe,"Join the global F&B ingredients community to discover cutting-edge innovations and breakthrough solutions, forge new partnerships and gain insights to shape the future of food – at Fi Europe, the home of food ingredients. https://www.figlobal.com/europe/en/whats-on/what-to-expect/overview.html",Africa; Asia; Australia; Central/South America; Eastern Europe; Middle East; North America; Western Europe,Import / Export Services,"Additives incl. Flavourings & Colours | Bioactive Compounds - Other: Bioactives Other | Carbohydrates, Sugars | Eggs & Egg Products | Proteins, Enzymes, Amino Acids | Vitamins, Minerals | Finished Food Categories: Bakery, Beverages / Juices, Cereal and grain products, Egg products, Fruits & Vegetables, Plant-based foods | Specialised Finished Products: Dietary supplements, Functional confectionery, Functional food, Pet Dietary Supplements | Analysis/ Testing | Auditing & certifications | Blending & mixing | Bottling | Encapsulating | Quality assurance | Dosage Formats: Beverages, Capsules | Cardiovascular Health | Children's Health | Healthy Ageing | Immune Support | Men's Health | Pet Health | Weight Management",Fi Europe 2026 - 17-19 November 2026 - Visit us at stand 001,"WTC, Tower 10 – 7th Floor, Strawinskylaan 763, 1077 XX, Amsterdam, Netherlands",ficustomerservice@informa.com,+31(0)20 245 5355,https://www.figlobal.com/fieurope/en/home.html,Netherlands,"Additives incl. Flavourings & Colours | Bioactive Compounds - Other | Carbohydrates, Sugars | Eggs & Egg Products | Proteins, Enzymes, Amino Acids | Vitamins, Minerals",Finished Food Categories | Bakery | Beverages / Juices | Cereal and grain products | Egg products | Fruits & Vegetables | Plant-based foods | Specialised Finished Products | Dietary supplements | Functional confectionery | Functional food | Pet Dietary Supplements,Dosage Formats | Beverages | Capsules,Cardiovascular Health | Children's Health | Healthy Ageing | Immune Support | Men's Health | Pet Health | Weight Management,Analysis/ Testing | Auditing & certifications | Blending & mixing | Bottling | Encapsulating | Quality assurance,B corporation,https://www.ingredientsnetwork.com/food-ingredients-europe-comp307174.html
251251,Lyckeby Group ek för,"Lyckeby – experts in potato-based starches and fiberWe develop, produce, market, and distribute innovative potato-based specialty starches and fibers for the food and paper industries worldwide. As part of the Lyckeby Group – an economic association with around 500 members in southern Sweden, of which around 350 are farmers – we have strong roots in agriculture. This ensures a stable and high-quality supply of raw materials. Our production is based on renewable raw materials, mainly potatoes. Our deep expertise ensures that our functional starches are perfectly suited to specific industrial needs, including: • Acid-treated E1401 • Acetylated E1420 • Cross-linked E1412 • Acetylated and cross-linked E1414 • Acid-treated and acetylated E1420 • Oxidized E1404 • Cross-linked and hydroxypropylated E1442 • Emulsion stabilizing (OSA) E1450 • Enzyme treated • Dextrin • Low moisture • Clean label",Africa; Asia; Australia; Central/South America; Eastern Europe; Middle East; North America; Western Europe,Distributor,"Additives incl. Flavourings & Colours | Carbohydrates, Sugars | Dietary Fibres, Prebiotics",Fi Europe 2026 - 17-19 November 2026 - Visit us at stand 41K12 | Fi Asia Indonesia 2026 - 16-18 September 2026 - We were at stand C3T45,"PO Box 45, 29107, Fjalkinge, Sweden",josefin.friberg@lyckebygroup.com,+46766242434,https://www.lyckeby.com,Sweden,"Additives incl. Flavourings & Colours | Carbohydrates, Sugars | Dietary Fibres, Prebiotics",None listed,None listed,None listed,None listed,None listed,https://www.ingredientsnetwork.com/lyckeby-group-ek-for-comp251251.html
248842,Akay Bioactives,"Akay Natural Ingredients Private Limited is a global manufacturer and supplier of high-quality natural ingredients for the food, nutraceutical, and health & wellness industries. As part of the Oterra Group, Akay offers a diverse portfolio including spice oleoresins, essential oils, natural colours, botanical extracts, natural antioxidants, curcumin, and functional ingredients. With strong expertise in extraction, formulation, and advanced processing technologies, Akay delivers consistent, traceable, and application-focused solutions to customers worldwide. Our commitment to innovation, quality, sustainability, and customer-centric solutions makes Akay a trusted partner for natural ingredient solutions across global markets.",Asia; Australia; Central/South America; Eastern Europe; North America; Western Europe,Manufacturer: Ingredients / Additives,"Additives incl. Flavourings & Colours: Antioxidants, Flavourings | Algae, Botanicals, Carotenoids, Flavonoids: Botanicals | Bioactive Compounds - Other: Bioactives Other | Fats & Oils | Herbs, Spices: Spices | Ingredient Mixtures, Synbiotics | Finished Food Categories: Beverages / Juices, Confectionery, Pet Food, Sauces & Seasonings | Specialised Finished Products: Dietary supplements | Extracting | Dosage Formats: Beverages, Capsules, Chewables, Gummies, Oil, Powders, Tablets | Bone & Joint Health | Cardiovascular Health | Cognitive & Mental Health | Digestive Health | Healthy Ageing | Immune Support | Men's Health | Metabolic Health | Sleep Health | Sports Nutrition | Weight Management | Women's Health",Fi Europe 2026 - 17-19 November 2026 - Visit us at stand 31P64 | Vitafoods India 2027 - 9 - 11 February 2027 - Visit us at stand E29 | Vitafoods Europe 2027 - 18-20 May 2027 - Visit us at stand 2D265 | Vitafoods Asia 2026 - 02 - 04 Sept 2026 - We were at stand H5-D41 | Vitafoods Europe 2026 - 05 - 07 May 2026 - We were at stand 3J220 | Vitafoods India 2026 - 11 - 13 February 2026 - We were at stand C17,"Malaidamthuruthu P.O., 683561, Ernakulam, Kochi, India",info@akay-group.com,+91 4842686111,https://www.akay-group.com,India,"Additives incl. Flavourings & Colours | Algae, Botanicals, Carotenoids, Flavonoids | Bioactive Compounds - Other | Fats & Oils | Herbs, Spices | Ingredient Mixtures, Synbiotics",Finished Food Categories | Beverages / Juices | Confectionery | Pet Food | Sauces & Seasonings | Specialised Finished Products | Dietary supplements,Dosage Formats | Beverages | Capsules | Chewables | Gummies | Oil | Powders | Tablets,Bone & Joint Health | Cardiovascular Health | Cognitive & Mental Health | Digestive Health | Healthy Ageing | Immune Support | Men's Health | Metabolic Health | Sleep Health | Sports Nutrition | Weight Management | Women's Health,Extracting,None listed,https://www.ingredientsnetwork.com/akay-bioactives-comp248842.html
249286,TEREOS,"Tereos is a leading supplier of functional ingredients derived from sugar beet, cereals and sugarcane, serving the food and beverage industry worldwide. As a farmer-owned cooperative with more than 10,000 members, Tereos combines agricultural expertise with advanced processing capabilities to offer a broad portfolio of solutions, including sugar, sweeteners, starches, proteins, fibers and fermentation-based ingredients. Tereos works closely with customers to deliver innovative ingredients and solutions that support nutrition, functionality and decarbonization objectives throughout the value chain . Through regenerative agriculture initiatives and low-carbon sourcing solutions, Tereos helps customers reduce the carbon footprint of their products while responding to evolving consumer expectations and regulatory requirements. Processing more than 43 million tonnes of plant-based raw materials each year, Tereos combines scale, expertise and innovation to help customers develop high-performing, more sustainable solutions for markets worldwide.",Africa; Asia; Australia; Central/South America; Eastern Europe; Middle East; North America; Western Europe,Manufacturer: Ingredients / Additives,"Additives incl. Flavourings & Colours | Carbohydrates, Sugars | Cereals & Grains, Pulses | Fruit, Seeds, Nuts & Peanuts, Vegetables | Syrups & Others: Cane sugar",Fi Europe 2026 - 17-19 November 2026 - Visit us at stand 31H90 | Vitafoods Europe 2025 - 20 - 22 May 2025 - We were at stand 4F77,"1 Rue de Senlis, 77230, Moussy-le-Vieux, France",contact@tereos.com,+33 (0) 3 28 38 79 30,https://www.tereos.com,France,"Additives incl. Flavourings & Colours | Carbohydrates, Sugars | Cereals & Grains, Pulses | Fruit, Seeds, Nuts & Peanuts, Vegetables | Syrups & Others",None listed,None listed,None listed,None listed,None listed,https://www.ingredientsnetwork.com/tereos-comp249286.html
251079,SACCO SYSTEM,"Sacco System is an international company with a deep expertise in research and production of bacteria for food, agriculture, nutraceutical and pharmaceutical industries, built on more than 150 years of heritage. Operating today in over 110 countries worldwide, Sacco System provides its expertise on probiotic research, development and manufacturing for the human wellbeing. With its 8 facilities, Sacco System partners with companies in the development, process validation, and finished product manufacturing of probiotics, postbiotics, Next-Generation bacteria and LBP's. Sacco System also offers white label and tailor-made products, custom fermentation, GMP production from clinical to industrial scale (TOLLING), screening and optimization of culture media, preparation and validation of cell banks (RCB, MCB, and WCB), stability studies, research studies, registration assistance, branding and marketing strategy development, and contacts with third-party service providers like laboratories, contract manufacturers, and public authorities.",Africa; Asia; Australia; Central/South America; Eastern Europe; Middle East; North America; Western Europe,Manufacturer: Ingredients / Additives,"Additives incl. Flavourings & Colours | Bioactive Compounds - Other: Bioactives Other | Fungi & Yeasts, Microorganisms & Probiotics, Mushrooms: Microorganisms & Probiotics | Ingredient Mixtures, Synbiotics: Synbiotics | Proteins, Enzymes, Amino Acids | Finished Food Categories: Dairy | Specialised Finished Products: Biotic products, Dietary supplements, Functional food | Contract manufacturing | Dosage Formats: Gummies, Liquids, Pellets, Powders | Digestive Health | Immune Support",Vitafoods Europe 2027 - 18-20 May 2027 - Visit us at stand 3G97 | Vitafoods Europe 2026 - 05 - 07 May 2026 - We were at stand 3J78 | Vitafoods Europe 2025 - 20 - 22 May 2025 - We were at stand 3A6,"Strada per Merlino, 3, 26839, Zelo Buon Persico, Italy",P.Origoni@saccosrl.it,+390318859311,https://www.saccosystem.com,Italy,"Additives incl. Flavourings & Colours | Bioactive Compounds - Other | Fungi & Yeasts, Microorganisms & Probiotics, Mushrooms | Ingredient Mixtures, Synbiotics | Proteins, Enzymes, Amino Acids",Finished Food Categories | Dairy | Specialised Finished Products | Biotic products | Dietary supplements | Functional food,Dosage Formats | Gummies | Liquids | Pellets | Powders,Digestive Health | Immune Support,Contract manufacturing,Allergen-free | Halal | Kosher | Quality Assurance | Vegan | Vegetarian,https://www.ingredientsnetwork.com/sacco-system-comp251079.html
249925,BENEO GmbH,"BENEO offers a range of functional ingredients with health and technical benefits derived from the natural sources chicory root, barley, sugar beet, rice, wheat and faba bean. With its Meatless range, BENEO offers food producers a versatile selection of plant-based texturizing solutions for meat and fish alternatives. By “connecting nutrition and health”, the company supports food and feed manufacturers to produce healthy and more balanced products. BENEO also supplies organic rice ingredients for green, clean, texturizing solutions and organic chicory root fibres, offering the same prebiotic benefits as our conventional ingredients. BENEO ingredients offer food manufacturers routes to develop great-tasting products that are nutritionally optimised with less or no sugar or fat, fibre-enriched or gluten- as well as dairy-free and more. BENEO takes it even further: blood sugar management, weight management, digestive, bone and dental health are concepts where its ingredients can play a decisive role. In addition, they improve the taste and texture of food and beverages. BENEO specialises in supplying manufacturers with functional ingredients of non-animal origin that bring forth innovative product development. The company’s product portfolio is primarily used in the following applications: baby food, bakery, cereals, beverages, confectionery, dairy, meat and vegetables, as well as soups and sauces. To learn more, visit www.beneo.com",Africa; Asia; Australia; Central/South America; Eastern Europe; Middle East; North America; Western Europe,Manufacturer: Ingredients / Additives,"Additives incl. Flavourings & Colours: Emulsifiers, Stabilisers, Thickeners | Algae, Botanicals, Carotenoids, Flavonoids | Bioactive Compounds - Other | Carbohydrates, Sugars: Oligo- and polysaccharides | Cereals & Grains, Pulses | Dietary Fibres, Prebiotics | Ingredient Mixtures, Synbiotics | Proteins, Enzymes, Amino Acids: Proteins - Plant | Finished Food Categories: Plant-based foods | Dosage Formats: Powders | Bone & Joint Health | Digestive Health | Metabolic Health | Sports Nutrition | Weight Management",Fi Europe 2026 - 17-19 November 2026 - Visit us at stand 31G70 | Vitafoods Europe 2027 - 18-20 May 2027 - Visit us at stand 3J277 | Vitafoods Europe 2026 - 05 - 07 May 2026 - We were at stand 6F10 | Vitafoods Europe 2025 - 20 - 22 May 2025 - We were at stand 4D37,"Maximilianstrasse 10, 68165, Mannheim, Germany",contact@beneo.com,+49621421150,https://www.beneo.com,Germany,"Additives incl. Flavourings & Colours | Algae, Botanicals, Carotenoids, Flavonoids | Bioactive Compounds - Other | Carbohydrates, Sugars | Cereals & Grains, Pulses | Dietary Fibres, Prebiotics | Ingredient Mixtures, Synbiotics | Proteins, Enzymes, Amino Acids",Finished Food Categories | Plant-based foods,Dosage Formats | Powders,Bone & Joint Health | Digestive Health | Metabolic Health | Sports Nutrition | Weight Management,None listed,Gluten-free | Non-GMO | Organic | Sustainable,https://www.ingredientsnetwork.com/beneo-gmbh-comp249925.html
267945,HHOYA B.V.,"At HHOYA, we are more than just a provider of ingredient solutions – we are dedicated advocates of sustainability, driving positive change through innovative and eco-conscious practices. As a leading sustainable ingredient solutions provider, we have made it our mission to revolutionize industries by offering cutting-edge solutions that harmonize business goals with environmental responsibility. HHOYA’s One-Stop Sourcing Solutions offer a comprehensive approach to streamline your procurement process. We provide a centralized platform where you can find a wide range of products and services, all tailored to meet your specific needs. From sourcing and procurement to logistics and support, our integrated solutions simplify your supply chain, saving you time, resources, and effort. With HHOYA’s One-Stop Sourcing Solutions, you can confidently access a diverse array of offerings while enjoying the convenience of a single point of contact for all your requirements.",Africa; Asia; Australia; Central/South America; Eastern Europe; Middle East; North America; Western Europe,Raw Material Supplier,"Additives incl. Flavourings & Colours: Emulsifiers, Stabilisers, Thickeners, Flavourings, Other Additives, Sweeteners | Algae, Botanicals, Carotenoids, Flavonoids: Botanicals | Bioactive Compounds - Other | Carbohydrates, Sugars | Dietary Fibres, Prebiotics: Dietary Fibres, Prebiotics | Proteins, Enzymes, Amino Acids: Amino acids, Proteins - Plant | Vitamins, Minerals | Finished Food Categories: Plant-based foods | Quality assurance | Dosage Formats: Powders | Physical Formats: Extracted | Cardiovascular Health | Cognitive & Mental Health | Digestive Health | Eye Health | Healthy Ageing | Immune Support | Metabolic Health | Skin Health | Sports Nutrition | Weight Management",Fi Europe 2026 - 17-19 November 2026 - Visit us at stand 30H86 | Vitafoods Europe 2027 - 18-20 May 2027 - Visit us at stand 2B265 | Vitafoods Europe 2026 - 05 - 07 May 2026 - We were at stand 3H208 | Vitafoods Europe 2025 - 20 - 22 May 2025 - We were at stand 5H40,"Rietveldenweg 98, 5222 AS, ‘s-Hertogenbosch, Netherlands",info@hhoya.com,+31 20 22 58 999,https://www.hhoya.com,Netherlands,"Additives incl. Flavourings & Colours | Algae, Botanicals, Carotenoids, Flavonoids | Bioactive Compounds - Other | Carbohydrates, Sugars | Dietary Fibres, Prebiotics | Proteins, Enzymes, Amino Acids | Vitamins, Minerals",Finished Food Categories | Plant-based foods,Dosage Formats | Powders | Physical Formats | Extracted,Cardiovascular Health | Cognitive & Mental Health | Digestive Health | Eye Health | Healthy Ageing | Immune Support | Metabolic Health | Skin Health | Sports Nutrition | Weight Management,Quality assurance,Halal | Kosher | Natural | Non-GMO | Organic | Sustainable | Vegan | Vegetarian,https://www.ingredientsnetwork.com/hhoya-b-v-comp267945.html
249093,KMC,"In KMC, everything begins and ends with the humble, yet powerful potato. KMC supplies the global food industry with potato-based solutions that enhance a product’s taste, texture, or longevity. We are a cooperative with over 90 years of experience, owned by Danish starch-potato growers – guaranteeing the highest quality and food safety standards. Growing a plant-based future In KMC, we believe the future is plant-based and climate-friendly. Our contribution is to help innovative food manufactures make their products more sustainable – and to integrate sustainability in everything we do. Implementing intelligent ingredients KMC is a preferred partner valued for our extensive know-how allowing us to develop our customer’s business and optimise every single production – from ingredient to implementation. And our experts do not leave, until it works.",Africa; Asia; Australia; Central/South America; Eastern Europe; Middle East; North America; Western Europe,Manufacturer: Ingredients / Additives,"Additives incl. Flavourings & Colours: Emulsifiers, Stabilisers, Thickeners, Other Additives | Carbohydrates, Sugars | Dietary Fibres, Prebiotics: Dietary Fibres | Fruit, Seeds, Nuts & Peanuts, Vegetables | Ingredient Mixtures, Synbiotics | Proteins, Enzymes, Amino Acids | Finished Food Categories: Bakery, Plant-based foods | Dosage Formats: Powders | Physical Formats: Powdered | Metabolic Health | Sports Nutrition",Fi Europe 2026 - 17-19 November 2026 - Visit us at stand 31G63 | Fi India 2026 - 26-28 August 2026 - We were at stand 4C26b,"Herningvej 60, 7330, Brande, Denmark",marketing@kmc.dk,+45 9642 5555,https://www.kmc.dk,Denmark,"Additives incl. Flavourings & Colours | Carbohydrates, Sugars | Dietary Fibres, Prebiotics | Fruit, Seeds, Nuts & Peanuts, Vegetables | Ingredient Mixtures, Synbiotics | Proteins, Enzymes, Amino Acids",Finished Food Categories | Bakery | Plant-based foods,Dosage Formats | Powders | Physical Formats | Powdered,Metabolic Health | Sports Nutrition,None listed,Non-GMO,https://www.ingredientsnetwork.com/kmc-comp249093.html
251069,MartinoRossi SpA,"MartinoRossi is a mill and ingredients producer from Northern Italy, active for more than fifty years, focused on flours, custom blends and functional ingredients from cereals and pulses, 100% Gluten-free, allergen-free and GMO-free. MartinoRossi lays its foundations on the respect and development of the agricultural realities, investing on quality and safety of raw materials. Cereals and pulses both conventional and organic, transformed into high quality flours, semi-finished products, functional ingredients and custom blends, clean label and allergens free, ideal for the production of pasta, snacks, bakery products and plant-based products. Thanks to its tailor-made attitude, MartinoRossi is able to offer a full customization of the supplied ingredients, according to specific customer requirements (both in terms of grain size and heat-treatment). Native or Heat-Treated flours ideal for pasta making, bakery products and pastry; semi-finished products for corn-flakes or snacks and selected high-quality grains. Functional ingredients conceived to guarantee a ""clean"" label to final consumers. Flours physically modified through an internal know-how and the use of vegetable fibers create solutions to assist the food industries to achieve a better performance in the finished products.",Asia; Central/South America; Eastern Europe; Middle East; North America; Western Europe,Manufacturer: Ingredients / Additives,"Carbohydrates, Sugars | Cereals & Grains, Pulses: Cereals & Grains, Pulses | Dietary Fibres, Prebiotics: Dietary Fibres | Fruit, Seeds, Nuts & Peanuts, Vegetables | Ingredient Mixtures, Synbiotics: Food Substitute Ingredient Mixtures, Functional (formulated) Ingredient Mixtures | Proteins, Enzymes, Amino Acids: Amino acids | Finished Food Categories: Cereal and grain products, Plant-based foods, Prepared foods | Specialised Finished Products: Functional food | Dosage Formats: Powders | Physical Formats: Ground, Milled | Digestive Health | Metabolic Health | Sports Nutrition | Weight Management",Fi Europe 2026 - 17-19 November 2026 - Visit us at stand 31B20,"Sp 26 km 15.100, 26030, Malagnino, Italy",info@martinorossispa.it,+39 0372 838501,https://www.martinorossispa.it,Italy,"Carbohydrates, Sugars | Cereals & Grains, Pulses | Dietary Fibres, Prebiotics | Fruit, Seeds, Nuts & Peanuts, Vegetables | Ingredient Mixtures, Synbiotics | Proteins, Enzymes, Amino Acids",Finished Food Categories | Cereal and grain products | Plant-based foods | Prepared foods | Specialised Finished Products | Functional food,Dosage Formats | Powders | Physical Formats | Ground | Milled,Digestive Health | Metabolic Health | Sports Nutrition | Weight Management,None listed,Allergen-free | Gluten-free | Non-GMO | Organic | Vegan | Vegetarian,https://www.ingredientsnetwork.com/martinorossi-spa-comp251069.html
301813,LIPSA,"Lípidos Santiga (LIPSA) is a leading company in the refining of vegetable oils and fats for the human food, animal feed, technical applications and biofuels sectors.Since our beginnings in 1973, our objective has been to become the supplier of reference for all our customers around the world, continuously providing them with high added value solutions. With a portfolio of more than 20 feedstocks and the ability to add additives and create blends, we have the widest product portfolio in the industry. And for all customers who want to go one step further in their commitment to sustainability, we also offer our range of sustainable and eco-certified products. Our experienced team works together with the best suppliers to ensure a safe and sustainable supply chain for our raw materials in social, environmental and economic terms. We also use the best and latest technology in oil refining processes, and we are at the forefront in mitigating contaminants that may be present in vegetable oils or appear during refining processes (GE, 3-MCPD esters and MOSH/MOAH) to ensure the quality of all our products. We continuously innovate our products, relying on technology to adapt to the needs of the market and together with our customers we develop tailor-made solutions to meet all their demands for vegetable oils and fats.",Africa; Asia; Australia; Central/South America; Eastern Europe; Middle East; North America; Western Europe,Raw Material Supplier,"Additives incl. Flavourings & Colours: Emulsifiers, Stabilisers, Thickeners | Fats & Oils: Fats & Oils - Plant | Finished Food Categories: Confectionery, Cooking Fats & Oils, Plant-based foods | Dosage Formats: Oil | Children's Health | Metabolic Health",Fi Europe 2026 - 17-19 November 2026 - Visit us at stand 31N90,"Ctra. B-141 Ripollet A Santiga, km 4,300, 08130, Santa Perpetua de Mogoda, Spain",jolivero@lipsa.es,+34 935443119,https://www.lipsa.es,Spain,Additives incl. Flavourings & Colours | Fats & Oils,Finished Food Categories | Confectionery | Cooking Fats & Oils | Plant-based foods,Dosage Formats | Oil,Children's Health | Metabolic Health,None listed,Organic | Sustainable,https://www.ingredientsnetwork.com/lipsa-comp301813.html
249140,Nexira,"Founded in 1895, Nexira is a global leader in natural ingredients and botanical extracts for the food, nutrition, and dietary supplements industries. Nexira built its reputation as the world leader in acacia fiber and now manufactures a wide range of natural products with recognized health benefits. Our portfolio of products includes highly functional and nutritional ingredients , antioxidants and active botanicals for digestive health, weight management, stress management, sports nutrition, cognitive health and cardiovascular health. We operate on five continents, with ten subsidiaries, eight manufacturing plants and an extensive network of partners in more than 80 countries.",Africa; Asia; Australia; Central/South America; Eastern Europe; Middle East; North America; Western Europe,Manufacturer: Ingredients / Additives,"Additives incl. Flavourings & Colours: Emulsifiers, Stabilisers, Thickeners | Algae, Botanicals, Carotenoids, Flavonoids: Algae, Botanicals, Carotenoids | Bioactive Compounds - Other | Carbohydrates, Sugars | Cereals & Grains, Pulses | Dietary Fibres, Prebiotics: Dietary Fibres, Prebiotics | Fats & Oils | Fruit, Seeds, Nuts & Peanuts, Vegetables | Fungi & Yeasts, Microorganisms & Probiotics, Mushrooms | Herbs, Spices: Herbs | Ingredient Mixtures, Synbiotics: Synbiotics | Proteins, Enzymes, Amino Acids: Amino acids, Proteins - Plant | Vitamins, Minerals | Finished Food Categories: Plant-based foods | Specialised Finished Products: Dietary supplements, Energy drinks, Functional beverages, Functional food | Encapsulating | Extracting | Spray drying | Dosage Formats: Powders | Physical Formats: Dried - air dried, Dried - freeze dried, Extracted, Ground, Powdered | Bone & Joint Health | Cardiovascular Health | Cognitive & Mental Health | Digestive Health | Eye Health | Healthy Ageing | Immune Support | Men's Health | Metabolic Health | Skin Health | Sleep Health | Sports Nutrition | Weight Management | Women's Health",Fi Europe 2026 - 17-19 November 2026 - Visit us at stand 31H64 | Vitafoods Europe 2027 - 18-20 May 2027 - Visit us at stand 3A167 | Vitafoods Asia 2026 - 02 - 04 Sept 2026 - We were at stand H6-K16 | Fi India 2026 - 26-28 August 2026 - We were at stand 4B36 | Vitafoods Europe 2026 - 05 - 07 May 2026 - We were at stand 3C70,"129, Chemin de Croisset BP 4151, 76723, Rouen, France",info@nexira.com,+33 232 83 18 18,https://www.nexira.com,France,"Additives incl. Flavourings & Colours | Algae, Botanicals, Carotenoids, Flavonoids | Bioactive Compounds - Other | Carbohydrates, Sugars | Cereals & Grains, Pulses | Dietary Fibres, Prebiotics | Fats & Oils | Fruit, Seeds, Nuts & Peanuts, Vegetables | Fungi & Yeasts, Microorganisms & Probiotics, Mushrooms | Herbs, Spices | Ingredient Mixtures, Synbiotics | Proteins, Enzymes, Amino Acids | Vitamins, Minerals",Finished Food Categories | Plant-based foods | Specialised Finished Products | Dietary supplements | Energy drinks | Functional beverages | Functional food,Dosage Formats | Powders | Physical Formats | Dried - air dried | Dried - freeze dried | Extracted | Ground | Powdered,Bone & Joint Health | Cardiovascular Health | Cognitive & Mental Health | Digestive Health | Eye Health | Healthy Ageing | Immune Support | Men's Health | Metabolic Health | Skin Health | Sleep Health | Sports Nutrition | Weight Management | Women's Health,Encapsulating | Extracting | Spray drying,Health & Safety | Kosher | Natural | Non-GMO | Organic | Sustainable | Traceable | Vegan,https://www.ingredientsnetwork.com/nexira-comp249140.html
302647,Arctic Bioscience AS,"Arctic Bioscience AS is a Norwegian nutraceutical and pharmaceutical development company. Our unique and premium product portfolio of phospholipid omega-3 products and marine proteins for B2B customers is based on extracts from the caviar of wild-caught North Atlantic herring. Clinically tested, patented and available in bulk oil and capsules. We focus on biological mechanics, bioavailability and effect. Our portfolio of products are to be positioned within the segments of brain health, sports performance, anti-inflammatory, healthy ageing, prenatal supplements and omega-3s.",Asia; Central/South America; Eastern Europe; Middle East; North America; Western Europe,Manufacturer: Ingredients / Additives,"Fats & Oils | Proteins, Enzymes, Amino Acids: Amino acids | Vitamins, Minerals | Specialised Finished Products: Dietary supplements, Protein products | Dosage Formats: Capsules, Liquids, Tablets | Physical Formats: Milled | Cardiovascular Health | Cognitive & Mental Health | Healthy Ageing | Immune Support | Sports Nutrition",Vitafoods Europe 2027 - 18-20 May 2027 - Visit us at stand 3D235B | Vitafoods Asia 2026 - 02 - 04 Sept 2026 - We were at stand H7-N25J | Vitafoods Europe 2026 - 05 - 07 May 2026 - We were at stand 4F52B | Vitafoods Europe 2025 - 20 - 22 May 2025 - We were at stand 4D38C,"Industrivegen 42, NO-6155, Ostra, Norway",kim@arctic-biosciene.com,+47 97076411,https://www.arctic-bioscience.com,Norway,"Fats & Oils | Proteins, Enzymes, Amino Acids | Vitamins, Minerals",Specialised Finished Products | Dietary supplements | Protein products,Dosage Formats | Capsules | Liquids | Tablets | Physical Formats | Milled,Cardiovascular Health | Cognitive & Mental Health | Healthy Ageing | Immune Support | Sports Nutrition,None listed,Gluten-free | Natural | Non-GMO | Sustainable | Traceable,https://www.ingredientsnetwork.com/arctic-bioscience-as-comp302647.html
248819,Atlantic Chemicals Trading GmbH,"ACT is a leading global distributor of raw materials for health and nutrition, headquartered in Germany. With worldwide offices, ACT is your dynamic and solution-oriented partner. Our efforts in our strongest fields -vitamins, sweeteners, energy ingredients, amino acids, flavours and plant extracts - are driven by our conviction and passion.",Asia; Eastern Europe; North America; Western Europe,Distributor,"Additives incl. Flavourings & Colours: Acidulants, Antioxidants, Emulsifiers, Stabilisers, Thickeners, Flavourings, Preservatives, Sweeteners | Algae, Botanicals, Carotenoids, Flavonoids | Bioactive Compounds - Other | Carbohydrates, Sugars | Dietary Fibres, Prebiotics | Fats & Oils | Fruit, Seeds, Nuts & Peanuts, Vegetables | Herbs, Spices | Ingredient Mixtures, Synbiotics | Proteins, Enzymes, Amino Acids: Amino acids | Vitamins, Minerals | Finished Food Categories: Plant-based foods | Specialised Finished Products: Dietary supplements, Energy drinks, Protein products | Dosage Formats: Oil, Powders | Physical Formats: Ground, Liquid | Bone & Joint Health | Cardiovascular Health | Cognitive & Mental Health | Digestive Health | Eye Health | Healthy Ageing | Immune Support | Men's Health | Metabolic Health | Skin Health | Sports Nutrition | Weight Management",Fi Europe 2026 - 17-19 November 2026 - Visit us at stand 31D56 | Vitafoods Europe 2027 - 18-20 May 2027 - Visit us at stand 3C277 | Vitafoods Europe 2026 - 05 - 07 May 2026 - We were at stand UWA94,"Hermannstrasse 46, 20095, Hamburg., Germany",germany@act.de,+49 403344190,https://www.act.de,Germany,"Additives incl. Flavourings & Colours | Algae, Botanicals, Carotenoids, Flavonoids | Bioactive Compounds - Other | Carbohydrates, Sugars | Dietary Fibres, Prebiotics | Fats & Oils | Fruit, Seeds, Nuts & Peanuts, Vegetables | Herbs, Spices | Ingredient Mixtures, Synbiotics | Proteins, Enzymes, Amino Acids | Vitamins, Minerals",Finished Food Categories | Plant-based foods | Specialised Finished Products | Dietary supplements | Energy drinks | Protein products,Dosage Formats | Oil | Powders | Physical Formats | Ground | Liquid,Bone & Joint Health | Cardiovascular Health | Cognitive & Mental Health | Digestive Health | Eye Health | Healthy Ageing | Immune Support | Men's Health | Metabolic Health | Skin Health | Sports Nutrition | Weight Management,None listed,Halal | Health & Safety | Kosher | Natural | Organic | Sustainable | Sustainable Seafood,https://www.ingredientsnetwork.com/atlantic-chemicals-trading-gmbh-comp248819.html
273382,Vita Actives Limited,"Your satisfaction sits at the peak of our priorities at Vita Actives. We are committed to offering industry-leading, research-backed nutraceutical ingredients that support you to craft exceptional products, giving you an edge in your market. Our expansive catalogue caters to diverse sectors including functional foods and beverages, health and wellness, pharmaceuticals, sports nutrition, and cosmetics. As your strategic partner, we champion the sourcing, supply, and distribution of more than 3000 rigorously tested and premium quality ingredients, ranging from amino acids, vitamins and minerals to herbal extracts, enzymes, probiotics, proteins, carbohydrates, and nutraceutical specialities. With a network of over 500 global partners, 50+ proprietary ingredient brands, and one of Europe's largest inventories, we are proud to also offer renowned ingredient brands like Advifolate, BioK2, CurQreal, Zymate, KSM-66 Ashwagandha, BCM-95, and Oxystorm. Our Services At Vita Actives, our experienced team and state-of-the-art innovation centre stand ready to serve you. We provide an array of services, from the conception of novel product formulations and enhancement of existing products to guidance in navigating industry challenges, including regulatory assistance, clinical trials and contract research and manufacturing. Quality Vita Actives is recognised with numerous quality certifications, such as BRCGS (GFSI), ISO9001:2015, HACCP, HALAL, and KOSHER. Leveraging the SAP system and investing in the most dependable technologies, we guarantee 100% traceability for every product. Our dedication extends to upholding the highest quality standards, ensuring product traceability, and meeting both statutory and regulatory benchmarks.",Asia; Central/South America; Eastern Europe; Middle East; North America; Western Europe,Raw Material Supplier,"Additives incl. Flavourings & Colours: Emulsifiers, Stabilisers, Thickeners | Algae, Botanicals, Carotenoids, Flavonoids: Botanicals, Carotenoids | Bioactive Compounds - Other | Dietary Fibres, Prebiotics | Fats & Oils | Fruit, Seeds, Nuts & Peanuts, Vegetables | Fungi & Yeasts, Microorganisms & Probiotics, Mushrooms: Microorganisms & Probiotics | Ingredient Mixtures, Synbiotics: Synbiotics | Proteins, Enzymes, Amino Acids: Amino acids, Enzymes | Vitamins, Minerals | Finished Food Categories: Plant-based foods | Specialised Finished Products: Dietary supplements, Functional beverages, Functional food, Protein products | Contract manufacturing | Dosage Formats: Beverages, Oil, Powders | Physical Formats: Extracted | Bone & Joint Health | Cancer Risk Reduction | Cardiovascular Health | Cognitive & Mental Health | Digestive Health | Eye Health | Healthy Ageing | Immune Support | Metabolic Health | Skin Health | Sleep Health | Sports Nutrition | Weight Management | Women's Health",Fi Europe 2026 - 17-19 November 2026 - Visit us at stand 30G72 | Vitafoods Europe 2027 - 18-20 May 2027 - Visit us at stand 2D151 | Vitafoods Europe 2026 - 05 - 07 May 2026 - We were at stand 3C24 | Vitafoods Europe 2025 - 20 - 22 May 2025 - We were at stand 3J6,"Unit I, Baldonnel Business Park, D22YH57, Dublin, Ireland",sales@vitaactives.com,0035314690882,https://vitaactives.com/,Ireland,"Additives incl. Flavourings & Colours | Algae, Botanicals, Carotenoids, Flavonoids | Bioactive Compounds - Other | Dietary Fibres, Prebiotics | Fats & Oils | Fruit, Seeds, Nuts & Peanuts, Vegetables | Fungi & Yeasts, Microorganisms & Probiotics, Mushrooms | Ingredient Mixtures, Synbiotics | Proteins, Enzymes, Amino Acids | Vitamins, Minerals",Finished Food Categories | Plant-based foods | Specialised Finished Products | Dietary supplements | Functional beverages | Functional food | Protein products,Dosage Formats | Beverages | Oil | Powders | Physical Formats | Extracted,Bone & Joint Health | Cancer Risk Reduction | Cardiovascular Health | Cognitive & Mental Health | Digestive Health | Eye Health | Healthy Ageing | Immune Support | Metabolic Health | Skin Health | Sleep Health | Sports Nutrition | Weight Management | Women's Health,Contract manufacturing,Allergen-free | Fair Trade | Gluten-free | Halal | Health & Safety | Natural | Non-GMO | Organic | Quality Assurance | Sustainable Seafood | Traceable | Vegan | Vegetarian,https://www.ingredientsnetwork.com/vita-actives-limited-comp273382.html
248949,GELITA AG,"Within the range of collagen proteins, GELITA supplies collagen peptides with proven body-stimulating capabilities and tailor-made gelatins. In today’s landscape of highest consumer demands, manufacturers of food products and dietary supplements rely on natural, healthy, non-allergenic ingredients for their developments. Collagen proteins from GELITA fulfill all of these requirements and are foodstuffs in their own right (no E-number). They also possess a set of unique technical and physiological properties. Collagen peptides enable manufacturers to add specific health aspects. GELITA has intensified its research in developing solutions for this important market segments: Physical mobility with FORTIGEL®, bone stability with FORTIBONE®, beauty from within solutions for nutricosmetics with VERISOL®, optimized body composition with BODYBALANCE®, TENDOFORTE® for strengthening ligaments and tendons and finally PeptENDURE® for mor endurance in sports. GELITA also provides a whole portfolio of capsule gelatines to define the fill release profile of the soft capsule from extremely fast (DELASOL®) and reduced cross-linking (RXL®) to very low or even enteric release (DELASOL®) and EASYSEAL® to improve capsule seals.",Africa; Asia; Australia; Central/South America; Eastern Europe; Middle East; North America; Western Europe,Manufacturer: Ingredients / Additives,"Additives incl. Flavourings & Colours: Emulsifiers, Stabilisers, Thickeners | Bioactive Compounds - Other | Ingredient Mixtures, Synbiotics | Proteins, Enzymes, Amino Acids | Finished Food Categories: Pet Food | Specialised Finished Products: Dietary supplements, Functional beverages, Functional food | Dosage Formats: Powders | Physical Formats: Flaked, Powdered | Bone & Joint Health | Eye Health | Healthy Ageing | Metabolic Health | Pet Health | Skin Health | Sports Nutrition | Weight Management",Fi Europe 2026 - 17-19 November 2026 - Visit us at stand 31H38 | Vitafoods Europe 2027 - 18-20 May 2027 - Visit us at stand 3C167 | Vitafoods Asia 2026 - 02 - 04 Sept 2026 - We were at stand H7-R09 | Vitafoods Europe 2026 - 05 - 07 May 2026 - We were at stand 3B88 | Vitafoods Europe 2025 - 20 - 22 May 2025 - We were at stand 3J104,"Uferstrasse 7, 69412, Eberbach, Germany",marketing@gelita.com,+49 6271 8401,https://www.gelita.com,Germany,"Additives incl. Flavourings & Colours | Bioactive Compounds - Other | Ingredient Mixtures, Synbiotics | Proteins, Enzymes, Amino Acids",Finished Food Categories | Pet Food | Specialised Finished Products | Dietary supplements | Functional beverages | Functional food,Dosage Formats | Powders | Physical Formats | Flaked | Powdered,Bone & Joint Health | Eye Health | Healthy Ageing | Metabolic Health | Pet Health | Skin Health | Sports Nutrition | Weight Management,None listed,Gluten-free | Halal | Kosher | Natural | Non-GMO,https://www.ingredientsnetwork.com/gelita-ag-comp248949.html
317902,FrieslandCampina Nederland BV,"FrieslandCampina Ingredients is a leader in proteins and prebiotics, providing innovative, nutritious ingredients to address health and well-being challenges worldwide. Its drive is to get the right ingredients to customers - so they can create highly nutritious and specialised applications that help their consumers get the most out of life, always. FrieslandCampina Ingredients operates globally across the Early Life Nutrition, Active, Performance, Medical and Cell Nutrition market segments. The company has regional sales offices in the Netherlands, the United States, Singapore, China and Brazil. It reported combined sales of €1.486 billion in 2025. For additional information, please visit: www.frieslandcampinaingredients.com .",Asia; Australia; Central/South America; Eastern Europe; Middle East; North America; Western Europe,Manufacturer: Ingredients / Additives,"Bioactive Compounds - Other: Bioactives Other | Dietary Fibres, Prebiotics | Proteins, Enzymes, Amino Acids | Specialised Finished Products: Biotic products, Functional beverages, Protein products | Dosage Formats: Beverages, Food bars, Other Dosage Formats, Powders, Shots, Sticks | Digestive Health | Healthy Ageing | Sports Nutrition | Weight Management",Fi Europe 2026 - 17-19 November 2026 - Visit us at stand 31G38 | Vitafoods Europe 2026 - 05 - 07 May 2026 - We were at stand 3L162 | Vitafoods Europe 2025 - 20 - 22 May 2025 - We were at stand 3J109,"Stationsplein 4, 3818LE, Amersfoort, Netherlands",info@frieslandcampinaingredients.com,+31 33 71 33 333,https://www.frieslandcampinaingredients.com,Netherlands,"Bioactive Compounds - Other | Dietary Fibres, Prebiotics | Proteins, Enzymes, Amino Acids",Specialised Finished Products | Biotic products | Functional beverages | Protein products,Dosage Formats | Beverages | Food bars | Other Dosage Formats | Powders | Shots | Sticks,Digestive Health | Healthy Ageing | Sports Nutrition | Weight Management,None listed,None listed,https://www.ingredientsnetwork.com/frieslandcampina-nederland-bv-comp317902.html
263881,LEHVOSS Nutrition,"LEHVOSS Nutrition is a business activity of the LEHVOSS Group, dedicated to the marketing and distribution of nutraceutical ingredients and minerals for Food Supplements, Functional Foods and Animal Nutrition. We specialise in scientifically proven, trademarked ingredients manufactured by top worldwide companies. Our brands portfolio covers Healthy Aging, Beauty from Within, Sport Nutrition, Joint Health, Immune, Cognitive, Gut Health Support and more. We also provide a selection of carefully chosen ingredients from our Essentials range, along with natural, plant-based solutions from our PlantNutra® line and a variety of high quality minerals from our PHARMAGNESIA® range.",Eastern Europe; Western Europe,Distributor,"Additives incl. Flavourings & Colours: Antioxidants | Algae, Botanicals, Carotenoids, Flavonoids: Algae, Botanicals, Flavonoids | Bioactive Compounds - Other: Bioactives Other | Carbohydrates, Sugars | Dietary Fibres, Prebiotics: Prebiotics | Fats & Oils | Fruit, Seeds, Nuts & Peanuts, Vegetables | Fungi & Yeasts, Microorganisms & Probiotics, Mushrooms | Ingredient Mixtures, Synbiotics: Functional (formulated) Ingredient Mixtures, Synbiotics | Proteins, Enzymes, Amino Acids: Amino acids, Enzymes | Vitamins, Minerals | Specialised Finished Products: Dietary supplements, Functional food, Pet Dietary Supplements | Analysis/ Testing | Certification | Quality assurance | Dosage Formats: Oil, Powders | Physical Formats: Extracted | Bone & Joint Health | Cardiovascular Health | Cognitive & Mental Health | Digestive Health | Eye Health | Healthy Ageing | Immune Support | Men's Health | Metabolic Health | Pet Health | Skin Health | Sleep Health | Sports Nutrition | Women's Health",Vitafoods Europe 2027 - 18-20 May 2027 - Visit us at stand 2G207 | Vitafoods Europe 2026 - 05 - 07 May 2026 - We were at stand 3C72 | Vitafoods Europe 2025 - 20 - 22 May 2025 - We were at stand 3J70,"40 Holmes Chapel Road, CW12 4NG, Congleton, United Kingdom",marketing@lehvoss.co.uk,+44(0)1260291000,https://www.lehvoss-nutrition.com/,United Kingdom,"Additives incl. Flavourings & Colours | Algae, Botanicals, Carotenoids, Flavonoids | Bioactive Compounds - Other | Carbohydrates, Sugars | Dietary Fibres, Prebiotics | Fats & Oils | Fruit, Seeds, Nuts & Peanuts, Vegetables | Fungi & Yeasts, Microorganisms & Probiotics, Mushrooms | Ingredient Mixtures, Synbiotics | Proteins, Enzymes, Amino Acids | Vitamins, Minerals",Specialised Finished Products | Dietary supplements | Functional food | Pet Dietary Supplements,Dosage Formats | Oil | Powders | Physical Formats | Extracted,Bone & Joint Health | Cardiovascular Health | Cognitive & Mental Health | Digestive Health | Eye Health | Healthy Ageing | Immune Support | Men's Health | Metabolic Health | Pet Health | Skin Health | Sleep Health | Sports Nutrition | Women's Health,Analysis/ Testing | Certification | Quality assurance,Health & Safety | Natural | Organic | Quality Assurance | Sustainable | Sustainable Seafood | Traceable | Upcycled,https://www.ingredientsnetwork.com/lehvoss-nutrition-comp263881.html
296023,Guangdong Qingyunshan Pharmaceutical Co.,"Guangdong Qingyunshan Pharmaceutical is a GMP certificate enterprise, founded in 1989, located in Guangdong, China. We have production lines for plant extraction, granules, capsules and tablets with NSF/ISO9001/ISO22000/HACCP/KOSHER/HALAL certification. Qingyunshan is a government certified High-tech Enterprise integrating R&D, production and sales of plant extract, functional foods health food and medicine. We have nearly 200 employees, including 50 R&D personnel, and 30 quality management personnel. For a long time, Qingyunshan Pharmaceutical has given full play to the advantages of experience in the field of plant extraction and separation based on the concept of ""technological innovation is the core driving force of enterprise development"". Qingyunshan is committed to providing high-quality products and excellent customer service.",Africa; Asia; Australia; Central/South America; Eastern Europe; Middle East; North America; Western Europe,Manufacturer: Ingredients / Additives,"Additives incl. Flavourings & Colours: Emulsifiers, Stabilisers, Thickeners, Flavourings | Algae, Botanicals, Carotenoids, Flavonoids: Botanicals, Carotenoids, Flavonoids | Bioactive Compounds - Other: Bioactives Other | Carbohydrates, Sugars | Dietary Fibres, Prebiotics | Eggs & Egg Products | Fruit, Seeds, Nuts & Peanuts, Vegetables | Fungi & Yeasts, Microorganisms & Probiotics, Mushrooms: Microorganisms & Probiotics | Herbs, Spices | Ingredient Mixtures, Synbiotics: Functional (formulated) Ingredient Mixtures | Proteins, Enzymes, Amino Acids: Amino acids | Syrups & Others | Vitamins, Minerals | Finished Food Categories: Beverages / Juices, Confectionery, Dairy, Pet Food, Plant-based foods | Specialised Finished Products: Biotic products, Dietary supplements, Energy drinks, Functional beverages, Functional confectionery, Functional food, Functional powders, Nutricosmetics, Protein products, Sugar replacers / Sweeteners | Blending & mixing | Bottling | Co-packing | Consulting | Contract manufacturing | Encapsulating | Extracting | Freeze drying | Granulating/ grinding/ milling / mixing | Packaging | Saccharification | Spray drying | Dosage Formats: Beverages, Capsules, Chewables, Effervescents, Granules, Gummies, Liquids, Powders, Sachets, Sticks, Syrups, Tablets | Physical Formats: Dried - freeze dried, Extracted, Liquid | Bone & Joint Health | Cancer Risk Reduction | Cardiovascular Health | Cognitive & Mental Health | Digestive Health | Eye Health | Healthy Ageing | Immune Support | Men's Health | Metabolic Health | Skin Health | Sleep Health | Sports Nutrition | Weight Management | Women's Health",Vitafoods Europe 2027 - 18-20 May 2027 - Visit us at stand 2F223 | Vitafoods Europe 2026 - 05 - 07 May 2026 - We were at stand UWB18 | Vitafoods Europe 2025 - 20 - 22 May 2025 - We were at stand 3F171,"No.369, Huanchengbei Road, 512600, Shaoguan, China",emma.hsin@taiyi-nb.com,86-574-87432607,https://web.qys.cn,China,"Additives incl. Flavourings & Colours | Algae, Botanicals, Carotenoids, Flavonoids | Bioactive Compounds - Other | Carbohydrates, Sugars | Dietary Fibres, Prebiotics | Eggs & Egg Products | Fruit, Seeds, Nuts & Peanuts, Vegetables | Fungi & Yeasts, Microorganisms & Probiotics, Mushrooms | Herbs, Spices | Ingredient Mixtures, Synbiotics | Proteins, Enzymes, Amino Acids | Syrups & Others | Vitamins, Minerals",Finished Food Categories | Beverages / Juices | Confectionery | Dairy | Pet Food | Plant-based foods | Specialised Finished Products | Biotic products | Dietary supplements | Energy drinks | Functional beverages | Functional confectionery | Functional food | Functional powders | Nutricosmetics | Protein products | Sugar replacers / Sweeteners,Dosage Formats | Beverages | Capsules | Chewables | Effervescents | Granules | Gummies | Liquids | Powders | Sachets | Sticks | Syrups | Tablets | Physical Formats | Dried - freeze dried | Extracted | Liquid,Bone & Joint Health | Cancer Risk Reduction | Cardiovascular Health | Cognitive & Mental Health | Digestive Health | Eye Health | Healthy Ageing | Immune Support | Men's Health | Metabolic Health | Skin Health | Sleep Health | Sports Nutrition | Weight Management | Women's Health,Blending & mixing | Bottling | Co-packing | Consulting | Contract manufacturing | Encapsulating | Extracting | Freeze drying | Granulating/ grinding/ milling / mixing | Packaging | Saccharification | Spray drying,Halal | Health & Safety | Kosher | Natural | Organic | Other Certifications | Quality Assurance | Traceable | Vegan,https://www.ingredientsnetwork.com/guangdong-qingyunshan-pharmaceutical-co-comp296023.html
284802,Herbstreith & Fox KG Pektin-Fabriken,"H&F Group - Inspired by nature. Our plant-based ingredients provide outstanding functionality and precise quality, second to none. We achieve the holistic utilization of our raw materials in our value chain. We are pioneers for side-stream valorization since 1934. Herbstreith & Fox - The Specialists for Pectin. Herbstreith & Fox has been manufacturing high-quality pectins for the food and non-food industry since 1934. H&F primarily produces highly specialized pectins from apples and citrus fruits for a wide range of applications. As a universal gelling agent , thickener and stabilizer , pectin is an indispensable part of many different products today. Herbafood Ingredients - Specialist in Fruit Fibers & Apple Extracts. As a pioneer in the field of multifunctional products, we offer a comprehensive range of functional dietary fibers with a focus on fruit-derived fibers such as citrus fibers or apple fibers. Our HERBACEL® multifunctional fibers fit perfectly into ""clean & simple"" concepts such as the creation of vegan emulsions based on our fibers only, as well as stabilization, texturization, viscosity increase, etc. in various food & beverage applications. Our coloring and flavoring apple extracts are gently dried after extracting the juice. Depending on the type and dosage, the color spectrum of HERBAROM® ranges from a golden yellow, to a medium brown, to a deep, dark-brown shade.",Africa; Asia; Australia; Central/South America; Eastern Europe; Middle East; North America; Western Europe,Manufacturer: Ingredients / Additives,"Additives incl. Flavourings & Colours: Emulsifiers, Stabilisers, Thickeners, Flavourings | Algae, Botanicals, Carotenoids, Flavonoids | Dietary Fibres, Prebiotics: Dietary Fibres | Fruit, Seeds, Nuts & Peanuts, Vegetables | Finished Food Categories: Plant-based foods | Specialised Finished Products: Functional food | Dosage Formats: Powders | Digestive Health",Fi Europe 2026 - 17-19 November 2026 - Visit us at stand 42M6,"Turnstr. 37, 75305, Neuenbürg/Württ, Germany",info@herbstreith-fox.de,+49 708279130,https://www.herbstreith-fox.de,Germany,"Additives incl. Flavourings & Colours | Algae, Botanicals, Carotenoids, Flavonoids | Dietary Fibres, Prebiotics | Fruit, Seeds, Nuts & Peanuts, Vegetables",Finished Food Categories | Plant-based foods | Specialised Finished Products | Functional food,Dosage Formats | Powders,Digestive Health,None listed,Natural | Vegan | Vegetarian,https://www.ingredientsnetwork.com/herbstreith-fox-kg-pektin-fabriken-comp284802.html
248811,AlzChem Trostberg GmbH,"Creapure® is recognized as the premium brand of creatine worldwide. Careful selection of raw materials, manufacturing to GMP regulations, and precise analytical control ensure products of the highest purity. Creapure® is the brand of creatine monohydrate manufactured in Germany by Alzchem Trostberg GmbH. Our plant is located in Trostberg in Bavaria. We make Creapure® in a purpose-built plant that sets the highest standards in terms of quality, purity and safety. Creapure® is an economical form of supplementary creatine. Compared to other types of creatine it has received by far the greatest amount of scientific study and is proven to be both safe and effective. Not all creatine supplements have the same stringent manufacturing standards as Creapure®. With genuine Creapure® from Germany you can be absolutely sure that you are getting the best and the safest product.",Africa; Asia; Australia; Central/South America; Eastern Europe; Middle East; North America; Western Europe,Manufacturer: Ingredients / Additives,"Additives incl. Flavourings & Colours | Bioactive Compounds - Other | Proteins, Enzymes, Amino Acids | Specialised Finished Products: Dietary supplements, Functional food | Sports Nutrition",Vitafoods Europe 2027 - 18-20 May 2027 - Visit us at stand 2A174 | Vitafoods Europe 2026 - 05 - 07 May 2026 - We were at stand 3H236 | Vitafoods Europe 2025 - 20 - 22 May 2025 - We were at stand 4K6,"Dr.-Albert - Frank str. 32, 83308, Trostberg, Germany",info@alzchem.om,+49 8621 86 2656,https://www.alzchem.com,Germany,"Additives incl. Flavourings & Colours | Bioactive Compounds - Other | Proteins, Enzymes, Amino Acids",Specialised Finished Products | Dietary supplements | Functional food,None listed,Sports Nutrition,None listed,Gluten-free | Halal | Health & Safety | Kosher | Quality Assurance | Sustainable | Vegan | Vegetarian,https://www.ingredientsnetwork.com/alzchem-trostberg-gmbh-comp248811.html
248814,Aromsa,"Aromsa is the leading flavour company for the food and beverage industry. We offer unique and creative flavours, extracts , sauces, fruit preparations, toppings, caramelized sugar, caramel colorants, fruit powders, enzyme modified dairy ingredients, seasoning and spice mixes. We provide an innovative and sustainable business model from creating recipes to product design, from test production to sensory analysis; combining our passion with science and advanced technology. The brand-new flavours that we design and produce for the world’s most liked brands reach millions of consumers. Aromsa is always your creative flavour partner. Production plants and R&D Center in Germany and Turkey. BRC-AA Grade, ISO 9001, ISO 14001, FSSC 22000 (Aromsa GmbH), ISO 27001, ISO 10002, ISO 45001 certified",Africa; Asia; Australia; Eastern Europe; Middle East; Western Europe,Manufacturer: Ingredients / Additives,"Additives incl. Flavourings & Colours | Algae, Botanicals, Carotenoids, Flavonoids | Carbohydrates, Sugars | Dairy Ingredients: Other Dairy Ingredients | Fruit, Seeds, Nuts & Peanuts, Vegetables | Herbs, Spices | Ingredient Mixtures, Synbiotics | Finished Food Categories: Beverages / Juices, Cereal and grain products, Confectionery, Dairy, Meat, Poultry & Fish, Plant-based foods, Sauces & Seasonings | Specialised Finished Products: Dietary supplements, Functional beverages, Functional food | Encapsulating | Extracting | Dosage Formats: Liquids | Physical Formats: Extracted | Cardiovascular Health",Fi Europe 2026 - 17-19 November 2026 - Visit us at stand 31A4,"Gebze Organize Sanayi Bölgesi Ihsan dede Cad.700 sok.No.704, 41400, Gebze / Kocaeli., Türkiye",aromsa@aromsa.com,+90 262 326 11 11,https://www.aromsa.com,Türkiye,"Additives incl. Flavourings & Colours | Algae, Botanicals, Carotenoids, Flavonoids | Carbohydrates, Sugars | Dairy Ingredients | Fruit, Seeds, Nuts & Peanuts, Vegetables | Herbs, Spices | Ingredient Mixtures, Synbiotics","Finished Food Categories | Beverages / Juices | Cereal and grain products | Confectionery | Dairy | Meat, Poultry & Fish | Plant-based foods | Sauces & Seasonings | Specialised Finished Products | Dietary supplements | Functional beverages | Functional food",Dosage Formats | Liquids | Physical Formats | Extracted,Cardiovascular Health,Encapsulating | Extracting,None listed,https://www.ingredientsnetwork.com/aromsa-comp248814.html
303625,Alvinesa Natural Ingredients,"Alvinesa Natural Ingredients is a pioneer in the circular economy, spearheading the advancement in sustainable plant-based ingredients. Through innovative upcycling practices, we transform organic byproducts into valuable natural ingredients that promote healthier living. Our extensive range includes Hytolive, an olive extract standardized in Hydroxytyrosol, and Vintera, a grape extract standardized in proanthocyanidins, monomers, and anthocyanins. With a commitment to sustainability, we cater to various industries such as nutraceuticals, food, beverages, animal nutrition, and wine-making. Our portfolio boasts a wide selection of polyphenols, natural color from grape, natural tartaric acid,wine concentrate, grapeseed oil, and alcohols. At Alvinesa, we ensure a sustainable, traceable, and waste-prevention supply chain, sourcing only the highest quality raw materials. With three decades of technical expertise, we manufacture ingredients to unsurpassed quality standards at our low carbon footprint, state-of-the-art facility. Our extraction process utilizes only water, preserving the natural goodness of our ingredients. Moreover, 95% of our energy is self-produced from renewable sources, including our biomass and solar electric facilities in Ciudad Real, Spain. Recently, we proudly attained B Corp Certification, a testament to our unwavering commitment to sustainable practices and ethical standards. This certification underscores our role as stewards of the environment and communities we serve, reinforcing our pledge to operate with integrity and accountability. With a global presence spanning over 30 countries, Alvinesa continues to lead the charge towards a more sustainable future. Explore our offerings at Alvinesa.com and join us in shaping a world where sustainability and quality converge seamlessly.",Africa; Asia; Australia; Central/South America; Eastern Europe; Middle East; North America; Western Europe,Manufacturer: Ingredients / Additives,"Additives incl. Flavourings & Colours | Algae, Botanicals, Carotenoids, Flavonoids | Fats & Oils: Fats & Oils - Algae | Fruit, Seeds, Nuts & Peanuts, Vegetables | Ingredient Mixtures, Synbiotics | Finished Food Categories: Beverages / Juices, Dairy, Meat, Poultry & Fish, Pet Food, Plant-based foods | Specialised Finished Products: Dietary supplements, Functional beverages, Functional food | Physical Formats: Extracted | Cardiovascular Health | Cognitive & Mental Health | Healthy Ageing | Immune Support | Pet Health | Skin Health",Fi Europe 2026 - 17-19 November 2026 - Visit us at stand 41B17 | Vitafoods Europe 2027 - 18-20 May 2027 - Visit us at stand 3A208 | Vitafoods Europe 2026 - 05 - 07 May 2026 - We were at stand 3A220 | Vitafoods Europe 2025 - 20 - 22 May 2025 - We were at stand CC.A18,"El campilloCtra. de Valdepeñas, Km 4,8, Pol. Ind. “El Campi, 13250, Daimiel, Spain",sales@alvinesa.com,+33637149341,https://www.alvinesa.com,Spain,"Additives incl. Flavourings & Colours | Algae, Botanicals, Carotenoids, Flavonoids | Fats & Oils | Fruit, Seeds, Nuts & Peanuts, Vegetables | Ingredient Mixtures, Synbiotics","Finished Food Categories | Beverages / Juices | Dairy | Meat, Poultry & Fish | Pet Food | Plant-based foods | Specialised Finished Products | Dietary supplements | Functional beverages | Functional food",Physical Formats | Extracted,Cardiovascular Health | Cognitive & Mental Health | Healthy Ageing | Immune Support | Pet Health | Skin Health,None listed,B corporation | Halal | Kosher | Natural | Organic | Sustainable | Upcycled,https://www.ingredientsnetwork.com/alvinesa-natural-ingredients-comp303625.html
248900,Corbion,"Corbion creates innovative ingredient solutions for leading food manufacturers around the world. Our expertise inspires customers to craft foods that start flavorful, stay fresh and remain safe, from date of production to date of consumption. Using sustainable solutions that deliver real, consumer-focused value, we work side-by-side with customers, helping them grow and create delicious food that capture peoples’ palates and earn their trust. At Corbion our priorities as consumers shape the solutions we create, and as a result, feel confidence and pride in serving our own families and friends the products we help make possible.",Africa; Asia; Australia; Central/South America; Eastern Europe; Middle East; North America; Western Europe,Manufacturer: Ingredients / Additives,"Additives incl. Flavourings & Colours: Antioxidants, Other Additives, Preservatives | Fungi & Yeasts, Microorganisms & Probiotics, Mushrooms | Ingredient Mixtures, Synbiotics | Syrups & Others | Vitamins, Minerals | Blending & mixing | Consulting | Flavour development | Dosage Formats: Liquids, Powders | Metabolic Health",Vitafoods Europe 2027 - 18-20 May 2027 - Visit us at stand 3D269 | Vitafoods Europe 2026 - 05 - 07 May 2026 - We were at stand 5B14 | Vitafoods Europe 2025 - 20 - 22 May 2025 - We were at stand 4D2,"Arkelsedijk 46, 4206 AC, Gorinchem, Netherlands",pnl@corbion.com,+31 183695695,https://www.corbion.com/,Netherlands,"Additives incl. Flavourings & Colours | Fungi & Yeasts, Microorganisms & Probiotics, Mushrooms | Ingredient Mixtures, Synbiotics | Syrups & Others | Vitamins, Minerals",None listed,Dosage Formats | Liquids | Powders,Metabolic Health,Blending & mixing | Consulting | Flavour development,Natural,https://www.ingredientsnetwork.com/corbion-comp248900.html
249014,Havero Hoogwegt Meelunie,"Hoogwegt provides an extensive range of milk powders, butter fats, and whey products for the world dairy market. Hoogwegt is the world’s largest privately owned supplier of dairy products. We are supported by a unique global network of partners, 50 years of experience and a team of 80 commercial, technical and logistics experts. This enables us to add vision and value to your business, providing you with consistently high-quality products, real-time market intelligence, smart logistic services and tailored risk management solutions. Havero Hoogwegt presents its complete portfolio of dairy ingredients with focus on:- Hapro Yo functional dairy proteins for yoghurt; Hapro Ice dairy formulations for cost price reduction in ice; Hapro Cheese ready to use, based on milk protein, for analogue cheese; Dairy proteins rennet and acid casein - caseinate, MPC 50 - 85; Whey derivatives -whey protein concentrate 30 - 80, whey protein isolate, whey protein hydrolysate, whey permeate and milk permeate. We are selling for usage in following applications:- yoghurt, ice cream, chocolate, cheese, bakery, sweets, desserts, health & sports nutrition. Both Hoogwegt companies at FiE are ISO 22000 certified and IFS Broker certified.",Africa; Asia; Australia; Central/South America; Eastern Europe; Middle East; North America; Western Europe,Raw Material Supplier,"Additives incl. Flavourings & Colours: Emulsifiers, Stabilisers, Thickeners | Carbohydrates, Sugars: Oligo- and polysaccharides | Dairy Ingredients: Other Dairy Ingredients | Fats & Oils: Fats & Oils - Plant | Fruit, Seeds, Nuts & Peanuts, Vegetables | Ingredient Mixtures, Synbiotics | Proteins, Enzymes, Amino Acids: Amino acids | Vitamins, Minerals | Finished Food Categories: Beverages / Juices, Confectionery, Dairy, Plant-based foods | Specialised Finished Products: Functional beverages, Functional food | Dosage Formats: Powders | Children's Health | Immune Support | Metabolic Health | Sports Nutrition",Fi Europe 2026 - 17-19 November 2026 - Visit us at stand 51C8,"Amsterdamseweg 60, 6814 CP, Arnhem, Netherlands",info@havero.nl,+31 26 322 8520,https://www.havero.nl,Netherlands,"Additives incl. Flavourings & Colours | Carbohydrates, Sugars | Dairy Ingredients | Fats & Oils | Fruit, Seeds, Nuts & Peanuts, Vegetables | Ingredient Mixtures, Synbiotics | Proteins, Enzymes, Amino Acids | Vitamins, Minerals",Finished Food Categories | Beverages / Juices | Confectionery | Dairy | Plant-based foods | Specialised Finished Products | Functional beverages | Functional food,Dosage Formats | Powders,Children's Health | Immune Support | Metabolic Health | Sports Nutrition,None listed,Gluten-free | Halal | Health & Safety | Kosher | Sustainable | Vegetarian,https://www.ingredientsnetwork.com/havero-hoogwegt-meelunie-comp249014.html
249849,FONTERRA (EUROPE) COOPERATIE U.A.,We are a New Zealand Co-operative made up of everyday good people who work together to do good things with dairy. Good things with the land we work on and good things for the people that our products end up with. We are passionate about doing amazing things with dairy.,Africa; Asia; Central/South America; Eastern Europe; Middle East; North America; Western Europe,Manufacturer: Ingredients / Additives,"Proteins, Enzymes, Amino Acids | Finished Food Categories: Dairy | Dosage Formats: Powders | Sports Nutrition",Fi Europe 2026 - 17-19 November 2026 - Visit us at stand 30F8,"Eurocenter 13th Floor, Barbara Strozzilaan 388, 1083 HN, Amsterdam, Netherlands",fonterra.europe@fonterra.com,+31 20 7075 300,https://www.fonterra.com,Netherlands,"Proteins, Enzymes, Amino Acids",Finished Food Categories | Dairy,Dosage Formats | Powders,Sports Nutrition,None listed,None listed,https://www.ingredientsnetwork.com/fonterra-europe-cooperatie-u-a-comp249849.html
248775,Bayerische Milchindustrie eG,"The BMI offers, as a result of its efficient research and decades of experience in technical production processes related to powder products, whey derivatives under the brand ""Bayolan"". They are primarily utilised as different ingredients for the food industry. Apart from sweet whey powder, spray dried, for use in pastries/confectionaries, bars and drinks, is a wide range of special products included with excellent processing qualities and functionalities. Almost all products are available in organic, halal and kosher quality. We are one of the largest German manufacturers of whey powder and the largest provider of organic whey powder with expertise in all areas related to standardised semi-finished products. Customised solutions are our special subject.",Africa; Asia; Central/South America; Eastern Europe; Middle East; Western Europe,"Contract Manufacturer; Distributor; Food Safety, Quality and Service; Raw Material Supplier","Additives incl. Flavourings & Colours | Dairy Ingredients: Other Dairy Ingredients | Dietary Fibres, Prebiotics: Dietary Fibres | Proteins, Enzymes, Amino Acids: Proteins - Animal | Finished Food Categories: Dairy | Specialised Finished Products: Functional powders, Protein products | Dosage Formats: Powders | Children's Health | Sports Nutrition | Weight Management",Fi Europe 2026 - 17-19 November 2026 - Visit us at stand 30F86,"E.ON-Allee 1, 84036, Landshut, Germany",sales@bmi-eg.com,+49 8716850,https://www.bmi-eg.com,Germany,"Additives incl. Flavourings & Colours | Dairy Ingredients | Dietary Fibres, Prebiotics | Proteins, Enzymes, Amino Acids",Finished Food Categories | Dairy | Specialised Finished Products | Functional powders | Protein products,Dosage Formats | Powders,Children's Health | Sports Nutrition | Weight Management,None listed,Halal | Kosher | Organic,https://www.ingredientsnetwork.com/bayerische-milchindustrie-eg-comp248775.html
249048,Interfiber Sp.z o.o.,"Interfiber is a premier global supplier of natural origin fibers, with an expansive presence in over 70 countries worldwide. Our commitment to excellence has positioned us as a trusted partner within the food industry, where we specialize in delivering innovative solutions designed to enhance product quality, optimize production processes, and support sustainable practices. Interfiber's innovative approach extends beyond product development. We collaborate closely with our clients to provide professional, customized service that addresses specific challenges and goals. Our team of experts is dedicated to supporting our partners with cutting-edge research, technical assistance, and continuous improvement initiatives. As a symbol of excellence, efficiency, and ingenuity, Interfiber is committed to advancing a healthier global food industry. We believe that through our natural fiber solutions, we can contribute to a more sustainable and nutritious food supply, benefiting both producers and consumers alike. Our vision is to lead the way in natural fiber innovation, setting new standards for quality and sustainability in the food industry The quality of our products is confirmed by the following certificates: BRCS, ISO 9001, ISO 22000, KOSHER, HALAL, HACCP, ISO 14001.",Africa; Asia; Australia; Central/South America; Eastern Europe; Middle East; North America; Western Europe,Manufacturer: Ingredients / Additives,"Additives incl. Flavourings & Colours: Emulsifiers, Stabilisers, Thickeners | Cereals & Grains, Pulses: Cereals & Grains | Dietary Fibres, Prebiotics: Dietary Fibres | Fruit, Seeds, Nuts & Peanuts, Vegetables | Ingredient Mixtures, Synbiotics | Proteins, Enzymes, Amino Acids | Finished Food Categories: Confectionery, Dairy, Meat, Poultry & Fish, Plant-based foods | Dosage Formats: Powders | Physical Formats: Ground | Digestive Health | Weight Management",Fi Europe 2026 - 17-19 November 2026 - Visit us at stand 31H32,"Wolominska 15, 05-205, Lipka, Poland",office@interfiber.com,+48 22 648 25 09,https://www.interfiber.com,Poland,"Additives incl. Flavourings & Colours | Cereals & Grains, Pulses | Dietary Fibres, Prebiotics | Fruit, Seeds, Nuts & Peanuts, Vegetables | Ingredient Mixtures, Synbiotics | Proteins, Enzymes, Amino Acids","Finished Food Categories | Confectionery | Dairy | Meat, Poultry & Fish | Plant-based foods",Dosage Formats | Powders | Physical Formats | Ground,Digestive Health | Weight Management,None listed,Gluten-free | Halal | Health & Safety | Kosher | Natural | Non-GMO | Quality Assurance,https://www.ingredientsnetwork.com/interfiber-sp-z-o-o-comp249048.html
248738,Milei GmbH,"We at MILEI have focused intensively and exclusively on one task: The enrichment and fractionation of valuable ingredients from milk and whey. In an increasingly dynamic market, the diverse nutritional properties and technological functions of whey proteins are becoming even more important. Because of this, our goal is the development of innovative top-quality products that are precisely tailored to the different requirements and application areas of our customers.",Africa; Asia; Australia; Central/South America; Eastern Europe; Middle East; North America; Western Europe,Manufacturer: Ingredients / Additives,"Additives incl. Flavourings & Colours | Carbohydrates, Sugars | Dairy Ingredients | Fats & Oils | Fungi & Yeasts, Microorganisms & Probiotics, Mushrooms | Ingredient Mixtures, Synbiotics | Proteins, Enzymes, Amino Acids: Amino acids | Finished Food Categories: Dairy | Specialised Finished Products: Dietary supplements | Dosage Formats: Powders | Physical Formats: Ground, Milled | Bone & Joint Health | Cardiovascular Health | Children's Health | Digestive Health | Healthy Ageing | Immune Support | Metabolic Health | Sports Nutrition",Fi Europe 2026 - 17-19 November 2026 - Visit us at stand 30H48 | Vitafoods Europe 2027 - 18-20 May 2027 - Visit us at stand 2G143,"Kemptener Str. 91, 88299, Leutkirch, Germany",info@milei.de,+49 7561 85 0,https://www.milei.de,Germany,"Additives incl. Flavourings & Colours | Carbohydrates, Sugars | Dairy Ingredients | Fats & Oils | Fungi & Yeasts, Microorganisms & Probiotics, Mushrooms | Ingredient Mixtures, Synbiotics | Proteins, Enzymes, Amino Acids",Finished Food Categories | Dairy | Specialised Finished Products | Dietary supplements,Dosage Formats | Powders | Physical Formats | Ground | Milled,Bone & Joint Health | Cardiovascular Health | Children's Health | Digestive Health | Healthy Ageing | Immune Support | Metabolic Health | Sports Nutrition,None listed,Halal | Health & Safety | Kosher | Sustainable | Sustainable Seafood,https://www.ingredientsnetwork.com/milei-gmbh-comp248738.html
249492,"REEPHOS CHEMICAL(LYG) CO.,LTD.","Reephos chemical co., ltd is a leading Chinese manufacturer of food grade phosphates, phosphates blends and minerals with applications in meat, poultry, fish, seafood, baking, beverage, cheese, dairy, noodles, and nutritional supplements. Step by step, reephos is growing into a global phosphates supplier offering strong technical support to our customer all over the world.",Africa; Asia; Australia; Central/South America; Eastern Europe; Middle East; North America; Western Europe,"Food Safety, Quality and Service","Additives incl. Flavourings & Colours: Acidulants, Anti-caking agents, Emulsifiers, Stabilisers, Thickeners, Flavour Enhancers | Vitamins, Minerals: Minerals | Specialised Finished Products: Dietary supplements | Physical Formats: Powdered | Bone & Joint Health | Cardiovascular Health",Fi Europe 2026 - 17-19 November 2026 - Visit us at stand 30G20,"No.26 Linpu Road, 222000, Lianyungang Jiangsu, China",sales@reephos.com,+86 51 885616669,https://www.reephos.com,China,"Additives incl. Flavourings & Colours | Vitamins, Minerals",Specialised Finished Products | Dietary supplements,Physical Formats | Powdered,Bone & Joint Health | Cardiovascular Health,None listed,None listed,https://www.ingredientsnetwork.com/reephos-chemicallyg-co-ltd-comp249492.html
279192,ABF Ingredients Group,"ABF Ingredients offers innovative, differentiated products and services to the Food, Health and Nutrition, Pharmaceutical, Animal Health and Industrial sectors. It comprises of seven businesses operating worldwide under their own identities: AB Biotek Human Nutrition & Health (microbiome modulating solutions), AB Enzymes (enzymes), ABITEC Corp. (specialty lipids and surfactants), Fytexia (polyphenols), Ohly (yeast extracts and culinary powders), PGP International (extruded ingredients and specialty flours) and SPI Pharma (pharmaceutical excipients and antacids).",Africa; Asia; Australia; Central/South America; Eastern Europe; Middle East; North America; Western Europe,Manufacturer: Ingredients / Additives,"Additives incl. Flavourings & Colours: Emulsifiers, Stabilisers, Thickeners, Flavourings, Other Additives | Cereals & Grains, Pulses | Dietary Fibres, Prebiotics | Fungi & Yeasts, Microorganisms & Probiotics, Mushrooms | Ingredient Mixtures, Synbiotics | Proteins, Enzymes, Amino Acids: Enzymes | Syrups & Others | Finished Food Categories: Cereal and grain products, Plant-based foods, Prepared foods | Specialised Finished Products: Biotic products, Dietary supplements, Functional beverages, Functional food, Protein products | Contract manufacturing | Encapsulating | Dosage Formats: Powders | Physical Formats: Extruded | Sports Nutrition",Fi Europe 2026 - 17-19 November 2026 - Visit us at stand 31D20,"1 Samson Place, PE7 8QJ, Peterborough, United Kingdom",info@abfingredients.com,+44 (0) 1733 427816,https://www.abfingredients.com,United Kingdom,"Additives incl. Flavourings & Colours | Cereals & Grains, Pulses | Dietary Fibres, Prebiotics | Fungi & Yeasts, Microorganisms & Probiotics, Mushrooms | Ingredient Mixtures, Synbiotics | Proteins, Enzymes, Amino Acids | Syrups & Others",Finished Food Categories | Cereal and grain products | Plant-based foods | Prepared foods | Specialised Finished Products | Biotic products | Dietary supplements | Functional beverages | Functional food | Protein products,Dosage Formats | Powders | Physical Formats | Extruded,Sports Nutrition,Contract manufacturing | Encapsulating,None listed,https://www.ingredientsnetwork.com/abf-ingredients-group-comp279192.html
285498,Chongqing Chuandong Chemical (Group) Co.,"The leading manufacturer of Phosphoric Acid + Poly Phosphoric Acid 105% + Sodium Tripolyphosphate ( STPP ) + Sodium Hexametaphosphate ( SHMP ) + Formic Acid in China and the world. Chongqing Chuandong Chemical (Group) Co., Ltd., founded in 1958.There are five production bases in Chongqing, Guizhou, Sichuan and Guangxi. The main products are phosphate, formate and fine chemicals (chemical reagents, pharmaceutical intermediates, electronic chemicals). The products are mainly sold to more than 20 domestic provinces and cities and have been exported to Europe, America, Japan, South Korea and the countries and regions in Southeast Asia. The company is China chemical enterprise Top 500, China inorganic salt Top 50, China private enterprise Top 500, China phosphorus chemical industry Top 10, China petrochemical excellent private enterprise, Chongqing private enterprise Top 50 and Chongqing the first famous brand enterprise. The main product sodium tripolyphosphate was awarded China top brand product, and the formic acid and sodium hexametaphosphate were awarded Chongqing top brand products. The company takes quality, technology and brand as the keyvalue. The company quality management system is based on ISO9001 which is systematic, scientific, strong controllability. The company has always focused on using technology innovation to improve the adaptability of the products, cultivating brand competitiveness, there are new products and technological transformation project every year. Now three patents have been used in production . The company owns phosphate rock that achieves the perfect combination of resources and technology. The main product sodium tripolyphosphate has established and enjoyed good reputation in domestic and world market. Products Phosphoric Acid 85%min. Poly Phosphoric Acid 105%min. Sodium Tripolyphosphate ( STPP ) tech. grade + food grade Sodium Hexametaphosphate ( SHMP ) tech. grade + food grade Trisodium Phosphate Formic Acid",Africa; Asia; Australia; Central/South America; Eastern Europe; Western Europe,Manufacturer: Ingredients / Additives,"Additives incl. Flavourings & Colours: Emulsifiers, Stabilisers, Thickeners, Other Additives | Vitamins, Minerals | Dosage Formats: Powders | Physical Formats: Powdered",Fi Europe 2026 - 17-19 November 2026 - Visit us at stand 42J6 | Fi Asia Indonesia 2026 - 16-18 September 2026 - We were at stand D2C14,"No 70 Danzishi New Street, Nanan District, 400000, Chongqing, China",export3@cd1958.com,+8613594080824,https://en.cd1958.com,China,"Additives incl. Flavourings & Colours | Vitamins, Minerals",None listed,Dosage Formats | Powders | Physical Formats | Powdered,None listed,None listed,None listed,https://www.ingredientsnetwork.com/chongqing-chuandong-chemical-group-co-comp285498.html
271743,Epax Norway AS,"Part of Norwegian fishery giant Pelagia AS, Epax Norway AS is a leading manufacturer of concentrated marine oils. Epax has been an innovator for over 180 years. Since 1838, when it began producing premium quality cod liver oil, Epax has transformed the marine ingredients sector. It invented the technology to concentrate fish oil as an ethyl ester, and to re-esterify oils back to TG-form. It was also the first company to create condition-specific EPA/DHA ingredients backed by science. Today Epax continues to deliver Omega-3 and new, innovative marine ingredients of unmatched purity and quality. The Epax production facility in Aalesund, Norway has, in addition to all standard manufacturing certifications/approvals, been approved by the US FDA for manufacture of Pharmaceutical Intermediates and by the Norwegian Medical Products Agency (Direktoratet for medisinske produkter) for the production of Active Pharmaceutical Ingredients (APIs).",Africa; Asia; Australia; Central/South America; Eastern Europe; Middle East; North America; Western Europe,Manufacturer: Ingredients / Additives,"Additives incl. Flavourings & Colours | Bioactive Compounds - Other | Fats & Oils | Proteins, Enzymes, Amino Acids: Amino acids | Extracting | Dosage Formats: Oil | Bone & Joint Health | Cardiovascular Health | Children's Health | Cognitive & Mental Health | Eye Health | Men's Health | Skin Health | Sports Nutrition | Women's Health",Vitafoods Europe 2027 - 18-20 May 2027 - Visit us at stand 3D209 | Vitafoods Asia 2026 - 02 - 04 Sept 2026 - We were at stand H7-N25A | Vitafoods Europe 2026 - 05 - 07 May 2026 - We were at stand 3J137 | Vitafoods Europe 2025 - 20 - 22 May 2025 - We were at stand 3J58,"Aarsæthervegen 17, Ålesund, Norway",sarah.christianslund@pelagia.com,+47 70 135 960,https://www.epax.com,Norway,"Additives incl. Flavourings & Colours | Bioactive Compounds - Other | Fats & Oils | Proteins, Enzymes, Amino Acids",None listed,Dosage Formats | Oil,Bone & Joint Health | Cardiovascular Health | Children's Health | Cognitive & Mental Health | Eye Health | Men's Health | Skin Health | Sports Nutrition | Women's Health,Extracting,Halal | Health & Safety | Kosher | SQF certified | Sustainable | Traceable,https://www.ingredientsnetwork.com/epax-norway-as-comp271743.html
264620,GOED,"GOED is the only organization focused specifically on increasing consumption of EPA and DHA omega-3s around the world. Our 200+ members represent the entire supply chain from fisheries and crude oil suppliers to refiners, concentrators and brands. GOED's extensive network helps members expand and grow their businesses. Our activities focus on maintaining quality standards, educating consumers and healthcare professionals, furthering the science, and advocating for members with governments and NGO’s throughout the world. We also offer comprehensive data on the global omega-3 supply chain, consumer market research in 20+ countries and scientific, regulatory and technical expertise.",Africa; Asia; Australia; Central/South America; Eastern Europe; Middle East; North America; Western Europe,Government /Pavilion Organiser /Trade Association,"Bioactive Compounds - Other | Fats & Oils: Fats & Oils - Algae | Specialised Finished Products: Dietary supplements, Functional beverages, Functional food | Cardiovascular Health",Vitafoods Europe 2027 - 18-20 May 2027 - Visit us at stand 3D235A | Vitafoods Europe 2026 - 05 - 07 May 2026 - We were at stand 4F52F | Vitafoods Europe 2025 - 20 - 22 May 2025 - We were at stand 4D38A,"222 South Main Street, Suite 500, 84101, Salt Lake City, United States",info@goedomega3.com,+1 (504) 224-9618,https://www.goedomega3.com,United States,Bioactive Compounds - Other | Fats & Oils,Specialised Finished Products | Dietary supplements | Functional beverages | Functional food,None listed,Cardiovascular Health,None listed,None listed,https://www.ingredientsnetwork.com/goed-comp264620.html
248828,HALAVET GIDA SAN VE TIC A.S.,"Halavet Gıda, established in 2011, is the largest edible bovine gelatin producer in Europe. The company, operating in Istanbul and Bolu with its factories, manufactures halal gelatin and collagen peptides, and distributes its products to more than 70 countries worldwide.Halavet Gıda produces high value products such as edible bovine skin gelatin and collagen peptides with annual 20.000 MT gelatin and 7.000 MT collagen peptide production capacity.The company conducts environmentally friendly production with dynamic expert teams and modern technology. Specializing in collagen-based products, Halavet Gıda serves as an indispensable partner to companies in the food, pharmaceutical, and cosmetic industries, positioning itself as a globalized company. With a skilled workforce, Halavet Gıda exceeds customer expectations by producing high-quality products in environmentally friendly, modern, and innovative production processes.",Africa; Asia; Australia; Central/South America; Eastern Europe; Middle East; North America; Western Europe,Manufacturer: Ingredients / Additives,"Proteins, Enzymes, Amino Acids: Proteins - Animal | Bone & Joint Health | Healthy Ageing | Skin Health",Fi Europe 2026 - 17-19 November 2026 - Visit us at stand 31H56 | Vitafoods Europe 2027 - 18-20 May 2027 - Visit us at stand 2F163 | Vitafoods Europe 2026 - 05 - 07 May 2026 - We were at stand 3B56 | Vitafoods Europe 2025 - 20 - 22 May 2025 - We were at stand 3J46,"Deri Org. San. Bolgesi 12 Yol L3-4C Parcel Tuzia Istanbul, 34956, Istanbul, Türkiye",info@halavet.com,+902163941995,https://www.halavet.com,Türkiye,"Proteins, Enzymes, Amino Acids",None listed,None listed,Bone & Joint Health | Healthy Ageing | Skin Health,None listed,Gluten-free | Halal | Health & Safety | Kosher,https://www.ingredientsnetwork.com/halavet-gida-san-ve-tic-a-s-comp248828.html
279072,Health Sources Nutrition Co Ltd.,"Since our inception in 2010, our tech-focused company has consistently placed a strong emphasis on exceptional customer service and product usability. Our commitment to delivering top-notch market service capabilities is evident in our streamlined logistics, competitive pricing strategies, flexible payment options, and reliable product supply chain. Through innovative techniques such as microencapsulation, dilution, granulation, and premixing, we optimize the usability of ingredients to facilitate seamless product processing. Our primary mission revolves around providing customers with user-friendly products that meet their evolving needs. With prestigious certifications including BRCGS (A+ Grade), HACCP, and ISO22000, we uphold rigorous standards of quality and safety across all our operations. These certifications underscore our unwavering dedication to maintaining excellence in all aspects of our business. Whether you are embarking on the development of a new product or seeking to enhance an existing one, we stand ready to collaborate with you to bring your product vision to life. By partnering with us, you can streamline your supply chain, accelerate product launches, and implement robust quality control measures to fortify your market position.",Asia; Australia; Eastern Europe; North America; Western Europe,Raw Material Supplier,"Additives incl. Flavourings & Colours | Algae, Botanicals, Carotenoids, Flavonoids: Carotenoids | Bioactive Compounds - Other | Carbohydrates, Sugars | Dietary Fibres, Prebiotics: Prebiotics | Ingredient Mixtures, Synbiotics | Proteins, Enzymes, Amino Acids | Vitamins, Minerals | Finished Food Categories: Plant-based foods | Specialised Finished Products: Dietary supplements | Contract manufacturing | Dosage Formats: Capsules, Granules, Gummies, Oil, Pearls, Powders | Physical Formats: Ground | Bone & Joint Health | Cardiovascular Health | Children's Health | Cognitive & Mental Health | Digestive Health | Eye Health | Immune Support | Metabolic Health | Sleep Health | Sports Nutrition",Fi Europe 2026 - 17-19 November 2026 - Visit us at stand 30N74 | Vitafoods Europe 2027 - 18-20 May 2027 - Visit us at stand 2A218 | Vitafoods Asia 2026 - 02 - 04 Sept 2026 - We were at stand H3-M31 | Vitafoods Europe 2026 - 05 - 07 May 2026 - We were at stand 3B161 | Vitafoods Europe 2025 - 20 - 22 May 2025 - We were at stand 3B158,"4A-Building A3, 2nd Liheng Industrial Park Fanhua Road, 230092, Hefei, China",sam@health-sources.com,+86 18955115990,https://www.health-sources.com,China,"Additives incl. Flavourings & Colours | Algae, Botanicals, Carotenoids, Flavonoids | Bioactive Compounds - Other | Carbohydrates, Sugars | Dietary Fibres, Prebiotics | Ingredient Mixtures, Synbiotics | Proteins, Enzymes, Amino Acids | Vitamins, Minerals",Finished Food Categories | Plant-based foods | Specialised Finished Products | Dietary supplements,Dosage Formats | Capsules | Granules | Gummies | Oil | Pearls | Powders | Physical Formats | Ground,Bone & Joint Health | Cardiovascular Health | Children's Health | Cognitive & Mental Health | Digestive Health | Eye Health | Immune Support | Metabolic Health | Sleep Health | Sports Nutrition,Contract manufacturing,Non-GMO | Organic | Traceable | Vegan,https://www.ingredientsnetwork.com/health-sources-nutrition-co-ltd-comp279072.html
249064,Jayanti,"For over eight decades, Jayanti has supplied herbs, spices and botanicals to food and beverage brands worldwide. Today, we're a diversified agri-commodities partner serving both B2B and retail markets, and our customers rely on us for consistent quality, dependable supply and integrity at every step. We work close to where our crops grow. With manufacturing in India and Turkiye, our facilities sit next to some of the world's richest growing regions for spices and herbs. That proximity means fresher produce, faster processing and shorter, more efficient supply chains, so we can respond quickly when your needs change. At Fi Europe 2026, meet the Jayanti team to explore how our ingredients and expertise can support your next product. Whether you're securing reliable supply, managing costs or developing something new, we're ready to help you get there, while creating lasting value for our farming communities, our people and the planet.",Asia; Australia; Central/South America; Eastern Europe; Middle East; North America; Western Europe,Manufacturer: Food & Beverage Finished Products,"Additives incl. Flavourings & Colours: Colours, Flavourings, Other Additives | Algae, Botanicals, Carotenoids, Flavonoids: Botanicals | Dietary Fibres, Prebiotics | Herbs, Spices: Herbs, Spices | Vitamins, Minerals | Finished Food Categories: Sauces & Seasonings | Specialised Finished Products: Sugar replacers / Sweeteners | Dosage Formats: Granules, Kernels, Powders | Physical Formats: Chunked, Dried - air dried, Ground, Other Physical Formats, Shelled | Weight Management",Fi Europe 2026 - 17-19 November 2026 - Visit us at stand 42L6,"Route des Gouttes-d'Or 24a, 2000, Neuchâtel, Switzerland",info@jayanti.com,+41 32 96 79 595,https://www.jayanti.com,Switzerland,"Additives incl. Flavourings & Colours | Algae, Botanicals, Carotenoids, Flavonoids | Dietary Fibres, Prebiotics | Herbs, Spices | Vitamins, Minerals",Finished Food Categories | Sauces & Seasonings | Specialised Finished Products | Sugar replacers / Sweeteners,Dosage Formats | Granules | Kernels | Powders | Physical Formats | Chunked | Dried - air dried | Ground | Other Physical Formats | Shelled,Weight Management,None listed,Halal | Health & Safety | Kosher | Natural,https://www.ingredientsnetwork.com/jayanti-comp249064.html
249171,Parmovo S.R.L,"Parmovo was founded in 1978 in Colorno, in the province of Parma, and has been conducting the business of selecting and selling eggs from the same place ever since. In 1980, Parmovo began transforming eggs into egg-product derivatives, pasteurized, homogenized, yolks, whites and whole eggs, intended as ingredients for food using a pasteurized egg base such as pasta, desserts, biscuits, ice-cream, mayonnaise, etc.",Asia; Australia; Central/South America; Eastern Europe; Middle East; North America; Western Europe,Raw Material Supplier,"Eggs & Egg Products | Proteins, Enzymes, Amino Acids | Finished Food Categories: Egg products | Specialised Finished Products: Protein products | Dosage Formats: Liquids, Powders",Fi Europe 2026 - 17-19 November 2026 - Visit us at stand 30D98,"Frazione Sanguigna 21/A, 43052, Colorno (Parma), Italy",info@parmovo.com,+39 0521 816421,https://www.parmovo.com,Italy,"Eggs & Egg Products | Proteins, Enzymes, Amino Acids",Finished Food Categories | Egg products | Specialised Finished Products | Protein products,Dosage Formats | Liquids | Powders,None listed,None listed,Animal welfare,https://www.ingredientsnetwork.com/parmovo-s-r-l-comp249171.html
251181,"HIGH HOPE FOODS (NANJING) CO.,LTD.","HIGH HOPE FOODS is a leading supplier of Hydrocolloids and Cellulose Derivatives based in China, with over 20 years of experience serving international markets. Our main product lines include Carrageenan, Sodium Alginate, Konjac Gum and Cellulose Derivatives such as CMC, MCC, MCC Gel, MC, HPC and HPMC. These products are widely used in various food applications, including meat processing, dairy, bakery, and confectionery. We are committed to delivering high-quality products manufactured under internationally recognized management systems such as ISO, HACCP, and BRC. All our offerings are also certified HALAL and KOSHER, meeting the highest standards for global markets. Our dedication to quality, competitive pricing, and professional service has earned us long-term partnerships with reputable clients across Europe, North America, and other international regions. HIGH HOPE FOODS – the professional & reliable partner you can trust.",Asia; Australia; Eastern Europe; North America; Western Europe,Distributor,"Additives incl. Flavourings & Colours: Emulsifiers, Stabilisers, Thickeners, Other Additives | Dietary Fibres, Prebiotics: Dietary Fibres | Ingredient Mixtures, Synbiotics | Proteins, Enzymes, Amino Acids | Dosage Formats: Powders",Fi Europe 2026 - 17-19 November 2026 - Visit us at stand 41D31,"No.99 Changjiang Road, 210005, Nanjing, China",info@highhopefoods.cn,"+86 25 51860486, 51863496, 51865285",https://www.highhopefoods.cn,China,"Additives incl. Flavourings & Colours | Dietary Fibres, Prebiotics | Ingredient Mixtures, Synbiotics | Proteins, Enzymes, Amino Acids",None listed,Dosage Formats | Powders,None listed,None listed,Halal | Kosher | Vegan | Vegetarian,https://www.ingredientsnetwork.com/high-hope-foods-nanjing-co-ltd-comp251181.html
251426,Unigrà S.p.A.,"Unigrà S.p.A. is an Italian company with an international presence through five production plants (3 in Italy, 1 in Brazil and 1 in Malaysia), 34 foreign subsidiaries and a large network of distributors and importers. It is leader in the production and sales of vegetable fats and oils, margarines, UHT plant based toppings, ice-cream bases and pastes, vegetable extracts, chocolate and compound chocolate, spreadable creams, sugar pastes, powder mixes and improvers for bakery and confectionery industry and artisans. The “vertical” integration of all the productive and distributive departments allows Unigrà to take advantage of synergies among the different productions units and to get a better and deeper knowledge of the products offered. The Industry Business Unit manages the sales of specific products for this channel, also working closely with customers to develop tailor-made products.",Africa; Asia; Australia; Central/South America; Eastern Europe; Middle East; North America; Western Europe,Manufacturer: Food & Beverage Finished Products; Raw Material Supplier,"Additives incl. Flavourings & Colours: Other Additives | Algae, Botanicals, Carotenoids, Flavonoids | Cereals & Grains, Pulses | Fats & Oils: Fats & Oils - Animal, Fats & Oils - Plant | Fruit, Seeds, Nuts & Peanuts, Vegetables | Ingredient Mixtures, Synbiotics | Finished Food Categories: Confectionery, Cooking Fats & Oils, Plant-based foods | Specialised Finished Products: Dietary supplements | Dosage Formats: Beverages | Physical Formats: Chunked, Extracted, Extruded, Flaked",Fi Europe 2026 - 17-19 November 2026 - Visit us at stand 31D6,"Via Gardizza 9/B, 48017, Conselice (RA), Italy",info@unigra.it,+39 0545989511,https://www.unigra.it,Italy,"Additives incl. Flavourings & Colours | Algae, Botanicals, Carotenoids, Flavonoids | Cereals & Grains, Pulses | Fats & Oils | Fruit, Seeds, Nuts & Peanuts, Vegetables | Ingredient Mixtures, Synbiotics",Finished Food Categories | Confectionery | Cooking Fats & Oils | Plant-based foods | Specialised Finished Products | Dietary supplements,Dosage Formats | Beverages | Physical Formats | Chunked | Extracted | Extruded | Flaked,None listed,None listed,Gluten-free | Halal | Health & Safety | Kosher | Organic | Quality Assurance | Sustainable | Traceable,https://www.ingredientsnetwork.com/unigra-s-p-a-comp251426.html
248766,Ceamsa,"Founded in 1967, CEAMSA produces and delivers a complete range of high quality carrageenan, pectin, ﬁbre, alginate and refined locust bean gum to the food industry. CEAMSA products are demanded in the different markets due to their stabilizing, gel forming, thickening and texturizing properties. From its Headquarters in Porriño, the Company distributes its products all around the world with an exclusive customer service that offers tailor made solutions developed in the CEAMSA Innovation Center. Its production plants, located in Spain and in the Philippines, are based on self-developed technology, CEAMSA provides you its Know-How, Laboratories and a Professional Team to meet your needs and offer the best technical solution. CEAMSA is the perfect partner for your industry.",Africa; Asia; Australia; Central/South America; Eastern Europe; Middle East; North America; Western Europe,Manufacturer: Ingredients / Additives,"Additives incl. Flavourings & Colours: Emulsifiers, Stabilisers, Thickeners | Dietary Fibres, Prebiotics: Dietary Fibres | Fruit, Seeds, Nuts & Peanuts, Vegetables | Ingredient Mixtures, Synbiotics | Proteins, Enzymes, Amino Acids | Physical Formats: Powdered | Digestive Health",Fi Europe 2026 - 17-19 November 2026 - Visit us at stand 31G20,"As Gandaras, E36418, Atios-Porrino (Pontevedra), Spain",ceamsa@ceamsa.com,+34 986344089,https://www.ceamsa.com,Spain,"Additives incl. Flavourings & Colours | Dietary Fibres, Prebiotics | Fruit, Seeds, Nuts & Peanuts, Vegetables | Ingredient Mixtures, Synbiotics | Proteins, Enzymes, Amino Acids",None listed,Physical Formats | Powdered,Digestive Health,None listed,Vegan | Vegetarian,https://www.ingredientsnetwork.com/ceamsa-comp248766.html
249198,Foodology by Univar Solutions,"A global menu of food and beverage ingredients, insights and test kitchen innovations. Ingredients, flavors and more for the food and beverage industries. Our global food ingredient and nutrition group is dedicated to helping you create the next winning recipe and food innovation. Foodology by Univar Solutions is your trusted partner, with food and beverage ingredient solutions for every eating occasion. Together, let's shape the future of food.",Africa; Eastern Europe; Middle East; Western Europe,Distributor,"Additives incl. Flavourings & Colours: Acidulants, Flavourings, Other Additives | Algae, Botanicals, Carotenoids, Flavonoids | Carbohydrates, Sugars | Cereals & Grains, Pulses | Dietary Fibres, Prebiotics: Dietary Fibres, Prebiotics | Fungi & Yeasts, Microorganisms & Probiotics, Mushrooms | Herbs, Spices | Ingredient Mixtures, Synbiotics | Proteins, Enzymes, Amino Acids: Enzymes | Syrups & Others: Agave syrup, Other Syrups & Others | Vitamins, Minerals | Specialised Finished Products: Dietary supplements | Dosage Formats: Liquids, Powders | Digestive Health | Metabolic Health | Sports Nutrition | Weight Management",Fi Europe 2026 - 17-19 November 2026 - Visit us at stand 31K4,"Aquarius House 6 Mid Point Park, BD37AY, Thornbury, Bradford, United Kingdom",pippa.bevan@univareurope.com,+44 1274267300,https://www.univar.com,United Kingdom,"Additives incl. Flavourings & Colours | Algae, Botanicals, Carotenoids, Flavonoids | Carbohydrates, Sugars | Cereals & Grains, Pulses | Dietary Fibres, Prebiotics | Fungi & Yeasts, Microorganisms & Probiotics, Mushrooms | Herbs, Spices | Ingredient Mixtures, Synbiotics | Proteins, Enzymes, Amino Acids | Syrups & Others | Vitamins, Minerals",Specialised Finished Products | Dietary supplements,Dosage Formats | Liquids | Powders,Digestive Health | Metabolic Health | Sports Nutrition | Weight Management,None listed,Gluten-free | Natural | Non-GMO | Organic | Vegan | Vegetarian,https://www.ingredientsnetwork.com/foodology-by-univar-solutions-comp249198.html
307508,LC Ingredients,"Young and vibrant distributor vertically integrated in the manufacturing of highly bioavailable Keratine Oligopeptides with clinical studies for Hair, Skin, Nails and Joints. Thanks to our network we are able to offer ready to market solutions for Supplement and Cosmetic market. In the recent years we have expanded our portfolio including other ingredients such as: -antioxidant -anti-inflamatory -herbal remedies -postbiotics -fibres -organic vitamins and minerals -plant based solutions Today we offer our multiple options to a wider range of customers: from bulk ingredients, te ready to market solutions and fully serviced products.",Eastern Europe; Western Europe,Distributor,"Additives incl. Flavourings & Colours: Antioxidants | Algae, Botanicals, Carotenoids, Flavonoids: Botanicals | Bioactive Compounds - Other: Bioactives Other | Dietary Fibres, Prebiotics: Prebiotics | Fruit, Seeds, Nuts & Peanuts, Vegetables | Fungi & Yeasts, Microorganisms & Probiotics, Mushrooms: Mushrooms | Ingredient Mixtures, Synbiotics | Proteins, Enzymes, Amino Acids: Amino acids | Vitamins, Minerals | Finished Food Categories: Pet Food, Plant-based foods | Specialised Finished Products: Biotic products, Dietary supplements, Functional food | Contract manufacturing | Encapsulating | Extracting | Dosage Formats: Gummies, Powders | Physical Formats: Dried - freeze dried | Bone & Joint Health | Cognitive & Mental Health | Digestive Health | Healthy Ageing | Immune Support | Men's Health | Metabolic Health | Skin Health | Sleep Health | Sports Nutrition | Weight Management | Women's Health",Vitafoods Europe 2027 - 18-20 May 2027 - Visit us at stand 2G187 | Vitafoods Europe 2026 - 05 - 07 May 2026 - We were at stand 3J145 | Vitafoods Europe 2025 - 20 - 22 May 2025 - We were at stand CC.B2,"392 avenue des Genevriers, 13600, La Ciotat, France",contact@lcingredients.com,+33 6 26 18 15 00,https://www.lcingredients.com,France,"Additives incl. Flavourings & Colours | Algae, Botanicals, Carotenoids, Flavonoids | Bioactive Compounds - Other | Dietary Fibres, Prebiotics | Fruit, Seeds, Nuts & Peanuts, Vegetables | Fungi & Yeasts, Microorganisms & Probiotics, Mushrooms | Ingredient Mixtures, Synbiotics | Proteins, Enzymes, Amino Acids | Vitamins, Minerals",Finished Food Categories | Pet Food | Plant-based foods | Specialised Finished Products | Biotic products | Dietary supplements | Functional food,Dosage Formats | Gummies | Powders | Physical Formats | Dried - freeze dried,Bone & Joint Health | Cognitive & Mental Health | Digestive Health | Healthy Ageing | Immune Support | Men's Health | Metabolic Health | Skin Health | Sleep Health | Sports Nutrition | Weight Management | Women's Health,Contract manufacturing | Encapsulating | Extracting,Allergen-free | Gluten-free | Halal | Health & Safety | Kosher | Natural | Organic | Quality Assurance | Sustainable | Sustainable Seafood | Vegan | Vegetarian,https://www.ingredientsnetwork.com/lc-ingredients-comp307508.html
251365,Shafi Gluco Chem,"Shafi Gluco Chem is the world's leading manufacturer and distributor of sweeteners and proteins . We have been specializing in Rice and Tapioca ingredients since 2003. Through our vision, strategic direction, and unwavering commitment, we are committed to producing the most dependable quality and innovative range of food ingredients covering the various segments of the food industry. In line with our organic philosophy, we have pioneered several innovations, driving the industry trends forward. We ensure top quality procurement from our organic fields; a chemical-free natural production process; and promise a simple and cleaner label while enabling numerous functionalities for all food and drink formulations. We are deeply committed to safety, quality, integrity, and excellence in everything we do! The Shafi range offers both Organic and Conventional: Rice Syrups Tapioca Syrups Rice Proteins (Food & Feed) Rice & Tapioca Maltodextrins and Syrup Solid Rice Flour Tapioca & Rice Starch Rice Milk Powder Organic Rice (Basmati, Long Grain, Broken)",Africa; Asia; Australia; Central/South America; Eastern Europe; Middle East; North America; Western Europe,Manufacturer: Ingredients / Additives,"Additives incl. Flavourings & Colours: Emulsifiers, Stabilisers, Thickeners, Other Additives | Carbohydrates, Sugars: Oligo- and polysaccharides | Cereals & Grains, Pulses | Dietary Fibres, Prebiotics: Dietary Fibres | Ingredient Mixtures, Synbiotics | Proteins, Enzymes, Amino Acids: Amino acids | Syrups & Others: Agave syrup, Corn syrup, Molasses, Other Syrups & Others | Finished Food Categories: Beverages / Juices, Cereal and grain products, Plant-based foods | Specialised Finished Products: Functional beverages, Functional food, Protein products | Dosage Formats: Liquids, Powders | Physical Formats: Liquid | Children's Health | Digestive Health | Metabolic Health | Sports Nutrition | Weight Management",Fi Europe 2026 - 17-19 November 2026 - Visit us at stand 30G86,"35 A/3 M.T. Khan Road Opposite Beach Luxury hotel, 74000, Karachi, Pakistan",sales@glucochem.com,+92 853 303719,https://glucochem.com,Pakistan,"Additives incl. Flavourings & Colours | Carbohydrates, Sugars | Cereals & Grains, Pulses | Dietary Fibres, Prebiotics | Ingredient Mixtures, Synbiotics | Proteins, Enzymes, Amino Acids | Syrups & Others",Finished Food Categories | Beverages / Juices | Cereal and grain products | Plant-based foods | Specialised Finished Products | Functional beverages | Functional food | Protein products,Dosage Formats | Liquids | Powders | Physical Formats | Liquid,Children's Health | Digestive Health | Metabolic Health | Sports Nutrition | Weight Management,None listed,Gluten-free | Halal | Kosher | Natural | Non-GMO | Organic | Quality Assurance | Sustainable | Traceable | Vegan,https://www.ingredientsnetwork.com/shafi-gluco-chem-comp251365.html
268012,Tiba Starch & Glucose Manufacturing Co.,"Tiba Starch & glucose S.A.E is an Egyptian Manufacturer of Food and Beverage rice-based ingredients. We produce Modified and Native Starches, Proteins, sweeteners, and fats.Our range of products is Clean-label, non-GMO, Hypoallergenic, lactose-free, and Gluten-free. In 1997, Tiba was founded as a Rice mill. From that point on, we have gone through many development stages, leading to the current product range. our partners are present around the world in Germany, Belgium, Brazil, USA, Canada, Italy, Greece, Latvia, UK, Spain, Turkey, the Netherlands, Bulgaria, Austria, China, Taiwan, Russia, and North and East Africa. Tiba's Team develops customized solutions for different applications. This helped us be suited to many industries and build strong relationships with our partners.",Asia; Central/South America; Eastern Europe; Middle East; North America; Western Europe,Manufacturer: Ingredients / Additives,"Additives incl. Flavourings & Colours: Emulsifiers, Stabilisers, Thickeners | Carbohydrates, Sugars | Dietary Fibres, Prebiotics: Dietary Fibres | Fats & Oils | Ingredient Mixtures, Synbiotics | Proteins, Enzymes, Amino Acids: Amino acids | Syrups & Others: Corn syrup | Finished Food Categories: Cereal and grain products, Plant-based foods | Specialised Finished Products: Dietary supplements, Functional food, Protein products | Encapsulating | Dosage Formats: Powders | Immune Support | Sports Nutrition",Fi Europe 2026 - 17-19 November 2026 - Visit us at stand 31K90,"1st Industrial Zone- Piece No. 35&36&37 Al-Salheya Al-Gadeda, 44813, Sharkia, Egypt",info@tiba-eg.com,+2 055 320 1615,https://www.tiba-egy.com // www.tiba-trade.com,Egypt,"Additives incl. Flavourings & Colours | Carbohydrates, Sugars | Dietary Fibres, Prebiotics | Fats & Oils | Ingredient Mixtures, Synbiotics | Proteins, Enzymes, Amino Acids | Syrups & Others",Finished Food Categories | Cereal and grain products | Plant-based foods | Specialised Finished Products | Dietary supplements | Functional food | Protein products,Dosage Formats | Powders,Immune Support | Sports Nutrition,Encapsulating,Gluten-free | Non-GMO | Vegetarian,https://www.ingredientsnetwork.com/tiba-starch-glucose-manufacturing-co-comp268012.html
279313,Zentis,"Zentis, headquartered in Aachen, stands for unique expertise in the refinement of fruit and other natural raw materials. Founded in Aachen in 1893, the company is still family-owned and is now one of the leading manufacturers of fruit preparations and marzipan raw materials for the processing industry and trade. In addition to innovative ingredient solutions for the dairy and bakery industries and food service, Zentis is known for its fruity spreads and confectionery. With six production sites in Europe and the USA, Zentis is now active in over 60 countries.",Africa; Asia; Australia; Central/South America; Eastern Europe; Middle East; North America; Western Europe,Manufacturer: Ingredients / Additives,"Additives incl. Flavourings & Colours | Algae, Botanicals, Carotenoids, Flavonoids: Botanicals | Bioactive Compounds - Other: Bioactives Other | Cereals & Grains, Pulses | Fruit, Seeds, Nuts & Peanuts, Vegetables: Nuts & Peanuts, Vegetables | Herbs, Spices | Ingredient Mixtures, Synbiotics: Functional (formulated) Ingredient Mixtures | Finished Food Categories: Beverages / Juices, Cereal and grain products, Confectionery, Dairy, Fruits & Vegetables, Plant-based foods | Specialised Finished Products: Dietary supplements, Functional food | Blending & mixing | Contract manufacturing | Extracting",Fi Europe 2026 - 17-19 November 2026 - Visit us at stand 31L90,"Julicher Strasse 177, 52070, AACHEN, Germany",info@zentis.de,49 241 4760 0,https://zentis.com,Germany,"Additives incl. Flavourings & Colours | Algae, Botanicals, Carotenoids, Flavonoids | Bioactive Compounds - Other | Cereals & Grains, Pulses | Fruit, Seeds, Nuts & Peanuts, Vegetables | Herbs, Spices | Ingredient Mixtures, Synbiotics",Finished Food Categories | Beverages / Juices | Cereal and grain products | Confectionery | Dairy | Fruits & Vegetables | Plant-based foods | Specialised Finished Products | Dietary supplements | Functional food,None listed,None listed,Blending & mixing | Contract manufacturing | Extracting,Natural | Organic,https://www.ingredientsnetwork.com/zentis-comp279313.html
251479,Caldic,"""Because we care"", we touch the lives of hundreds of thousands of people every day. We inspire innovative and sustainable distribution solutions in life and material sciences for the food, pharma, personal care and industrial product formulation markets of the world. Our solutions, carefully sourced and customized to specifications whenever required, are backed by outstanding research & development, customer service, and technical & regulatory support, ensuring that they meet precisely determined needs at every stage of the value chain. Across 43 countries in Europe, Latin America, North America and Asia-Pacific, our approximately 3,500 employees go the extra mile day in, day out, to deliver added-value solutions for our customers. In our activities, we embrace the principles of sustainability, designing products, services and processes with these in mind. From formulation to delivery, from ingredient to packing, from supplier to customer, we care about every detail of what we do. Because every detail is in our care. For more information, please visit www.caldic.com",Asia; Australia; Central/South America; North America; Western Europe,Distributor,"Additives incl. Flavourings & Colours: Anti-caking agents, Antioxidants, Colours, Emulsifiers, Stabilisers, Thickeners, Flavour Enhancers, Flavourings, Other Additives | Algae, Botanicals, Carotenoids, Flavonoids | Bioactive Compounds - Other | Carbohydrates, Sugars: Oligo- and polysaccharides | Cereals & Grains, Pulses: Cereals & Grains | Dietary Fibres, Prebiotics: Dietary fibres | Fats & Oils: Fats & Oils - Animal, Fats & Oils - Plant | Fruit, Seeds, Nuts & Peanuts, Vegetables: Nuts & Peanuts, Seeds | Fungi & Yeasts, Microorganisms & Probiotics, Mushrooms: Fungi & Yeasts, Microorganisms & Probiotics | Herbs, Spices: Herbs, Spices | Ingredient Mixtures, Synbiotics | Proteins, Enzymes, Amino Acids: Amino acids, Enzymes, Proteins - Animal | Syrups & Others: Cane sugar, Honey, Molasses, Other Syrups & Others | Vitamins, Minerals | Finished Food Categories: Confectionery, Dairy, Plant-based foods | Specialised Finished Products: Dietary supplements | Analysis/ Testing | Blending & mixing | Contract manufacturing | Granulating/ grinding/ milling / mixing | Packaging | Quality assurance | Dosage Formats: Liquids, Powders | Physical Formats: Concentrated, Dried - air dried, Dried - freeze dried, Extracted, Ground, Liquid, Roasted | Bone & Joint Health | Cardiovascular Health | Digestive Health | Healthy Ageing | Immune Support | Metabolic Health",Fi Europe 2026 - 17-19 November 2026 - Visit us at stand 41K6,"Weena 800, 3014 DA, Rotterdam, Netherlands",info@caldic.nl,+31 (0)10 711 7258,https://www.caldic.com,Netherlands,"Additives incl. Flavourings & Colours | Algae, Botanicals, Carotenoids, Flavonoids | Bioactive Compounds - Other | Carbohydrates, Sugars | Cereals & Grains, Pulses | Dietary Fibres, Prebiotics | Fats & Oils | Fruit, Seeds, Nuts & Peanuts, Vegetables | Fungi & Yeasts, Microorganisms & Probiotics, Mushrooms | Herbs, Spices | Ingredient Mixtures, Synbiotics | Proteins, Enzymes, Amino Acids | Syrups & Others | Vitamins, Minerals",Finished Food Categories | Confectionery | Dairy | Plant-based foods | Specialised Finished Products | Dietary supplements,Dosage Formats | Liquids | Powders | Physical Formats | Concentrated | Dried - air dried | Dried - freeze dried | Extracted | Ground | Liquid | Roasted,Bone & Joint Health | Cardiovascular Health | Digestive Health | Healthy Ageing | Immune Support | Metabolic Health,Analysis/ Testing | Blending & mixing | Contract manufacturing | Granulating/ grinding/ milling / mixing | Packaging | Quality assurance,Fair Trade | Organic,https://www.ingredientsnetwork.com/caldic-comp251479.html
295606,DKSH,"For more than 160 years, DKSH has been delivering growth for companies in Asia Pacific, Europe, and North America across its Business Units Healthcare, Consumer Goods, Performance Materials, and Technology. As a leading Market Expansion Services provider, DKSH offers sourcing, market insights, marketing and sales, e-commerce, distribution and logistics as well as after-sales services, following its purpose of enriching people’s lives. DKSH is a participant of the United Nations Global Compact and adheres to its principles-based approach to responsible business. Listed on the SIX Swiss Exchange, DKSH operates in 35 markets with 26,840 specialists, generating net sales of CHF 11.1 billion in 2025. DKSH Business Unit Performance Materials distributes specialty chemicals and ingredients for food, pharmaceutical, personal care, and various industrial applications. With 62 innovation centers and regulatory support worldwide, DKSH creates cutting-edge formulations that comply with local regulations. With around 1,830 specialists, the Business Unit generated net sales of CHF 1.4 billion in 2025. www.dksh.com/pm DKSH is your leading global distributor of innovative ingredients and formulations for the food and beverage industry . Our functional products enhance your product performance and have a wide range of applications across major food segments . From food raw materials to food additives and institutional products , you can benefit from our exciting product portfolio an our range of tailored value-added services from regulatory support and consulting to sourcing new and hard-to-find ingredients and innovation and formulation capabilities.",Asia; Australia; Eastern Europe; North America; Western Europe,Distributor,"Additives incl. Flavourings & Colours: Emulsifiers, Stabilisers, Thickeners, Other Additives | Bioactive Compounds - Other | Carbohydrates, Sugars | Dietary Fibres, Prebiotics: Dietary Fibres | Fruit, Seeds, Nuts & Peanuts, Vegetables | Fungi & Yeasts, Microorganisms & Probiotics, Mushrooms | Ingredient Mixtures, Synbiotics | Proteins, Enzymes, Amino Acids: Amino acids | Finished Food Categories: Dairy, Nuts & Seeds products, Pet Food, Plant-based foods | Specialised Finished Products: Dietary supplements, Functional beverages, Functional food, Functional powders, Protein products | Quality assurance | Dosage Formats: Gummies, Powders | Physical Formats: Ground | Bone & Joint Health | Sports Nutrition",Fi Europe 2026 - 17-19 November 2026 - Visit us at stand 31G12,"Baumwall 3, 20459, Hamburg, Germany",info.de@dksh.com,+49-(0)40-3747 340,https://www.dksh.com,Germany,"Additives incl. Flavourings & Colours | Bioactive Compounds - Other | Carbohydrates, Sugars | Dietary Fibres, Prebiotics | Fruit, Seeds, Nuts & Peanuts, Vegetables | Fungi & Yeasts, Microorganisms & Probiotics, Mushrooms | Ingredient Mixtures, Synbiotics | Proteins, Enzymes, Amino Acids",Finished Food Categories | Dairy | Nuts & Seeds products | Pet Food | Plant-based foods | Specialised Finished Products | Dietary supplements | Functional beverages | Functional food | Functional powders | Protein products,Dosage Formats | Gummies | Powders | Physical Formats | Ground,Bone & Joint Health | Sports Nutrition,Quality assurance,Gluten-free | Non-GMO | Organic | Traceable | Vegan,https://www.ingredientsnetwork.com/dksh-comp295606.html
251228,Kröner-Stärke GmbH,"KRÖNER-STÄRKE is a german global company. Founded in 1900, the management is now in the hands of it's third generation. KRÖNER-STÄRKE produces high functional natural products in organic and conventional quality: wheat starch, cold swelling starches and flours, as well as variations of proteins. Clean label starches and gluten-free products fulfil the increased requirements of the food industry. Our dietetics for infant and geriatric diet as well as flours and starches with good dispersible flaky structure broaden our portfolio. Custom made products are made with our latest mixing technology according to our customers' specifications.",Africa; Asia; Australia; Central/South America; Eastern Europe; Middle East; North America; Western Europe,"Food Safety, Quality and Service","Additives incl. Flavourings & Colours: Emulsifiers, Stabilisers, Thickeners | Carbohydrates, Sugars | Cereals & Grains, Pulses: Cereals & Grains | Ingredient Mixtures, Synbiotics: Functional (formulated) Ingredient Mixtures | Proteins, Enzymes, Amino Acids | Finished Food Categories: Cereal and grain products | Specialised Finished Products: Protein products | Blending & mixing | Contract manufacturing | Dosage Formats: Powders | Physical Formats: Ground | Sports Nutrition",Fi Europe 2026 - 17-19 November 2026 - Visit us at stand 30D8,"Lengericher Straße 158, D-49479, Ibbenbüren, Germany",info@kroener-staerke.de,+49 (0) 54 51 - 94 47 -0,https://www.kroener-staerke.de,Germany,"Additives incl. Flavourings & Colours | Carbohydrates, Sugars | Cereals & Grains, Pulses | Ingredient Mixtures, Synbiotics | Proteins, Enzymes, Amino Acids",Finished Food Categories | Cereal and grain products | Specialised Finished Products | Protein products,Dosage Formats | Powders | Physical Formats | Ground,Sports Nutrition,Blending & mixing | Contract manufacturing,Gluten-free | Natural | Organic,https://www.ingredientsnetwork.com/kroner-starke-gmbh-comp251228.html
248926,DMK Group,"About the DMK Group Revenue (2025): €5.3 billion Employees: 6,800 Milk processed annually: 5.1 billion kg Farmer members (cooperative members): 3,900 T he product portfolio ranges from cheese, dairy products and ingredients to baby food, ice cream. Brands such as MILRAM, Oldenburger, Uniekaas, Alete and Humana have earned the trust of consumers at home and abroad, making the company an established player in its home markets and selected target markets around the globe.",Africa; Asia; Australia; Central/South America; Eastern Europe; Middle East; North America; Western Europe,Contract Manufacturer; Manufacturer: Finished Food Products; Manufacturer: Ingredients / Additives,"Additives incl. Flavourings & Colours: Flavourings | Algae, Botanicals, Carotenoids, Flavonoids | Carbohydrates, Sugars | Dairy Ingredients | Dietary Fibres, Prebiotics: Dietary fibres | Fats & Oils: Fats & Oils - Plant | Fruit, Seeds, Nuts & Peanuts, Vegetables | Fungi & Yeasts, Microorganisms & Probiotics, Mushrooms | Ingredient Mixtures, Synbiotics: Functional (formulated) Ingredient Mixtures | Proteins, Enzymes, Amino Acids: Amino acids | Vitamins, Minerals: Minerals, Vitamins | Finished Food Categories: Bakery, Beverages / Juices, Cereal and grain products, Confectionery, Cooking Fats & Oils, Dairy, Fruits & Vegetables, Infant & Baby food, Meat, Poultry & Fish, Other Finished Food Categories, Plant-based foods, Prepared foods, Sauces & Seasonings, Sweet & Savoury Spreads | Specialised Finished Products: Biotic products, Dietary supplements, Functional beverages, Functional confectionery, Functional food, Functional powders, Meal replacement products, Other Specialised Finished Products, Pharma and OTC products, Protein products, Sugar replacers / Sweeteners | Co-packing | Contract manufacturing | Dosage Formats: Beverages, Capsules, Chewables, Effervescent, Gummies, Kernels, Liquids, Lozenges, Pastes, Pellets, Powders, Sachets, Sticks, Tablets | Physical Formats: Concentrated, Diced, Flaked, Liquid, Powdered, Shelled, Solid | Bone & Joint Health | Cardiovascular Health | Children's Health | Cognitive & Mental Health | Digestive Health | Healthy Ageing | Immune Support | Metabolic Health | Skin Health | Sports Nutrition | Weight Management | Women's Health",Fi Europe 2026 - 17-19 November 2026 - Visit us at stand 30K94,"Maria-Cunitz-Str. 5, 28199, Bremen, Germany",info@dmk.de,+49 421 243-0,https://www.dmk.de,Germany,"Additives incl. Flavourings & Colours | Algae, Botanicals, Carotenoids, Flavonoids | Carbohydrates, Sugars | Dairy Ingredients | Dietary Fibres, Prebiotics | Fats & Oils | Fruit, Seeds, Nuts & Peanuts, Vegetables | Fungi & Yeasts, Microorganisms & Probiotics, Mushrooms | Ingredient Mixtures, Synbiotics | Proteins, Enzymes, Amino Acids | Vitamins, Minerals","Finished Food Categories | Bakery | Beverages / Juices | Cereal and grain products | Confectionery | Cooking Fats & Oils | Dairy | Fruits & Vegetables | Infant & Baby food | Meat, Poultry & Fish | Other Finished Food Categories | Plant-based foods | Prepared foods | Sauces & Seasonings | Sweet & Savoury Spreads | Specialised Finished Products | Biotic products | Dietary supplements | Functional beverages | Functional confectionery | Functional food | Functional powders | Meal replacement products | Other Specialised Finished Products | Pharma and OTC products | Protein products | Sugar replacers / Sweeteners",Dosage Formats | Beverages | Capsules | Chewables | Effervescents | Gummies | Kernels | Liquids | Lozenges | Pastes | Pellets | Powders | Sachets | Sticks | Tablets | Physical Formats | Concentrated | Diced | Flaked | Liquid | Powdered | Shelled | Solid,Bone & Joint Health | Cardiovascular Health | Children's Health | Cognitive & Mental Health | Digestive Health | Healthy Ageing | Immune Support | Metabolic Health | Skin Health | Sports Nutrition | Weight Management | Women's Health,Co-packing | Contract manufacturing,Allergen-free | Gluten-free | Health & Safety | Natural | Non-GMO | Organic | Other Certifications | Vegan | Vegetarian,https://www.ingredientsnetwork.com/dmk-group-comp248926.html
248809,Altinmarka Gida San. Tic AS,"Altınmarka is one of the biggest cocoa and chocolate manufacturers in the world. Altınmarka produces cocoa products such as cocoa powder, butter, mass as well as industrial chocolates and compounds as blocks, coins, drops, chunks, sticks, pralines. Altınmarka was awarded 'Best Chocolate Factory of Europe in 2012' by European Candy Kettle Club. The fully integrated factory, from cocoa beans to chocolate, provides uninterrupted productivity and ensures the power and flexibility to produce different requests.",Asia; Eastern Europe; Western Europe,"Distributor; Food Safety, Quality and Service","Additives incl. Flavourings & Colours: Emulsifiers, Stabilisers, Thickeners, Flavourings, Other Additives, Sweeteners | Carbohydrates, Sugars | Dairy Ingredients: Cow Dairy Ingredients | Fats & Oils: Fats & Oils - Animal, Fats & Oils - Plant | Fruit, Seeds, Nuts & Peanuts, Vegetables | Ingredient Mixtures, Synbiotics: Functional (formulated) Ingredient Mixtures | Syrups & Others | Vitamins, Minerals | Finished Food Categories: Confectionery, Dairy, Other Finished Food Categories | Specialised Finished Products: Sugar replacers / Sweeteners | Dosage Formats: Food bars, Kernels, Pastes, Pellets, Powders, Sticks | Physical Formats: Chunked, Concentrated, Extracted, Extruded, Flaked, Other Physical Formats, Solid | Cardiovascular Health | Weight Management",Fi Europe 2026 - 17-19 November 2026 - Visit us at stand 31B90,"Omer Avni Mah. Inebolu Sk. No. 1 Ekemen Han Kat: 2-5 Setustu Kabatas - Beyoglu, 34427, Istanbul, Türkiye",info@altinmarka.com,+90 212 243 2505,https://www.altinmarka.com.tr,Türkiye,"Additives incl. Flavourings & Colours | Carbohydrates, Sugars | Dairy Ingredients | Fats & Oils | Fruit, Seeds, Nuts & Peanuts, Vegetables | Ingredient Mixtures, Synbiotics | Syrups & Others | Vitamins, Minerals",Finished Food Categories | Confectionery | Dairy | Other Finished Food Categories | Specialised Finished Products | Sugar replacers / Sweeteners,Dosage Formats | Food bars | Kernels | Pastes | Pellets | Powders | Sticks | Physical Formats | Chunked | Concentrated | Extracted | Extruded | Flaked | Other Physical Formats | Solid,Cardiovascular Health | Weight Management,None listed,None listed,https://www.ingredientsnetwork.com/altinmarka-gida-san-tic-as-comp248809.html
255042,Cambridge Commodities,"Cambridge Commodities specialises in supplying nutritional ingredients and product solutions to the sports nutrition, health & wellbeing and food & beverage industries. We stock over 2,500 ingredients ranging from vitamins, minerals and proteins to superfoods, sweeteners and plant-based powders. Our mission is to passionately provide quality nutritional ingredients and healthier innovation.",Africa; Asia; Australia; Central/South America; Eastern Europe; Middle East; North America; Western Europe,Distributor; Raw Material Supplier,"Additives incl. Flavourings & Colours: Emulsifiers, Stabilisers, Thickeners | Algae, Botanicals, Carotenoids, Flavonoids | Carbohydrates, Sugars | Dietary Fibres, Prebiotics | Fungi & Yeasts, Microorganisms & Probiotics, Mushrooms | Ingredient Mixtures, Synbiotics | Proteins, Enzymes, Amino Acids | Vitamins, Minerals | Finished Food Categories: Confectionery, Pet Food, Plant-based foods | Specialised Finished Products: Biotic products, Dietary supplements, Functional beverages, Functional food, Functional powders, Protein products | Contract manufacturing | Encapsulating | Dosage Formats: Capsules, Gummies","Vitafoods Europe 2027 - 18-20 May 2027 - Visit us at stand 2D207, 4C1 | Vitafoods Europe 2026 - 05 - 07 May 2026 - We were at stand 5D14 | Vitafoods Europe 2025 - 20 - 22 May 2025 - We were at stand 3J30","203 Lancaster Way Business Park, CB6 3NX, Ely, United Kingdom",marketing@cambridgecommodities.com,+44 (0) 1353 667 258,https://www.c-c-l.com,United Kingdom,"Additives incl. Flavourings & Colours | Algae, Botanicals, Carotenoids, Flavonoids | Carbohydrates, Sugars | Dietary Fibres, Prebiotics | Fungi & Yeasts, Microorganisms & Probiotics, Mushrooms | Ingredient Mixtures, Synbiotics | Proteins, Enzymes, Amino Acids | Vitamins, Minerals",Finished Food Categories | Confectionery | Pet Food | Plant-based foods | Specialised Finished Products | Biotic products | Dietary supplements | Functional beverages | Functional food | Functional powders | Protein products,Dosage Formats | Capsules | Gummies,None listed,Contract manufacturing | Encapsulating,None listed,https://www.ingredientsnetwork.com/cambridge-commodities-comp255042.html
248990,Fosfa a. s.,"Fosfa is an innovative Life Science company established in 1884. The group is the largest processor of yellow phosphorus in Europe. Fosfa is one of the top global players in the field of essential, phosphorus-based ingredients and functional blends for food, pharma and sophisticated industrial applications. Fosfa also develops and manufactures FeelEco, exceptional natural products for health, family and home care. Under the FeelGreens brand, Fosfa uses the Czech Republic’s first vertical farm to grow microgreens, a superfood of the future, without using pesticides, growth regulators or GMOs. Fosfa Life Science manufactures food quality sodium, potassium and ammonium phosphates for functional and performance modification with production units located in Germany (Omnisal GmbH) and Czech Republic (Fosfa a.s.). Our product portfolio specializes in phosphates and phosphate blends designed to enhance culinary experience in meat, baked goods, dairy, seafood as well and other food applications. Our food additive phosphates are high quality products that have been developed with a commitment to solving individual customers requirements.",Africa; Asia; Australia; Central/South America; Eastern Europe; Middle East; North America; Western Europe,Manufacturer: Ingredients / Additives,"Additives incl. Flavourings & Colours: Antioxidants, Emulsifiers, Stabilisers, Thickeners | Dairy Ingredients | Ingredient Mixtures, Synbiotics | Proteins, Enzymes, Amino Acids | Vitamins, Minerals | Specialised Finished Products: Functional powders | Physical Formats: Ground",Fi Europe 2026 - 17-19 November 2026 - Visit us at stand 30H20,"Hranicni 268, 69141, Breclav - Postorna, Czech Republic",valusek@fosfa.cz,+420 519 306 342,https://www.fosfa.cz,Czech Republic,"Additives incl. Flavourings & Colours | Dairy Ingredients | Ingredient Mixtures, Synbiotics | Proteins, Enzymes, Amino Acids | Vitamins, Minerals",Specialised Finished Products | Functional powders,Physical Formats | Ground,None listed,None listed,None listed,https://www.ingredientsnetwork.com/fosfa-a-s-comp248990.html
251301,Paradise Fruits by Jahncke,"Paradise Fruits Solutions and Paradise Fruits Health are part of the Paradise Fruits Group – a trusted and innovative partner for natural fruit-based ingredients and functional food solutions. With roots in Northern Germany and decades of experience, we serve the global food and nutraceutical industries with tailor-made concepts that combine the power of fruit with exceptional functionality. Paradise Fruits Solutions As a market leader in highly concentrated fruit ingredients, Paradise Fruits Solutions offers a wide range of granulates, fruit pastes, drops, and shapes. Our products are naturally made, with nearly up to 100% fruit content, and designed to meet specific processing and application needs – including baking, snacking, and cereal products. From clean label to organic and allergen-free, we help our customers create products that taste as good as they look. Paradise Fruits Health Paradise Fruits Health focuses on functional fruit-based supplements , using an innovative fruit matrix that contains no added sugar, artificial colors, or preservatives. Our solutions are tailored to support specific health goals – including immunity, energy, gut health, and cognition – and can be enriched with vitamins, botanicals, minerals, and probiotics. Ideal for children, active consumers, and health-conscious lifestyles. Together, we bring flavor, functionality, and natural innovation to the table – and help brands develop products that are not only effective, but enjoyable to consume. Paradise Fruits – Naturally Functional. Simply Better.",Africa; Asia; Australia; Central/South America; Eastern Europe; Middle East; North America; Western Europe,Contract Manufacturer; Manufacturer: Finished Food Products; Manufacturer: Ingredients / Additives,"Algae, Botanicals, Carotenoids, Flavonoids: Botanicals | Bioactive Compounds - Other | Dietary Fibres, Prebiotics | Fruit, Seeds, Nuts & Peanuts, Vegetables | Fungi & Yeasts, Microorganisms & Probiotics, Mushrooms | Ingredient Mixtures, Synbiotics: Food Substitute Ingredient Mixtures | Vitamins, Minerals | Finished Food Categories: Beverages / Juices, Confectionery, Fruits & Vegetables, Plant-based foods | Specialised Finished Products: Biotic products, Dietary supplements, Functional confectionery, Functional food | Dosage Formats: Chewables, Granules, Gummies, Pastes | Digestive Health | Healthy Ageing | Immune Support | Metabolic Health | Sports Nutrition",Fi Europe 2026 - 17-19 November 2026 - Visit us at stand 31A80 | Vitafoods Europe 2027 - 18-20 May 2027 - Visit us at stand 3C17 | Vitafoods Europe 2026 - 05 - 07 May 2026 - We were at stand 6K75 | Vitafoods Europe 2025 - 20 - 22 May 2025 - We were at stand 4J72,"Asseler Strasse 110, 21706, Drochtersen, Germany",solutions@paradise-fruits.de,+49 4148 615 111,https://www.paradies-frucht.de,Germany,"Algae, Botanicals, Carotenoids, Flavonoids | Bioactive Compounds - Other | Dietary Fibres, Prebiotics | Fruit, Seeds, Nuts & Peanuts, Vegetables | Fungi & Yeasts, Microorganisms & Probiotics, Mushrooms | Ingredient Mixtures, Synbiotics | Vitamins, Minerals",Finished Food Categories | Beverages / Juices | Confectionery | Fruits & Vegetables | Plant-based foods | Specialised Finished Products | Biotic products | Dietary supplements | Functional confectionery | Functional food,Dosage Formats | Chewables | Granules | Gummies | Pastes,Digestive Health | Healthy Ageing | Immune Support | Metabolic Health | Sports Nutrition,None listed,Halal | Health & Safety | Natural | Organic | Sustainable | Vegan | Vegetarian,https://www.ingredientsnetwork.com/paradise-fruits-by-jahncke-comp251301.html
251233,Lactoland Trockenmilchwerk GmbH,"Since its founding in 1989, LACTOLAND Trockenmilchwerk GmbH has been producing intermediate milk products for the processing industry. Specially tailored milk powder blends are produced from powdered milk in elaborate and ultra-modern mixing processes. These are used in further processing procedures for ice cream, cheese, yogurt, and other milk-based specialties. The product range also includes dairy blends and other semi-finished products for industrial customers. Through numerous investments and certifications, all products can be offered in organic as well as halal and kosher quality. The primary industries we serve are: the Chocolate industry, the Bakery and Confectionery industry, Ice cream, Cheese and Yoghurt production, Sports nutrition. Our Product range: Milk and yogurt powders, Milk protein concentrates, Casein / Caseinates.",Africa; Asia; Australia; Central/South America; Eastern Europe; Middle East; North America; Western Europe,Manufacturer: Ingredients / Additives,"Dairy Ingredients: Cow Dairy Ingredients | Fats & Oils | Fungi & Yeasts, Microorganisms & Probiotics, Mushrooms | Ingredient Mixtures, Synbiotics | Proteins, Enzymes, Amino Acids: Enzymes | Vitamins, Minerals | Finished Food Categories: Plant-based foods | Analysis/ Testing | Consulting | Dosage Formats: Liquids, Powders | Physical Formats: Ground, Milled | Bone & Joint Health | Digestive Health | Sports Nutrition",Fi Europe 2026 - 17-19 November 2026 - Visit us at stand 30G94,"Wierlings Esch 50, 48249, 48249 Duelmen, Germany",info@lactoland.de,+49 2594 79060,https://www.lactoland.de,Germany,"Dairy Ingredients | Fats & Oils | Fungi & Yeasts, Microorganisms & Probiotics, Mushrooms | Ingredient Mixtures, Synbiotics | Proteins, Enzymes, Amino Acids | Vitamins, Minerals",Finished Food Categories | Plant-based foods,Dosage Formats | Liquids | Powders | Physical Formats | Ground | Milled,Bone & Joint Health | Digestive Health | Sports Nutrition,Analysis/ Testing | Consulting,Organic,https://www.ingredientsnetwork.com/lactoland-trockenmilchwerk-gmbh-comp251233.html
249911,Barentz International B.V.,"At Barentz, we are passionate about delivering better ingredient solutions to the global food & beverage industry. More than a distributor, we act as a trusted partner, combining the best ingredients from world-class suppliers with our technical expertise and tailored application support. With over 2,800+ specialists across 70+ countries and 37 state-of-the-art application labs, we bring global reach and local knowledge to every customer challenge. From customized nutrition and taste systems to regulatory guidance and market insights, our solutions help brands stay ahead of consumer trends and industry standards. By embracing innovation and sustainability, we empower our partners to create products that improve health, taste, and enjoyment for consumers worldwide. Barentz. Always a better solution.",Africa; Asia; Australia; Central/South America; Eastern Europe; Middle East; North America; Western Europe,Distributor,"Additives incl. Flavourings & Colours: Emulsifiers, Stabilisers, Thickeners, Other Additives | Carbohydrates, Sugars | Dietary Fibres, Prebiotics | Eggs & Egg Products | Fungi & Yeasts, Microorganisms & Probiotics, Mushrooms | Ingredient Mixtures, Synbiotics | Proteins, Enzymes, Amino Acids | Vitamins, Minerals | Finished Food Categories: Cereal and grain products, Pet Food, Plant-based foods | Specialised Finished Products: Dietary supplements, Functional beverages, Functional food | Encapsulating",Fi Europe 2026 - 17-19 November 2026 - Visit us at stand 31G80 | Vitafoods Europe 2027 - 18-20 May 2027 - Visit us at stand 2D166 | Vitafoods Europe 2026 - 05 - 07 May 2026 - We were at stand 3A72 | Vitafoods Europe 2025 - 20 - 22 May 2025 - We were at stand 3K46,"Burnhamstraat 8, 2132 GZ, Hoofddorp, Netherlands",communications@barentz.com,+31 (0) 23 567 34 56,https://www.barentz.com,Netherlands,"Additives incl. Flavourings & Colours | Carbohydrates, Sugars | Dietary Fibres, Prebiotics | Eggs & Egg Products | Fungi & Yeasts, Microorganisms & Probiotics, Mushrooms | Ingredient Mixtures, Synbiotics | Proteins, Enzymes, Amino Acids | Vitamins, Minerals",Finished Food Categories | Cereal and grain products | Pet Food | Plant-based foods | Specialised Finished Products | Dietary supplements | Functional beverages | Functional food,None listed,None listed,Encapsulating,None listed,https://www.ingredientsnetwork.com/barentz-international-b-v-comp249911.html
248701,ALPAVIT GmbH & Co. KG,"ALPAVIT is part of the private Champignon-Hofmeister group - with over 100 years of brand experience in one of the most tradition-steeped and successful companies in German dairy production. Within the group, ALPAVIT is responsible for manufacturing and distributing dried milk and whey products. ALPAVIT impresses globally with its years of learning, innovative power and outstanding customer service. Our way of working is characterized by high flexibility, short decision paths and close cooperation between distribution, production, quality assurance and logistics. We are an impressive, reliable and efficient partner. With our high-quality products, we have gained the trust of the most renowned manufacturers of world-leading brands. The satisfaction of our customers is the motor that drives our business.",Africa; Asia; Australia; Central/South America; Eastern Europe; Middle East; North America; Western Europe,Manufacturer: Ingredients / Additives,"Additives incl. Flavourings & Colours: Sweeteners | Carbohydrates, Sugars: Oligo- and polysaccharides | Dairy Ingredients | Fruit, Seeds, Nuts & Peanuts, Vegetables | Ingredient Mixtures, Synbiotics | Proteins, Enzymes, Amino Acids: Amino acids | Vitamins, Minerals | Finished Food Categories: Dairy, Infant & Baby food | Specialised Finished Products: Dietary supplements | Dosage Formats: Powders | Physical Formats: Ground | Children's Health | Digestive Health | Sports Nutrition",Fi Europe 2026 - 17-19 November 2026 - Visit us at stand 30G8,"Kemptener Straße 17-24, 87493, Lauben, Germany",info@alpavit.de,+49 8374 920,https://www.alpavit.de/,Germany,"Additives incl. Flavourings & Colours | Carbohydrates, Sugars | Dairy Ingredients | Fruit, Seeds, Nuts & Peanuts, Vegetables | Ingredient Mixtures, Synbiotics | Proteins, Enzymes, Amino Acids | Vitamins, Minerals",Finished Food Categories | Dairy | Infant & Baby food | Specialised Finished Products | Dietary supplements,Dosage Formats | Powders | Physical Formats | Ground,Children's Health | Digestive Health | Sports Nutrition,None listed,Halal | Health & Safety | Kosher | Organic | Quality Assurance | Vegetarian,https://www.ingredientsnetwork.com/alpavit-gmbh-co-kg-comp248701.html
249264,Stern-Wywiol Gruppe GmbH & Co.KG,"United under the Stern-Wywiol Gruppe umbrella, twelve German specialist companies develop and produce custom functional systems. One of our key advantages is the state-of-the art application expertise of our Stern-Technology Center, with its wide range of pilot equipment for bread, pastry and pasta, dairy, deli, meat and confectionary products. From hundreds of raw materials, we systematically identify synergies between ingredients to develop high-performance functional systems and individual solutions. With over 150 developers worldwide and own affiliates in 16 countries, we export to over 130 countries.",Africa; Asia; Australia; Central/South America; Eastern Europe; Middle East; North America; Western Europe,Manufacturer: Ingredients / Additives,"Additives incl. Flavourings & Colours: Emulsifiers, Stabilisers, Thickeners, Other Additives | Ingredient Mixtures, Synbiotics | Proteins, Enzymes, Amino Acids | Finished Food Categories: Cereal and grain products, Confectionery, Dairy, Meat, Poultry & Fish, Plant-based foods | Specialised Finished Products: Dietary supplements, Functional beverages, Functional food | Contract manufacturing | Encapsulating | Packaging",Fi Europe 2026 - 17-19 November 2026 - Visit us at stand 31K56,"An der Alster 81, 20099, Hamburg, Germany",hbielenberg@stern-wywiol-group.de,+49 402840390,https://www.stern-wywiol-gruppe.de,Germany,"Additives incl. Flavourings & Colours | Ingredient Mixtures, Synbiotics | Proteins, Enzymes, Amino Acids","Finished Food Categories | Cereal and grain products | Confectionery | Dairy | Meat, Poultry & Fish | Plant-based foods | Specialised Finished Products | Dietary supplements | Functional beverages | Functional food",None listed,None listed,Contract manufacturing | Encapsulating | Packaging,None listed,https://www.ingredientsnetwork.com/stern-wywiol-gruppe-gmbh-co-kg-comp249264.html
307424,Dcc Health & Beauty Solutions,"HBI Health & Beauty Innovations manufactures and supplies nutritional, cosmetic, health and pharmaceutical products to world-leading health and beauty companies. With over 3,000 customers and more than 2,600 experts working across eight facilities, HBI Health & Beauty Innovations is customer-focused with a true partnership approach. Our goal is to create products specifically developed to suit your requirements. HBI Health & Beauty Innovations values partnership, excellence, integrity and safety, and works in close and confidential partnership with all brands and suppliers. We build strong lasting relationships which transform great ideas into ground-breaking products. What Does HBI Health & Beauty Innovations Do? Working with many global market-leading brands and businesses, HBI Health & Beauty Innovations has likely manufactured or packaged products you see every day in the pharmacy or your own bathroom cabinet. Our expert team believes in more than simply making a product, HBI Health & Beauty Innovations is invested in our clients’ success and focus on stability, claims, presentation and product reach. HBI Health and Beauty supports and guides nutrition and beauty brands, specialist retailers, direct sales companies and consumer healthcare companies. Growing Through Acquisition What makes HBI Health & Beauty Innovations unique is that our business is continually growing organically with investments in the existing business and through strategic acquisitions. HBI Health & Beauty Innovations is always looking for ways to grow our business, whether that’s working with new clients or expanding our manufacturing capabilities in new locations and adjacent sectors.",Africa; Asia; Australia; Central/South America; Eastern Europe; Middle East; North America; Western Europe,Contract Manufacturer,"Additives incl. Flavourings & Colours | Algae, Botanicals, Carotenoids, Flavonoids | Dietary Fibres, Prebiotics | Fungi & Yeasts, Microorganisms & Probiotics, Mushrooms | Proteins, Enzymes, Amino Acids | Finished Food Categories: Plant-based foods | Specialised Finished Products: Biotic products, Dietary supplements | Analysis/ Testing | Contract manufacturing | Encapsulating | Labelling | Packaging | Dosage Formats: Capsules, Gummies",Vitafoods Europe 2026 - 05 - 07 May 2026 - We were at stand 3G138 | Vitafoods Europe 2025 - 20 - 22 May 2025 - We were at stand 3J74,"9-11 Hardwick Road, Astmoor Industrial Estate, WA7 1PH, Runcorn, Cheshire, United Kingdom",enquires@hbidcc.com,+44(0)1928 573734,https://www.hbidcc.com,United Kingdom,"Additives incl. Flavourings & Colours | Algae, Botanicals, Carotenoids, Flavonoids | Dietary Fibres, Prebiotics | Fungi & Yeasts, Microorganisms & Probiotics, Mushrooms | Proteins, Enzymes, Amino Acids",Finished Food Categories | Plant-based foods | Specialised Finished Products | Biotic products | Dietary supplements,Dosage Formats | Capsules | Gummies,None listed,Analysis/ Testing | Contract manufacturing | Encapsulating | Labelling | Packaging,None listed,https://www.ingredientsnetwork.com/dcc-health-beauty-solutions-comp307424.html
248832,"Macco Organiques, s.r.o.","Macco Organiques is a premier producer based in the Czech Republic with over 40 years experiences in the manufacturing of inorganic mineral salts. New product´s portfolio covers group of organic mineral salts. We specialize in providing high-quality mineral salts for variety of applications including infant formulas, nutritional supplements, mineralized and bottled water, veterinary applications, pet food and animal nutrition, mineral salts for seawater for aquariums, IV and dialysis solutions, pharmaceuticals and biotechnology. Our mineral salts are produced under GMP Q7 conditions and are certified with ISO 9001, FSSC 22000, Halal and Kosher ensuring that our products meet the stringent requirements of our clients. Company holds CoS (CEP) and DMF registrations. In addition to our core products, we offer additional services such as grinding, milling, repacking, mixing, and customized solutions tailored to meet specific customer requirements. Partner with Macco Organiques means partner with high-quality mineral salts.",Africa; Asia; Australia; Central/South America; Eastern Europe; Middle East; North America; Western Europe,Manufacturer: Ingredients / Additives,"Additives incl. Flavourings & Colours | Vitamins, Minerals | Finished Food Categories: Infant & Baby food | Specialised Finished Products: Dietary supplements | Immune Support",Fi Europe 2026 - 17-19 November 2026 - Visit us at stand 30H32 | Vitafoods Europe 2027 - 18-20 May 2027 - Visit us at stand 4G26 | Vitafoods Europe 2026 - 05 - 07 May 2026 - We were at stand 3G146 | Vitafoods Europe 2025 - 20 - 22 May 2025 - We were at stand 4J77,"Zahradni 46c, 792 01, Bruntal, Czech Republic",petra.flekacova@macco.cz,+420 555 530 397,https://www.macco.cz,Czech Republic,"Additives incl. Flavourings & Colours | Vitamins, Minerals",Finished Food Categories | Infant & Baby food | Specialised Finished Products | Dietary supplements,None listed,Immune Support,None listed,Health & Safety | Organic | Quality Assurance,https://www.ingredientsnetwork.com/macco-organiques-s-r-o-comp248832.html
